case_id,program,config,activity,timestamp,seq,duration_ms,changed,ops_before,depth_before,gates_1q_before,gates_2q_before,gate_types_before,qubits_before,clbits_before,ops_after,depth_after,gates_1q_after,gates_2q_after,gate_types_after,qubits_after,clbits_after,d_ops,d_depth,d_gates_1q,d_gates_2q,mem_peak_kb
ghz_L0_none,ghz,level0_none,ContainsInstruction,2026-08-29T17:11:16.079128,0,0.0176,False,4,4,1,3,2,4,0,4,4,1,3,2,4,0,0,0,0,0,101.16
ghz_L0_none,ghz,level0_none,UnitarySynthesis,2026-08-29T17:11:16.079236,1,0.011,False,4,4,1,3,2,4,0,4,4,1,3,2,4,0,0,0,0,0,-1
ghz_L0_none,ghz,level0_none,HighLevelSynthesis,2026-08-29T17:11:16.079287,2,0.0105,False,4,4,1,3,2,4,0,4,4,1,3,2,4,0,0,0,0,0,-1
ghz_L0_none,ghz,level0_none,BasisTranslator,2026-08-29T17:11:16.080423,3,1.009,False,4,4,1,3,2,4,0,4,4,1,3,2,4,0,0,0,0,0,-1
ghz_L0_none,ghz,level0_none,ContainsInstruction,2026-08-29T17:11:16.080600,4,0.0217,False,4,4,1,3,2,4,0,4,4,1,3,2,4,0,0,0,0,0,-1
ghz_L0_linear,ghz,level0_linear,ContainsInstruction,2026-08-29T17:11:16.088638,0,0.0153,False,4,4,1,3,2,4,0,4,4,1,3,2,4,0,0,0,0,0,99.2
ghz_L0_linear,ghz,level0_linear,UnitarySynthesis,2026-08-29T17:11:16.088712,1,0.0093,False,4,4,1,3,2,4,0,4,4,1,3,2,4,0,0,0,0,0,-1
ghz_L0_linear,ghz,level0_linear,HighLevelSynthesis,2026-08-29T17:11:16.088752,2,0.0074,False,4,4,1,3,2,4,0,4,4,1,3,2,4,0,0,0,0,0,-1
ghz_L0_linear,ghz,level0_linear,BasisTranslator,2026-08-29T17:11:16.088805,3,0.0238,False,4,4,1,3,2,4,0,4,4,1,3,2,4,0,0,0,0,0,-1
ghz_L0_linear,ghz,level0_linear,SetLayout,2026-08-29T17:11:16.088839,4,0.0067,False,4,4,1,3,2,4,0,4,4,1,3,2,4,0,0,0,0,0,-1
ghz_L0_linear,ghz,level0_linear,TrivialLayout,2026-08-29T17:11:16.088938,5,0.0677,False,4,4,1,3,2,4,0,4,4,1,3,2,4,0,0,0,0,0,-1
ghz_L0_linear,ghz,level0_linear,FullAncillaAllocation,2026-08-29T17:11:16.088990,6,0.0246,False,4,4,1,3,2,4,0,4,4,1,3,2,4,0,0,0,0,0,-1
ghz_L0_linear,ghz,level0_linear,EnlargeWithAncilla,2026-08-29T17:11:16.089051,7,0.0353,False,4,4,1,3,2,4,0,4,4,1,3,2,4,0,0,0,0,0,-1
ghz_L0_linear,ghz,level0_linear,ApplyLayout,2026-08-29T17:11:16.089558,8,0.4728,False,4,4,1,3,2,4,0,4,4,1,3,2,4,0,0,0,0,0,-1
ghz_L0_linear,ghz,level0_linear,CheckMap,2026-08-29T17:11:16.089610,9,0.015,False,4,4,1,3,2,4,0,4,4,1,3,2,4,0,0,0,0,0,-1
ghz_L0_linear,ghz,level0_linear,FilterOpNodes,2026-08-29T17:11:16.089654,10,0.0153,False,4,4,1,3,2,4,0,4,4,1,3,2,4,0,0,0,0,0,-1
ghz_L0_linear,ghz,level0_linear,UnitarySynthesis,2026-08-29T17:11:16.089691,11,0.0055,False,4,4,1,3,2,4,0,4,4,1,3,2,4,0,0,0,0,0,-1
ghz_L0_linear,ghz,level0_linear,HighLevelSynthesis,2026-08-29T17:11:16.089724,12,0.0064,False,4,4,1,3,2,4,0,4,4,1,3,2,4,0,0,0,0,0,-1
ghz_L0_linear,ghz,level0_linear,BasisTranslator,2026-08-29T17:11:16.089891,13,0.1364,False,4,4,1,3,2,4,0,4,4,1,3,2,4,0,0,0,0,0,-1
ghz_L0_linear,ghz,level0_linear,CheckGateDirection,2026-08-29T17:11:16.090028,14,0.0877,False,4,4,1,3,2,4,0,4,4,1,3,2,4,0,0,0,0,0,-1
ghz_L0_linear,ghz,level0_linear,ContainsInstruction,2026-08-29T17:11:16.090066,15,0.0072,False,4,4,1,3,2,4,0,4,4,1,3,2,4,0,0,0,0,0,-1
ghz_L0_ring,ghz,level0_ring,ContainsInstruction,2026-08-29T17:11:16.093806,0,0.0122,False,4,4,1,3,2,4,0,4,4,1,3,2,4,0,0,0,0,0,30.29
ghz_L0_ring,ghz,level0_ring,UnitarySynthesis,2026-08-29T17:11:16.093873,1,0.0074,False,4,4,1,3,2,4,0,4,4,1,3,2,4,0,0,0,0,0,-1
ghz_L0_ring,ghz,level0_ring,HighLevelSynthesis,2026-08-29T17:11:16.093909,2,0.006,False,4,4,1,3,2,4,0,4,4,1,3,2,4,0,0,0,0,0,-1
ghz_L0_ring,ghz,level0_ring,BasisTranslator,2026-08-29T17:11:16.093955,3,0.02,False,4,4,1,3,2,4,0,4,4,1,3,2,4,0,0,0,0,0,-1
ghz_L0_ring,ghz,level0_ring,SetLayout,2026-08-29T17:11:16.093988,4,0.005,False,4,4,1,3,2,4,0,4,4,1,3,2,4,0,0,0,0,0,-1
ghz_L0_ring,ghz,level0_ring,TrivialLayout,2026-08-29T17:11:16.094080,5,0.0639,False,4,4,1,3,2,4,0,4,4,1,3,2,4,0,0,0,0,0,-1
ghz_L0_ring,ghz,level0_ring,FullAncillaAllocation,2026-08-29T17:11:16.094123,6,0.0155,False,4,4,1,3,2,4,0,4,4,1,3,2,4,0,0,0,0,0,-1
ghz_L0_ring,ghz,level0_ring,EnlargeWithAncilla,2026-08-29T17:11:16.094161,7,0.0107,False,4,4,1,3,2,4,0,4,4,1,3,2,4,0,0,0,0,0,-1
ghz_L0_ring,ghz,level0_ring,ApplyLayout,2026-08-29T17:11:16.094260,8,0.0699,False,4,4,1,3,2,4,0,4,4,1,3,2,4,0,0,0,0,0,-1
ghz_L0_ring,ghz,level0_ring,CheckMap,2026-08-29T17:11:16.094302,9,0.0126,False,4,4,1,3,2,4,0,4,4,1,3,2,4,0,0,0,0,0,-1
ghz_L0_ring,ghz,level0_ring,FilterOpNodes,2026-08-29T17:11:16.094342,10,0.0119,False,4,4,1,3,2,4,0,4,4,1,3,2,4,0,0,0,0,0,-1
ghz_L0_ring,ghz,level0_ring,UnitarySynthesis,2026-08-29T17:11:16.094402,11,0.005,False,4,4,1,3,2,4,0,4,4,1,3,2,4,0,0,0,0,0,-1
ghz_L0_ring,ghz,level0_ring,HighLevelSynthesis,2026-08-29T17:11:16.094437,12,0.0062,False,4,4,1,3,2,4,0,4,4,1,3,2,4,0,0,0,0,0,-1
ghz_L0_ring,ghz,level0_ring,BasisTranslator,2026-08-29T17:11:16.094600,13,0.1338,False,4,4,1,3,2,4,0,4,4,1,3,2,4,0,0,0,0,0,-1
ghz_L0_ring,ghz,level0_ring,CheckGateDirection,2026-08-29T17:11:16.094638,14,0.0083,False,4,4,1,3,2,4,0,4,4,1,3,2,4,0,0,0,0,0,-1
ghz_L0_ring,ghz,level0_ring,ContainsInstruction,2026-08-29T17:11:16.094672,15,0.0067,False,4,4,1,3,2,4,0,4,4,1,3,2,4,0,0,0,0,0,-1
ghz_L1_none,ghz,level1_none,ContainsInstruction,2026-08-29T17:11:16.099338,0,0.0172,False,4,4,1,3,2,4,0,4,4,1,3,2,4,0,0,0,0,0,159.18
ghz_L1_none,ghz,level1_none,InverseCancellation,2026-08-29T17:11:16.099428,1,0.0169,False,4,4,1,3,2,4,0,4,4,1,3,2,4,0,0,0,0,0,-1
ghz_L1_none,ghz,level1_none,ContractIdleWiresInControlFlow,2026-08-29T17:11:16.099471,2,0.0067,False,4,4,1,3,2,4,0,4,4,1,3,2,4,0,0,0,0,0,-1
ghz_L1_none,ghz,level1_none,UnitarySynthesis,2026-08-29T17:11:16.099507,3,0.0083,False,4,4,1,3,2,4,0,4,4,1,3,2,4,0,0,0,0,0,-1
ghz_L1_none,ghz,level1_none,HighLevelSynthesis,2026-08-29T17:11:16.099545,4,0.0107,False,4,4,1,3,2,4,0,4,4,1,3,2,4,0,0,0,0,0,-1
ghz_L1_none,ghz,level1_none,BasisTranslator,2026-08-29T17:11:16.099720,5,0.1454,False,4,4,1,3,2,4,0,4,4,1,3,2,4,0,0,0,0,0,-1
ghz_L1_none,ghz,level1_none,Size,2026-08-29T17:11:16.099757,6,0.0064,False,4,4,1,3,2,4,0,4,4,1,3,2,4,0,0,0,0,0,-1
ghz_L1_none,ghz,level1_none,Depth,2026-08-29T17:11:16.099785,7,0.005,False,4,4,1,3,2,4,0,4,4,1,3,2,4,0,0,0,0,0,-1
ghz_L1_none,ghz,level1_none,FixedPoint,2026-08-29T17:11:16.099824,8,0.0155,False,4,4,1,3,2,4,0,4,4,1,3,2,4,0,0,0,0,0,-1
ghz_L1_none,ghz,level1_none,FixedPoint,2026-08-29T17:11:16.099857,9,0.0052,False,4,4,1,3,2,4,0,4,4,1,3,2,4,0,0,0,0,0,-1
ghz_L1_none,ghz,level1_none,Optimize1qGatesDecomposition,2026-08-29T17:11:16.101472,10,1.5223,False,4,4,1,3,2,4,0,4,4,1,3,2,4,0,0,0,0,0,-1
ghz_L1_none,ghz,level1_none,InverseCancellation,2026-08-29T17:11:16.101571,11,0.0162,False,4,4,1,3,2,4,0,4,4,1,3,2,4,0,0,0,0,0,-1
ghz_L1_none,ghz,level1_none,ContractIdleWiresInControlFlow,2026-08-29T17:11:16.101606,12,0.0052,False,4,4,1,3,2,4,0,4,4,1,3,2,4,0,0,0,0,0,-1
ghz_L1_none,ghz,level1_none,GatesInBasis,2026-08-29T17:11:16.101645,13,0.0091,False,4,4,1,3,2,4,0,4,4,1,3,2,4,0,0,0,0,0,-1
ghz_L1_none,ghz,level1_none,Size,2026-08-29T17:11:16.101692,14,0.0072,False,4,4,1,3,2,4,0,4,4,1,3,2,4,0,0,0,0,0,-1
ghz_L1_none,ghz,level1_none,Depth,2026-08-29T17:11:16.101721,15,0.0052,False,4,4,1,3,2,4,0,4,4,1,3,2,4,0,0,0,0,0,-1
ghz_L1_none,ghz,level1_none,FixedPoint,2026-08-29T17:11:16.101757,16,0.0126,False,4,4,1,3,2,4,0,4,4,1,3,2,4,0,0,0,0,0,-1
ghz_L1_none,ghz,level1_none,FixedPoint,2026-08-29T17:11:16.101787,17,0.005,False,4,4,1,3,2,4,0,4,4,1,3,2,4,0,0,0,0,0,-1
ghz_L1_none,ghz,level1_none,ContainsInstruction,2026-08-29T17:11:16.101827,18,0.0083,False,4,4,1,3,2,4,0,4,4,1,3,2,4,0,0,0,0,0,-1
ghz_L1_linear,ghz,level1_linear,ContainsInstruction,2026-08-29T17:11:16.107555,0,0.0122,False,4,4,1,3,2,4,0,4,4,1,3,2,4,0,0,0,0,0,52.19
ghz_L1_linear,ghz,level1_linear,UnitarySynthesis,2026-08-29T17:11:16.107621,1,0.0079,False,4,4,1,3,2,4,0,4,4,1,3,2,4,0,0,0,0,0,-1
ghz_L1_linear,ghz,level1_linear,HighLevelSynthesis,2026-08-29T17:11:16.107660,2,0.0067,False,4,4,1,3,2,4,0,4,4,1,3,2,4,0,0,0,0,0,-1
ghz_L1_linear,ghz,level1_linear,BasisTranslator,2026-08-29T17:11:16.107711,3,0.0229,False,4,4,1,3,2,4,0,4,4,1,3,2,4,0,0,0,0,0,-1
ghz_L1_linear,ghz,level1_linear,InverseCancellation,2026-08-29T17:11:16.107749,4,0.0126,False,4,4,1,3,2,4,0,4,4,1,3,2,4,0,0,0,0,0,-1
ghz_L1_linear,ghz,level1_linear,ContractIdleWiresInControlFlow,2026-08-29T17:11:16.107781,5,0.0048,False,4,4,1,3,2,4,0,4,4,1,3,2,4,0,0,0,0,0,-1
ghz_L1_linear,ghz,level1_linear,SetLayout,2026-08-29T17:11:16.107813,6,0.0052,False,4,4,1,3,2,4,0,4,4,1,3,2,4,0,0,0,0,0,-1
ghz_L1_linear,ghz,level1_linear,TrivialLayout,2026-08-29T17:11:16.107899,7,0.0575,False,4,4,1,3,2,4,0,4,4,1,3,2,4,0,0,0,0,0,-1
ghz_L1_linear,ghz,level1_linear,CheckMap,2026-08-29T17:11:16.107939,8,0.0138,False,4,4,1,3,2,4,0,4,4,1,3,2,4,0,0,0,0,0,-1
ghz_L1_linear,ghz,level1_linear,FullAncillaAllocation,2026-08-29T17:11:16.108033,9,0.0255,False,4,4,1,3,2,4,0,4,4,1,3,2,4,0,0,0,0,0,-1
ghz_L1_linear,ghz,level1_linear,EnlargeWithAncilla,2026-08-29T17:11:16.108073,10,0.0107,False,4,4,1,3,2,4,0,4,4,1,3,2,4,0,0,0,0,0,-1
ghz_L1_linear,ghz,level1_linear,ApplyLayout,2026-08-29T17:11:16.108185,11,0.0756,False,4,4,1,3,2,4,0,4,4,1,3,2,4,0,0,0,0,0,-1
ghz_L1_linear,ghz,level1_linear,CheckMap,2026-08-29T17:11:16.108224,12,0.0081,False,4,4,1,3,2,4,0,4,4,1,3,2,4,0,0,0,0,0,-1
ghz_L1_linear,ghz,level1_linear,FilterOpNodes,2026-08-29T17:11:16.108269,13,0.0119,False,4,4,1,3,2,4,0,4,4,1,3,2,4,0,0,0,0,0,-1
ghz_L1_linear,ghz,level1_linear,UnitarySynthesis,2026-08-29T17:11:16.108302,14,0.0057,False,4,4,1,3,2,4,0,4,4,1,3,2,4,0,0,0,0,0,-1
ghz_L1_linear,ghz,level1_linear,HighLevelSynthesis,2026-08-29T17:11:16.108333,15,0.0064,False,4,4,1,3,2,4,0,4,4,1,3,2,4,0,0,0,0,0,-1
ghz_L1_linear,ghz,level1_linear,BasisTranslator,2026-08-29T17:11:16.108488,16,0.128,False,4,4,1,3,2,4,0,4,4,1,3,2,4,0,0,0,0,0,-1
ghz_L1_linear,ghz,level1_linear,CheckGateDirection,2026-08-29T17:11:16.108526,17,0.0086,False,4,4,1,3,2,4,0,4,4,1,3,2,4,0,0,0,0,0,-1
ghz_L1_linear,ghz,level1_linear,Size,2026-08-29T17:11:16.108558,18,0.0055,False,4,4,1,3,2,4,0,4,4,1,3,2,4,0,0,0,0,0,-1
ghz_L1_linear,ghz,level1_linear,Depth,2026-08-29T17:11:16.108584,19,0.005,False,4,4,1,3,2,4,0,4,4,1,3,2,4,0,0,0,0,0,-1
ghz_L1_linear,ghz,level1_linear,FixedPoint,2026-08-29T17:11:16.108621,20,0.0103,False,4,4,1,3,2,4,0,4,4,1,3,2,4,0,0,0,0,0,-1
ghz_L1_linear,ghz,level1_linear,FixedPoint,2026-08-29T17:11:16.108649,21,0.0045,False,4,4,1,3,2,4,0,4,4,1,3,2,4,0,0,0,0,0,-1
ghz_L1_linear,ghz,level1_linear,Optimize1qGatesDecomposition,2026-08-29T17:11:16.108709,22,0.0279,False,4,4,1,3,2,4,0,4,4,1,3,2,4,0,0,0,0,0,-1
ghz_L1_linear,ghz,level1_linear,InverseCancellation,2026-08-29T17:11:16.108774,23,0.0086,False,4,4,1,3,2,4,0,4,4,1,3,2,4,0,0,0,0,0,-1
ghz_L1_linear,ghz,level1_linear,ContractIdleWiresInControlFlow,2026-08-29T17:11:16.108808,24,0.0041,False,4,4,1,3,2,4,0,4,4,1,3,2,4,0,0,0,0,0,-1
ghz_L1_linear,ghz,level1_linear,GatesInBasis,2026-08-29T17:11:16.108840,25,0.006,False,4,4,1,3,2,4,0,4,4,1,3,2,4,0,0,0,0,0,-1
ghz_L1_linear,ghz,level1_linear,Size,2026-08-29T17:11:16.108869,26,0.0038,False,4,4,1,3,2,4,0,4,4,1,3,2,4,0,0,0,0,0,-1
ghz_L1_linear,ghz,level1_linear,Depth,2026-08-29T17:11:16.108897,27,0.0036,False,4,4,1,3,2,4,0,4,4,1,3,2,4,0,0,0,0,0,-1
ghz_L1_linear,ghz,level1_linear,FixedPoint,2026-08-29T17:11:16.108925,28,0.006,False,4,4,1,3,2,4,0,4,4,1,3,2,4,0,0,0,0,0,-1
ghz_L1_linear,ghz,level1_linear,FixedPoint,2026-08-29T17:11:16.108950,29,0.005,False,4,4,1,3,2,4,0,4,4,1,3,2,4,0,0,0,0,0,-1
ghz_L1_linear,ghz,level1_linear,ContainsInstruction,2026-08-29T17:11:16.108980,30,0.0057,False,4,4,1,3,2,4,0,4,4,1,3,2,4,0,0,0,0,0,-1
ghz_L1_ring,ghz,level1_ring,ContainsInstruction,2026-08-29T17:11:16.114034,0,0.0138,False,4,4,1,3,2,4,0,4,4,1,3,2,4,0,0,0,0,0,49.41
ghz_L1_ring,ghz,level1_ring,UnitarySynthesis,2026-08-29T17:11:16.114102,1,0.0074,False,4,4,1,3,2,4,0,4,4,1,3,2,4,0,0,0,0,0,-1
ghz_L1_ring,ghz,level1_ring,HighLevelSynthesis,2026-08-29T17:11:16.114142,2,0.0076,False,4,4,1,3,2,4,0,4,4,1,3,2,4,0,0,0,0,0,-1
ghz_L1_ring,ghz,level1_ring,BasisTranslator,2026-08-29T17:11:16.114192,3,0.0224,False,4,4,1,3,2,4,0,4,4,1,3,2,4,0,0,0,0,0,-1
ghz_L1_ring,ghz,level1_ring,InverseCancellation,2026-08-29T17:11:16.114233,4,0.0134,False,4,4,1,3,2,4,0,4,4,1,3,2,4,0,0,0,0,0,-1
ghz_L1_ring,ghz,level1_ring,ContractIdleWiresInControlFlow,2026-08-29T17:11:16.114264,5,0.0048,False,4,4,1,3,2,4,0,4,4,1,3,2,4,0,0,0,0,0,-1
ghz_L1_ring,ghz,level1_ring,SetLayout,2026-08-29T17:11:16.114296,6,0.0055,False,4,4,1,3,2,4,0,4,4,1,3,2,4,0,0,0,0,0,-1
ghz_L1_ring,ghz,level1_ring,TrivialLayout,2026-08-29T17:11:16.114385,7,0.0598,False,4,4,1,3,2,4,0,4,4,1,3,2,4,0,0,0,0,0,-1
ghz_L1_ring,ghz,level1_ring,CheckMap,2026-08-29T17:11:16.114425,8,0.0138,False,4,4,1,3,2,4,0,4,4,1,3,2,4,0,0,0,0,0,-1
ghz_L1_ring,ghz,level1_ring,FullAncillaAllocation,2026-08-29T17:11:16.114481,9,0.0188,False,4,4,1,3,2,4,0,4,4,1,3,2,4,0,0,0,0,0,-1
ghz_L1_ring,ghz,level1_ring,EnlargeWithAncilla,2026-08-29T17:11:16.114526,10,0.01,False,4,4,1,3,2,4,0,4,4,1,3,2,4,0,0,0,0,0,-1
ghz_L1_ring,ghz,level1_ring,ApplyLayout,2026-08-29T17:11:16.114626,11,0.0694,False,4,4,1,3,2,4,0,4,4,1,3,2,4,0,0,0,0,0,-1
ghz_L1_ring,ghz,level1_ring,CheckMap,2026-08-29T17:11:16.114669,12,0.0083,False,4,4,1,3,2,4,0,4,4,1,3,2,4,0,0,0,0,0,-1
ghz_L1_ring,ghz,level1_ring,FilterOpNodes,2026-08-29T17:11:16.114713,13,0.0107,False,4,4,1,3,2,4,0,4,4,1,3,2,4,0,0,0,0,0,-1
ghz_L1_ring,ghz,level1_ring,UnitarySynthesis,2026-08-29T17:11:16.114745,14,0.0045,False,4,4,1,3,2,4,0,4,4,1,3,2,4,0,0,0,0,0,-1
ghz_L1_ring,ghz,level1_ring,HighLevelSynthesis,2026-08-29T17:11:16.114779,15,0.0055,False,4,4,1,3,2,4,0,4,4,1,3,2,4,0,0,0,0,0,-1
ghz_L1_ring,ghz,level1_ring,BasisTranslator,2026-08-29T17:11:16.114940,16,0.1321,False,4,4,1,3,2,4,0,4,4,1,3,2,4,0,0,0,0,0,-1
ghz_L1_ring,ghz,level1_ring,CheckGateDirection,2026-08-29T17:11:16.114979,17,0.0086,False,4,4,1,3,2,4,0,4,4,1,3,2,4,0,0,0,0,0,-1
ghz_L1_ring,ghz,level1_ring,Size,2026-08-29T17:11:16.115027,18,0.0057,False,4,4,1,3,2,4,0,4,4,1,3,2,4,0,0,0,0,0,-1
ghz_L1_ring,ghz,level1_ring,Depth,2026-08-29T17:11:16.115054,19,0.0041,False,4,4,1,3,2,4,0,4,4,1,3,2,4,0,0,0,0,0,-1
ghz_L1_ring,ghz,level1_ring,FixedPoint,2026-08-29T17:11:16.115088,20,0.0105,False,4,4,1,3,2,4,0,4,4,1,3,2,4,0,0,0,0,0,-1
ghz_L1_ring,ghz,level1_ring,FixedPoint,2026-08-29T17:11:16.115119,21,0.006,False,4,4,1,3,2,4,0,4,4,1,3,2,4,0,0,0,0,0,-1
ghz_L1_ring,ghz,level1_ring,Optimize1qGatesDecomposition,2026-08-29T17:11:16.115190,22,0.0381,False,4,4,1,3,2,4,0,4,4,1,3,2,4,0,0,0,0,0,-1
ghz_L1_ring,ghz,level1_ring,InverseCancellation,2026-08-29T17:11:16.115228,23,0.0076,False,4,4,1,3,2,4,0,4,4,1,3,2,4,0,0,0,0,0,-1
ghz_L1_ring,ghz,level1_ring,ContractIdleWiresInControlFlow,2026-08-29T17:11:16.115262,24,0.0041,False,4,4,1,3,2,4,0,4,4,1,3,2,4,0,0,0,0,0,-1
ghz_L1_ring,ghz,level1_ring,GatesInBasis,2026-08-29T17:11:16.115293,25,0.006,False,4,4,1,3,2,4,0,4,4,1,3,2,4,0,0,0,0,0,-1
ghz_L1_ring,ghz,level1_ring,Size,2026-08-29T17:11:16.115322,26,0.0033,False,4,4,1,3,2,4,0,4,4,1,3,2,4,0,0,0,0,0,-1
ghz_L1_ring,ghz,level1_ring,Depth,2026-08-29T17:11:16.115347,27,0.0033,False,4,4,1,3,2,4,0,4,4,1,3,2,4,0,0,0,0,0,-1
ghz_L1_ring,ghz,level1_ring,FixedPoint,2026-08-29T17:11:16.115378,28,0.0057,False,4,4,1,3,2,4,0,4,4,1,3,2,4,0,0,0,0,0,-1
ghz_L1_ring,ghz,level1_ring,FixedPoint,2026-08-29T17:11:16.115404,29,0.0048,False,4,4,1,3,2,4,0,4,4,1,3,2,4,0,0,0,0,0,-1
ghz_L1_ring,ghz,level1_ring,ContainsInstruction,2026-08-29T17:11:16.115435,30,0.0057,False,4,4,1,3,2,4,0,4,4,1,3,2,4,0,0,0,0,0,-1
ghz_L2_none,ghz,level2_none,ContainsInstruction,2026-08-29T17:11:16.123355,0,0.0148,False,4,4,1,3,2,4,0,4,4,1,3,2,4,0,0,0,0,0,103.98
ghz_L2_none,ghz,level2_none,UnitarySynthesis,2026-08-29T17:11:16.123439,1,0.0091,False,4,4,1,3,2,4,0,4,4,1,3,2,4,0,0,0,0,0,-1
ghz_L2_none,ghz,level2_none,HighLevelSynthesis,2026-08-29T17:11:16.123478,2,0.0081,False,4,4,1,3,2,4,0,4,4,1,3,2,4,0,0,0,0,0,-1
ghz_L2_none,ghz,level2_none,BasisTranslator,2026-08-29T17:11:16.123529,3,0.0215,False,4,4,1,3,2,4,0,4,4,1,3,2,4,0,0,0,0,0,-1
ghz_L2_none,ghz,level2_none,ElidePermutations,2026-08-29T17:11:16.123568,4,0.0129,False,4,4,1,3,2,4,0,4,4,1,3,2,4,0,0,0,0,0,-1
ghz_L2_none,ghz,level2_none,RemoveDiagonalGatesBeforeMeasure,2026-08-29T17:11:16.123603,5,0.0079,False,4,4,1,3,2,4,0,4,4,1,3,2,4,0,0,0,0,0,-1
ghz_L2_none,ghz,level2_none,RemoveIdentityEquivalent,2026-08-29T17:11:16.123839,6,0.1647,False,4,4,1,3,2,4,0,4,4,1,3,2,4,0,0,0,0,0,-1
ghz_L2_none,ghz,level2_none,InverseCancellation,2026-08-29T17:11:16.123967,7,0.0269,False,4,4,1,3,2,4,0,4,4,1,3,2,4,0,0,0,0,0,-1
ghz_L2_none,ghz,level2_none,ContractIdleWiresInControlFlow,2026-08-29T17:11:16.124077,8,0.0105,False,4,4,1,3,2,4,0,4,4,1,3,2,4,0,0,0,0,0,-1
ghz_L2_none,ghz,level2_none,CommutativeCancellation,2026-08-29T17:11:16.124539,9,0.3741,False,4,4,1,3,2,4,0,4,4,1,3,2,4,0,0,0,0,0,-1
ghz_L2_none,ghz,level2_none,ConsolidateBlocks,2026-08-29T17:11:16.125047,10,0.4346,False,4,4,1,3,2,4,0,4,4,1,3,2,4,0,0,0,0,0,-1
ghz_L2_none,ghz,level2_none,Split2QUnitaries,2026-08-29T17:11:16.125094,11,0.0072,False,4,4,1,3,2,4,0,4,4,1,3,2,4,0,0,0,0,0,-1
ghz_L2_none,ghz,level2_none,UnitarySynthesis,2026-08-29T17:11:16.125129,12,0.0072,False,4,4,1,3,2,4,0,4,4,1,3,2,4,0,0,0,0,0,-1
ghz_L2_none,ghz,level2_none,HighLevelSynthesis,2026-08-29T17:11:16.125163,13,0.0079,False,4,4,1,3,2,4,0,4,4,1,3,2,4,0,0,0,0,0,-1
ghz_L2_none,ghz,level2_none,BasisTranslator,2026-08-29T17:11:16.125322,14,0.1276,False,4,4,1,3,2,4,0,4,4,1,3,2,4,0,0,0,0,0,-1
ghz_L2_none,ghz,level2_none,TwoQubitPeepholeOptimization,2026-08-29T17:11:16.125807,15,0.4411,False,4,4,1,3,2,4,0,4,4,1,3,2,4,0,0,0,0,0,-1
ghz_L2_none,ghz,level2_none,Size,2026-08-29T17:11:16.125868,16,0.0079,False,4,4,1,3,2,4,0,4,4,1,3,2,4,0,0,0,0,0,-1
ghz_L2_none,ghz,level2_none,Depth,2026-08-29T17:11:16.125904,17,0.0117,False,4,4,1,3,2,4,0,4,4,1,3,2,4,0,0,0,0,0,-1
ghz_L2_none,ghz,level2_none,FixedPoint,2026-08-29T17:11:16.125943,18,0.0153,False,4,4,1,3,2,4,0,4,4,1,3,2,4,0,0,0,0,0,-1
ghz_L2_none,ghz,level2_none,FixedPoint,2026-08-29T17:11:16.125972,19,0.005,False,4,4,1,3,2,4,0,4,4,1,3,2,4,0,0,0,0,0,-1
ghz_L2_none,ghz,level2_none,RemoveIdentityEquivalent,2026-08-29T17:11:16.126031,20,0.0083,False,4,4,1,3,2,4,0,4,4,1,3,2,4,0,0,0,0,0,-1
ghz_L2_none,ghz,level2_none,Optimize1qGatesDecomposition,2026-08-29T17:11:16.126090,21,0.0241,False,4,4,1,3,2,4,0,4,4,1,3,2,4,0,0,0,0,0,-1
ghz_L2_none,ghz,level2_none,CommutativeCancellation,2026-08-29T17:11:16.126168,22,0.0484,False,4,4,1,3,2,4,0,4,4,1,3,2,4,0,0,0,0,0,-1
ghz_L2_none,ghz,level2_none,ContractIdleWiresInControlFlow,2026-08-29T17:11:16.126203,23,0.0043,False,4,4,1,3,2,4,0,4,4,1,3,2,4,0,0,0,0,0,-1
ghz_L2_none,ghz,level2_none,GatesInBasis,2026-08-29T17:11:16.126240,24,0.0069,False,4,4,1,3,2,4,0,4,4,1,3,2,4,0,0,0,0,0,-1
ghz_L2_none,ghz,level2_none,Size,2026-08-29T17:11:16.126273,25,0.0038,False,4,4,1,3,2,4,0,4,4,1,3,2,4,0,0,0,0,0,-1
ghz_L2_none,ghz,level2_none,Depth,2026-08-29T17:11:16.126308,26,0.0041,False,4,4,1,3,2,4,0,4,4,1,3,2,4,0,0,0,0,0,-1
ghz_L2_none,ghz,level2_none,FixedPoint,2026-08-29T17:11:16.126340,27,0.0067,False,4,4,1,3,2,4,0,4,4,1,3,2,4,0,0,0,0,0,-1
ghz_L2_none,ghz,level2_none,FixedPoint,2026-08-29T17:11:16.126365,28,0.0045,False,4,4,1,3,2,4,0,4,4,1,3,2,4,0,0,0,0,0,-1
ghz_L2_none,ghz,level2_none,ContainsInstruction,2026-08-29T17:11:16.126402,29,0.0076,False,4,4,1,3,2,4,0,4,4,1,3,2,4,0,0,0,0,0,-1
ghz_L2_linear,ghz,level2_linear,ContainsInstruction,2026-08-29T17:11:16.132981,0,0.0124,False,4,4,1,3,2,4,0,4,4,1,3,2,4,0,0,0,0,0,60.4
ghz_L2_linear,ghz,level2_linear,UnitarySynthesis,2026-08-29T17:11:16.133068,1,0.0088,False,4,4,1,3,2,4,0,4,4,1,3,2,4,0,0,0,0,0,-1
ghz_L2_linear,ghz,level2_linear,HighLevelSynthesis,2026-08-29T17:11:16.133107,2,0.0076,False,4,4,1,3,2,4,0,4,4,1,3,2,4,0,0,0,0,0,-1
ghz_L2_linear,ghz,level2_linear,BasisTranslator,2026-08-29T17:11:16.133158,3,0.0236,False,4,4,1,3,2,4,0,4,4,1,3,2,4,0,0,0,0,0,-1
ghz_L2_linear,ghz,level2_linear,ElidePermutations,2026-08-29T17:11:16.133193,4,0.0076,False,4,4,1,3,2,4,0,4,4,1,3,2,4,0,0,0,0,0,-1
ghz_L2_linear,ghz,level2_linear,RemoveDiagonalGatesBeforeMeasure,2026-08-29T17:11:16.133227,5,0.0076,False,4,4,1,3,2,4,0,4,4,1,3,2,4,0,0,0,0,0,-1
ghz_L2_linear,ghz,level2_linear,RemoveIdentityEquivalent,2026-08-29T17:11:16.133262,6,0.0088,False,4,4,1,3,2,4,0,4,4,1,3,2,4,0,0,0,0,0,-1
ghz_L2_linear,ghz,level2_linear,InverseCancellation,2026-08-29T17:11:16.133300,7,0.0114,False,4,4,1,3,2,4,0,4,4,1,3,2,4,0,0,0,0,0,-1
ghz_L2_linear,ghz,level2_linear,ContractIdleWiresInControlFlow,2026-08-29T17:11:16.133331,8,0.0048,False,4,4,1,3,2,4,0,4,4,1,3,2,4,0,0,0,0,0,-1
ghz_L2_linear,ghz,level2_linear,CommutativeCancellation,2026-08-29T17:11:16.133441,9,0.0801,False,4,4,1,3,2,4,0,4,4,1,3,2,4,0,0,0,0,0,-1
ghz_L2_linear,ghz,level2_linear,ConsolidateBlocks,2026-08-29T17:11:16.133548,10,0.0751,False,4,4,1,3,2,4,0,4,4,1,3,2,4,0,0,0,0,0,-1
ghz_L2_linear,ghz,level2_linear,Split2QUnitaries,2026-08-29T17:11:16.133581,11,0.0048,False,4,4,1,3,2,4,0,4,4,1,3,2,4,0,0,0,0,0,-1
ghz_L2_linear,ghz,level2_linear,SetLayout,2026-08-29T17:11:16.133613,12,0.0055,False,4,4,1,3,2,4,0,4,4,1,3,2,4,0,0,0,0,0,-1
ghz_L2_linear,ghz,level2_linear,VF2Layout,2026-08-29T17:11:16.134268,13,0.6187,False,4,4,1,3,2,4,0,4,4,1,3,2,4,0,0,0,0,0,-1
ghz_L2_linear,ghz,level2_linear,FullAncillaAllocation,2026-08-29T17:11:16.134342,14,0.0212,False,4,4,1,3,2,4,0,4,4,1,3,2,4,0,0,0,0,0,-1
ghz_L2_linear,ghz,level2_linear,EnlargeWithAncilla,2026-08-29T17:11:16.134383,15,0.0105,False,4,4,1,3,2,4,0,4,4,1,3,2,4,0,0,0,0,0,-1
ghz_L2_linear,ghz,level2_linear,ApplyLayout,2026-08-29T17:11:16.134497,16,0.077,False,4,4,1,3,2,4,0,4,4,1,3,2,4,0,0,0,0,0,-1
ghz_L2_linear,ghz,level2_linear,CheckMap,2026-08-29T17:11:16.134549,17,0.0145,False,4,4,1,3,2,4,0,4,4,1,3,2,4,0,0,0,0,0,-1
ghz_L2_linear,ghz,level2_linear,FilterOpNodes,2026-08-29T17:11:16.134596,18,0.0122,False,4,4,1,3,2,4,0,4,4,1,3,2,4,0,0,0,0,0,-1
ghz_L2_linear,ghz,level2_linear,UnitarySynthesis,2026-08-29T17:11:16.134630,19,0.0069,False,4,4,1,3,2,4,0,4,4,1,3,2,4,0,0,0,0,0,-1
ghz_L2_linear,ghz,level2_linear,HighLevelSynthesis,2026-08-29T17:11:16.134672,20,0.0076,False,4,4,1,3,2,4,0,4,4,1,3,2,4,0,0,0,0,0,-1
ghz_L2_linear,ghz,level2_linear,BasisTranslator,2026-08-29T17:11:16.134828,21,0.1266,False,4,4,1,3,2,4,0,4,4,1,3,2,4,0,0,0,0,0,-1
ghz_L2_linear,ghz,level2_linear,CheckGateDirection,2026-08-29T17:11:16.134871,22,0.0093,False,4,4,1,3,2,4,0,4,4,1,3,2,4,0,0,0,0,0,-1
ghz_L2_linear,ghz,level2_linear,TwoQubitPeepholeOptimization,2026-08-29T17:11:16.135121,23,0.2084,False,4,4,1,3,2,4,0,4,4,1,3,2,4,0,0,0,0,0,-1
ghz_L2_linear,ghz,level2_linear,Size,2026-08-29T17:11:16.135166,24,0.0074,False,4,4,1,3,2,4,0,4,4,1,3,2,4,0,0,0,0,0,-1
ghz_L2_linear,ghz,level2_linear,Depth,2026-08-29T17:11:16.135197,25,0.0048,False,4,4,1,3,2,4,0,4,4,1,3,2,4,0,0,0,0,0,-1
ghz_L2_linear,ghz,level2_linear,FixedPoint,2026-08-29T17:11:16.135241,26,0.0143,False,4,4,1,3,2,4,0,4,4,1,3,2,4,0,0,0,0,0,-1
ghz_L2_linear,ghz,level2_linear,FixedPoint,2026-08-29T17:11:16.135269,27,0.0048,False,4,4,1,3,2,4,0,4,4,1,3,2,4,0,0,0,0,0,-1
ghz_L2_linear,ghz,level2_linear,RemoveIdentityEquivalent,2026-08-29T17:11:16.135309,28,0.0076,False,4,4,1,3,2,4,0,4,4,1,3,2,4,0,0,0,0,0,-1
ghz_L2_linear,ghz,level2_linear,Optimize1qGatesDecomposition,2026-08-29T17:11:16.135367,29,0.0236,False,4,4,1,3,2,4,0,4,4,1,3,2,4,0,0,0,0,0,-1
ghz_L2_linear,ghz,level2_linear,CommutativeCancellation,2026-08-29T17:11:16.135445,30,0.0494,False,4,4,1,3,2,4,0,4,4,1,3,2,4,0,0,0,0,0,-1
ghz_L2_linear,ghz,level2_linear,ContractIdleWiresInControlFlow,2026-08-29T17:11:16.135481,31,0.0048,False,4,4,1,3,2,4,0,4,4,1,3,2,4,0,0,0,0,0,-1
ghz_L2_linear,ghz,level2_linear,GatesInBasis,2026-08-29T17:11:16.135513,32,0.0072,False,4,4,1,3,2,4,0,4,4,1,3,2,4,0,0,0,0,0,-1
ghz_L2_linear,ghz,level2_linear,Size,2026-08-29T17:11:16.135546,33,0.0033,False,4,4,1,3,2,4,0,4,4,1,3,2,4,0,0,0,0,0,-1
ghz_L2_linear,ghz,level2_linear,Depth,2026-08-29T17:11:16.135571,34,0.0036,False,4,4,1,3,2,4,0,4,4,1,3,2,4,0,0,0,0,0,-1
ghz_L2_linear,ghz,level2_linear,FixedPoint,2026-08-29T17:11:16.135598,35,0.0057,False,4,4,1,3,2,4,0,4,4,1,3,2,4,0,0,0,0,0,-1
ghz_L2_linear,ghz,level2_linear,FixedPoint,2026-08-29T17:11:16.135623,36,0.0048,False,4,4,1,3,2,4,0,4,4,1,3,2,4,0,0,0,0,0,-1
ghz_L2_linear,ghz,level2_linear,ContainsInstruction,2026-08-29T17:11:16.135658,37,0.0072,False,4,4,1,3,2,4,0,4,4,1,3,2,4,0,0,0,0,0,-1
ghz_L2_ring,ghz,level2_ring,ContainsInstruction,2026-08-29T17:11:16.141976,0,0.0124,False,4,4,1,3,2,4,0,4,4,1,3,2,4,0,0,0,0,0,58.79
ghz_L2_ring,ghz,level2_ring,UnitarySynthesis,2026-08-29T17:11:16.142087,1,0.0076,False,4,4,1,3,2,4,0,4,4,1,3,2,4,0,0,0,0,0,-1
ghz_L2_ring,ghz,level2_ring,HighLevelSynthesis,2026-08-29T17:11:16.142126,2,0.0079,False,4,4,1,3,2,4,0,4,4,1,3,2,4,0,0,0,0,0,-1
ghz_L2_ring,ghz,level2_ring,BasisTranslator,2026-08-29T17:11:16.142177,3,0.0236,False,4,4,1,3,2,4,0,4,4,1,3,2,4,0,0,0,0,0,-1
ghz_L2_ring,ghz,level2_ring,ElidePermutations,2026-08-29T17:11:16.142212,4,0.0081,False,4,4,1,3,2,4,0,4,4,1,3,2,4,0,0,0,0,0,-1
ghz_L2_ring,ghz,level2_ring,RemoveDiagonalGatesBeforeMeasure,2026-08-29T17:11:16.142246,5,0.0076,False,4,4,1,3,2,4,0,4,4,1,3,2,4,0,0,0,0,0,-1
ghz_L2_ring,ghz,level2_ring,RemoveIdentityEquivalent,2026-08-29T17:11:16.142280,6,0.0088,False,4,4,1,3,2,4,0,4,4,1,3,2,4,0,0,0,0,0,-1
ghz_L2_ring,ghz,level2_ring,InverseCancellation,2026-08-29T17:11:16.142317,7,0.0114,False,4,4,1,3,2,4,0,4,4,1,3,2,4,0,0,0,0,0,-1
ghz_L2_ring,ghz,level2_ring,ContractIdleWiresInControlFlow,2026-08-29T17:11:16.142348,8,0.0052,False,4,4,1,3,2,4,0,4,4,1,3,2,4,0,0,0,0,0,-1
ghz_L2_ring,ghz,level2_ring,CommutativeCancellation,2026-08-29T17:11:16.142467,9,0.092,False,4,4,1,3,2,4,0,4,4,1,3,2,4,0,0,0,0,0,-1
ghz_L2_ring,ghz,level2_ring,ConsolidateBlocks,2026-08-29T17:11:16.142578,10,0.083,False,4,4,1,3,2,4,0,4,4,1,3,2,4,0,0,0,0,0,-1
ghz_L2_ring,ghz,level2_ring,Split2QUnitaries,2026-08-29T17:11:16.142612,11,0.0057,False,4,4,1,3,2,4,0,4,4,1,3,2,4,0,0,0,0,0,-1
ghz_L2_ring,ghz,level2_ring,SetLayout,2026-08-29T17:11:16.142642,12,0.0045,False,4,4,1,3,2,4,0,4,4,1,3,2,4,0,0,0,0,0,-1
ghz_L2_ring,ghz,level2_ring,VF2Layout,2026-08-29T17:11:16.142816,13,0.1462,False,4,4,1,3,2,4,0,4,4,1,3,2,4,0,0,0,0,0,-1
ghz_L2_ring,ghz,level2_ring,FullAncillaAllocation,2026-08-29T17:11:16.142873,14,0.0191,False,4,4,1,3,2,4,0,4,4,1,3,2,4,0,0,0,0,0,-1
ghz_L2_ring,ghz,level2_ring,EnlargeWithAncilla,2026-08-29T17:11:16.142913,15,0.011,False,4,4,1,3,2,4,0,4,4,1,3,2,4,0,0,0,0,0,-1
ghz_L2_ring,ghz,level2_ring,ApplyLayout,2026-08-29T17:11:16.143037,16,0.0732,False,4,4,1,3,2,4,0,4,4,1,3,2,4,0,0,0,0,0,-1
ghz_L2_ring,ghz,level2_ring,CheckMap,2026-08-29T17:11:16.143084,17,0.0126,False,4,4,1,3,2,4,0,4,4,1,3,2,4,0,0,0,0,0,-1
ghz_L2_ring,ghz,level2_ring,FilterOpNodes,2026-08-29T17:11:16.143127,18,0.0105,False,4,4,1,3,2,4,0,4,4,1,3,2,4,0,0,0,0,0,-1
ghz_L2_ring,ghz,level2_ring,UnitarySynthesis,2026-08-29T17:11:16.143163,19,0.0057,False,4,4,1,3,2,4,0,4,4,1,3,2,4,0,0,0,0,0,-1
ghz_L2_ring,ghz,level2_ring,HighLevelSynthesis,2026-08-29T17:11:16.143193,20,0.0055,False,4,4,1,3,2,4,0,4,4,1,3,2,4,0,0,0,0,0,-1
ghz_L2_ring,ghz,level2_ring,BasisTranslator,2026-08-29T17:11:16.143339,21,0.1175,False,4,4,1,3,2,4,0,4,4,1,3,2,4,0,0,0,0,0,-1
ghz_L2_ring,ghz,level2_ring,CheckGateDirection,2026-08-29T17:11:16.143379,22,0.0076,False,4,4,1,3,2,4,0,4,4,1,3,2,4,0,0,0,0,0,-1
ghz_L2_ring,ghz,level2_ring,TwoQubitPeepholeOptimization,2026-08-29T17:11:16.144095,23,0.5949,False,4,4,1,3,2,4,0,4,4,1,3,2,4,0,0,0,0,0,-1
ghz_L2_ring,ghz,level2_ring,Size,2026-08-29T17:11:16.144193,24,0.0103,False,4,4,1,3,2,4,0,4,4,1,3,2,4,0,0,0,0,0,-1
ghz_L2_ring,ghz,level2_ring,Depth,2026-08-29T17:11:16.144234,25,0.0062,False,4,4,1,3,2,4,0,4,4,1,3,2,4,0,0,0,0,0,-1
ghz_L2_ring,ghz,level2_ring,FixedPoint,2026-08-29T17:11:16.144282,26,0.02,False,4,4,1,3,2,4,0,4,4,1,3,2,4,0,0,0,0,0,-1
ghz_L2_ring,ghz,level2_ring,FixedPoint,2026-08-29T17:11:16.144311,27,0.0057,False,4,4,1,3,2,4,0,4,4,1,3,2,4,0,0,0,0,0,-1
ghz_L2_ring,ghz,level2_ring,RemoveIdentityEquivalent,2026-08-29T17:11:16.144363,28,0.0129,False,4,4,1,3,2,4,0,4,4,1,3,2,4,0,0,0,0,0,-1
ghz_L2_ring,ghz,level2_ring,Optimize1qGatesDecomposition,2026-08-29T17:11:16.144452,29,0.0374,False,4,4,1,3,2,4,0,4,4,1,3,2,4,0,0,0,0,0,-1
ghz_L2_ring,ghz,level2_ring,CommutativeCancellation,2026-08-29T17:11:16.144551,30,0.0629,False,4,4,1,3,2,4,0,4,4,1,3,2,4,0,0,0,0,0,-1
ghz_L2_ring,ghz,level2_ring,ContractIdleWiresInControlFlow,2026-08-29T17:11:16.144593,31,0.005,False,4,4,1,3,2,4,0,4,4,1,3,2,4,0,0,0,0,0,-1
ghz_L2_ring,ghz,level2_ring,GatesInBasis,2026-08-29T17:11:16.144632,32,0.0088,False,4,4,1,3,2,4,0,4,4,1,3,2,4,0,0,0,0,0,-1
ghz_L2_ring,ghz,level2_ring,Size,2026-08-29T17:11:16.144670,33,0.0038,False,4,4,1,3,2,4,0,4,4,1,3,2,4,0,0,0,0,0,-1
ghz_L2_ring,ghz,level2_ring,Depth,2026-08-29T17:11:16.144697,34,0.0043,False,4,4,1,3,2,4,0,4,4,1,3,2,4,0,0,0,0,0,-1
ghz_L2_ring,ghz,level2_ring,FixedPoint,2026-08-29T17:11:16.144725,35,0.0062,False,4,4,1,3,2,4,0,4,4,1,3,2,4,0,0,0,0,0,-1
ghz_L2_ring,ghz,level2_ring,FixedPoint,2026-08-29T17:11:16.144754,36,0.0048,False,4,4,1,3,2,4,0,4,4,1,3,2,4,0,0,0,0,0,-1
ghz_L2_ring,ghz,level2_ring,ContainsInstruction,2026-08-29T17:11:16.144789,37,0.0083,False,4,4,1,3,2,4,0,4,4,1,3,2,4,0,0,0,0,0,-1
ghz_L3_none,ghz,level3_none,ContainsInstruction,2026-08-29T17:11:16.151082,0,0.0131,False,4,4,1,3,2,4,0,4,4,1,3,2,4,0,0,0,0,0,68.04
ghz_L3_none,ghz,level3_none,UnitarySynthesis,2026-08-29T17:11:16.151156,1,0.0088,False,4,4,1,3,2,4,0,4,4,1,3,2,4,0,0,0,0,0,-1
ghz_L3_none,ghz,level3_none,HighLevelSynthesis,2026-08-29T17:11:16.151195,2,0.0072,False,4,4,1,3,2,4,0,4,4,1,3,2,4,0,0,0,0,0,-1
ghz_L3_none,ghz,level3_none,BasisTranslator,2026-08-29T17:11:16.151245,3,0.0205,False,4,4,1,3,2,4,0,4,4,1,3,2,4,0,0,0,0,0,-1
ghz_L3_none,ghz,level3_none,ElidePermutations,2026-08-29T17:11:16.151281,4,0.0081,False,4,4,1,3,2,4,0,4,4,1,3,2,4,0,0,0,0,0,-1
ghz_L3_none,ghz,level3_none,RemoveDiagonalGatesBeforeMeasure,2026-08-29T17:11:16.151315,5,0.0076,False,4,4,1,3,2,4,0,4,4,1,3,2,4,0,0,0,0,0,-1
ghz_L3_none,ghz,level3_none,RemoveIdentityEquivalent,2026-08-29T17:11:16.151350,6,0.0095,False,4,4,1,3,2,4,0,4,4,1,3,2,4,0,0,0,0,0,-1
ghz_L3_none,ghz,level3_none,InverseCancellation,2026-08-29T17:11:16.151387,7,0.0112,False,4,4,1,3,2,4,0,4,4,1,3,2,4,0,0,0,0,0,-1
ghz_L3_none,ghz,level3_none,ContractIdleWiresInControlFlow,2026-08-29T17:11:16.151418,8,0.0043,False,4,4,1,3,2,4,0,4,4,1,3,2,4,0,0,0,0,0,-1
ghz_L3_none,ghz,level3_none,CommutativeCancellation,2026-08-29T17:11:16.151568,9,0.0973,False,4,4,1,3,2,4,0,4,4,1,3,2,4,0,0,0,0,0,-1
ghz_L3_none,ghz,level3_none,ConsolidateBlocks,2026-08-29T17:11:16.151686,10,0.0806,False,4,4,1,3,2,4,0,4,4,1,3,2,4,0,0,0,0,0,-1
ghz_L3_none,ghz,level3_none,Split2QUnitaries,2026-08-29T17:11:16.151720,11,0.0052,False,4,4,1,3,2,4,0,4,4,1,3,2,4,0,0,0,0,0,-1
ghz_L3_none,ghz,level3_none,UnitarySynthesis,2026-08-29T17:11:16.151751,12,0.0045,False,4,4,1,3,2,4,0,4,4,1,3,2,4,0,0,0,0,0,-1
ghz_L3_none,ghz,level3_none,HighLevelSynthesis,2026-08-29T17:11:16.151785,13,0.0062,False,4,4,1,3,2,4,0,4,4,1,3,2,4,0,0,0,0,0,-1
ghz_L3_none,ghz,level3_none,BasisTranslator,2026-08-29T17:11:16.151931,14,0.1192,False,4,4,1,3,2,4,0,4,4,1,3,2,4,0,0,0,0,0,-1
ghz_L3_none,ghz,level3_none,Size,2026-08-29T17:11:16.151968,15,0.0062,False,4,4,1,3,2,4,0,4,4,1,3,2,4,0,0,0,0,0,-1
ghz_L3_none,ghz,level3_none,Depth,2026-08-29T17:11:16.152005,16,0.0062,False,4,4,1,3,2,4,0,4,4,1,3,2,4,0,0,0,0,0,-1
ghz_L3_none,ghz,level3_none,MinimumPoint,2026-08-29T17:11:16.152073,17,0.0215,False,4,4,1,3,2,4,0,4,4,1,3,2,4,0,0,0,0,0,-1
ghz_L3_none,ghz,level3_none,TwoQubitPeepholeOptimization,2026-08-29T17:11:16.152234,18,0.1037,False,4,4,1,3,2,4,0,4,4,1,3,2,4,0,0,0,0,0,-1
ghz_L3_none,ghz,level3_none,RemoveIdentityEquivalent,2026-08-29T17:11:16.152283,19,0.0067,False,4,4,1,3,2,4,0,4,4,1,3,2,4,0,0,0,0,0,-1
ghz_L3_none,ghz,level3_none,Optimize1qGatesDecomposition,2026-08-29T17:11:16.152336,20,0.0224,False,4,4,1,3,2,4,0,4,4,1,3,2,4,0,0,0,0,0,-1
ghz_L3_none,ghz,level3_none,CommutativeCancellation,2026-08-29T17:11:16.152404,21,0.0401,False,4,4,1,3,2,4,0,4,4,1,3,2,4,0,0,0,0,0,-1
ghz_L3_none,ghz,level3_none,ContractIdleWiresInControlFlow,2026-08-29T17:11:16.152436,22,0.0043,False,4,4,1,3,2,4,0,4,4,1,3,2,4,0,0,0,0,0,-1
ghz_L3_none,ghz,level3_none,GatesInBasis,2026-08-29T17:11:16.152469,23,0.0076,False,4,4,1,3,2,4,0,4,4,1,3,2,4,0,0,0,0,0,-1
ghz_L3_none,ghz,level3_none,Size,2026-08-29T17:11:16.152511,24,0.0045,False,4,4,1,3,2,4,0,4,4,1,3,2,4,0,0,0,0,0,-1
ghz_L3_none,ghz,level3_none,Depth,2026-08-29T17:11:16.152539,25,0.005,False,4,4,1,3,2,4,0,4,4,1,3,2,4,0,0,0,0,0,-1
ghz_L3_none,ghz,level3_none,MinimumPoint,2026-08-29T17:11:16.152603,26,0.0381,False,4,4,1,3,2,4,0,4,4,1,3,2,4,0,0,0,0,0,-1
ghz_L3_none,ghz,level3_none,TwoQubitPeepholeOptimization,2026-08-29T17:11:16.152725,27,0.0768,False,4,4,1,3,2,4,0,4,4,1,3,2,4,0,0,0,0,0,-1
ghz_L3_none,ghz,level3_none,RemoveIdentityEquivalent,2026-08-29T17:11:16.152771,28,0.0052,False,4,4,1,3,2,4,0,4,4,1,3,2,4,0,0,0,0,0,-1
ghz_L3_none,ghz,level3_none,Optimize1qGatesDecomposition,2026-08-29T17:11:16.152810,29,0.0126,False,4,4,1,3,2,4,0,4,4,1,3,2,4,0,0,0,0,0,-1
ghz_L3_none,ghz,level3_none,CommutativeCancellation,2026-08-29T17:11:16.152872,30,0.0334,False,4,4,1,3,2,4,0,4,4,1,3,2,4,0,0,0,0,0,-1
ghz_L3_none,ghz,level3_none,ContractIdleWiresInControlFlow,2026-08-29T17:11:16.152903,31,0.0043,False,4,4,1,3,2,4,0,4,4,1,3,2,4,0,0,0,0,0,-1
ghz_L3_none,ghz,level3_none,GatesInBasis,2026-08-29T17:11:16.152932,32,0.0041,False,4,4,1,3,2,4,0,4,4,1,3,2,4,0,0,0,0,0,-1
ghz_L3_none,ghz,level3_none,Size,2026-08-29T17:11:16.152965,33,0.0057,False,4,4,1,3,2,4,0,4,4,1,3,2,4,0,0,0,0,0,-1
ghz_L3_none,ghz,level3_none,Depth,2026-08-29T17:11:16.153001,34,0.0043,False,4,4,1,3,2,4,0,4,4,1,3,2,4,0,0,0,0,0,-1
ghz_L3_none,ghz,level3_none,MinimumPoint,2026-08-29T17:11:16.153049,35,0.0067,False,4,4,1,3,2,4,0,4,4,1,3,2,4,0,0,0,0,0,-1
ghz_L3_none,ghz,level3_none,ContainsInstruction,2026-08-29T17:11:16.153087,36,0.0067,False,4,4,1,3,2,4,0,4,4,1,3,2,4,0,0,0,0,0,-1
ghz_L3_linear,ghz,level3_linear,ContainsInstruction,2026-08-29T17:11:16.159881,0,0.015,False,4,4,1,3,2,4,0,4,4,1,3,2,4,0,0,0,0,0,70.5
ghz_L3_linear,ghz,level3_linear,UnitarySynthesis,2026-08-29T17:11:16.159944,1,0.0072,False,4,4,1,3,2,4,0,4,4,1,3,2,4,0,0,0,0,0,-1
ghz_L3_linear,ghz,level3_linear,HighLevelSynthesis,2026-08-29T17:11:16.159982,2,0.0072,False,4,4,1,3,2,4,0,4,4,1,3,2,4,0,0,0,0,0,-1
ghz_L3_linear,ghz,level3_linear,BasisTranslator,2026-08-29T17:11:16.160044,3,0.0331,False,4,4,1,3,2,4,0,4,4,1,3,2,4,0,0,0,0,0,-1
ghz_L3_linear,ghz,level3_linear,ElidePermutations,2026-08-29T17:11:16.160081,4,0.0074,False,4,4,1,3,2,4,0,4,4,1,3,2,4,0,0,0,0,0,-1
ghz_L3_linear,ghz,level3_linear,RemoveDiagonalGatesBeforeMeasure,2026-08-29T17:11:16.160116,5,0.0079,False,4,4,1,3,2,4,0,4,4,1,3,2,4,0,0,0,0,0,-1
ghz_L3_linear,ghz,level3_linear,RemoveIdentityEquivalent,2026-08-29T17:11:16.160151,6,0.0095,False,4,4,1,3,2,4,0,4,4,1,3,2,4,0,0,0,0,0,-1
ghz_L3_linear,ghz,level3_linear,InverseCancellation,2026-08-29T17:11:16.160189,7,0.0112,False,4,4,1,3,2,4,0,4,4,1,3,2,4,0,0,0,0,0,-1
ghz_L3_linear,ghz,level3_linear,ContractIdleWiresInControlFlow,2026-08-29T17:11:16.160223,8,0.0048,False,4,4,1,3,2,4,0,4,4,1,3,2,4,0,0,0,0,0,-1
ghz_L3_linear,ghz,level3_linear,CommutativeCancellation,2026-08-29T17:11:16.160490,9,0.2403,False,4,4,1,3,2,4,0,4,4,1,3,2,4,0,0,0,0,0,-1
ghz_L3_linear,ghz,level3_linear,ConsolidateBlocks,2026-08-29T17:11:16.160594,10,0.0746,False,4,4,1,3,2,4,0,4,4,1,3,2,4,0,0,0,0,0,-1
ghz_L3_linear,ghz,level3_linear,Split2QUnitaries,2026-08-29T17:11:16.160628,11,0.005,False,4,4,1,3,2,4,0,4,4,1,3,2,4,0,0,0,0,0,-1
ghz_L3_linear,ghz,level3_linear,SetLayout,2026-08-29T17:11:16.160661,12,0.0062,False,4,4,1,3,2,4,0,4,4,1,3,2,4,0,0,0,0,0,-1
ghz_L3_linear,ghz,level3_linear,VF2Layout,2026-08-29T17:11:16.160843,13,0.1528,False,4,4,1,3,2,4,0,4,4,1,3,2,4,0,0,0,0,0,-1
ghz_L3_linear,ghz,level3_linear,FullAncillaAllocation,2026-08-29T17:11:16.160916,14,0.0191,False,4,4,1,3,2,4,0,4,4,1,3,2,4,0,0,0,0,0,-1
ghz_L3_linear,ghz,level3_linear,EnlargeWithAncilla,2026-08-29T17:11:16.160956,15,0.0114,False,4,4,1,3,2,4,0,4,4,1,3,2,4,0,0,0,0,0,-1
ghz_L3_linear,ghz,level3_linear,ApplyLayout,2026-08-29T17:11:16.161090,16,0.102,False,4,4,1,3,2,4,0,4,4,1,3,2,4,0,0,0,0,0,-1
ghz_L3_linear,ghz,level3_linear,CheckMap,2026-08-29T17:11:16.161140,17,0.0143,False,4,4,1,3,2,4,0,4,4,1,3,2,4,0,0,0,0,0,-1
ghz_L3_linear,ghz,level3_linear,FilterOpNodes,2026-08-29T17:11:16.161188,18,0.0124,False,4,4,1,3,2,4,0,4,4,1,3,2,4,0,0,0,0,0,-1
ghz_L3_linear,ghz,level3_linear,UnitarySynthesis,2026-08-29T17:11:16.161230,19,0.0064,False,4,4,1,3,2,4,0,4,4,1,3,2,4,0,0,0,0,0,-1
ghz_L3_linear,ghz,level3_linear,HighLevelSynthesis,2026-08-29T17:11:16.161267,20,0.0079,False,4,4,1,3,2,4,0,4,4,1,3,2,4,0,0,0,0,0,-1
ghz_L3_linear,ghz,level3_linear,BasisTranslator,2026-08-29T17:11:16.161433,21,0.1357,False,4,4,1,3,2,4,0,4,4,1,3,2,4,0,0,0,0,0,-1
ghz_L3_linear,ghz,level3_linear,CheckGateDirection,2026-08-29T17:11:16.161474,22,0.0105,False,4,4,1,3,2,4,0,4,4,1,3,2,4,0,0,0,0,0,-1
ghz_L3_linear,ghz,level3_linear,Size,2026-08-29T17:11:16.161507,23,0.0062,False,4,4,1,3,2,4,0,4,4,1,3,2,4,0,0,0,0,0,-1
ghz_L3_linear,ghz,level3_linear,Depth,2026-08-29T17:11:16.161536,24,0.005,False,4,4,1,3,2,4,0,4,4,1,3,2,4,0,0,0,0,0,-1
ghz_L3_linear,ghz,level3_linear,MinimumPoint,2026-08-29T17:11:16.161580,25,0.0155,False,4,4,1,3,2,4,0,4,4,1,3,2,4,0,0,0,0,0,-1
ghz_L3_linear,ghz,level3_linear,TwoQubitPeepholeOptimization,2026-08-29T17:11:16.161887,26,0.2177,False,4,4,1,3,2,4,0,4,4,1,3,2,4,0,0,0,0,0,-1
ghz_L3_linear,ghz,level3_linear,RemoveIdentityEquivalent,2026-08-29T17:11:16.161998,27,0.0141,False,4,4,1,3,2,4,0,4,4,1,3,2,4,0,0,0,0,0,-1
ghz_L3_linear,ghz,level3_linear,Optimize1qGatesDecomposition,2026-08-29T17:11:16.162139,28,0.0391,False,4,4,1,3,2,4,0,4,4,1,3,2,4,0,0,0,0,0,-1
ghz_L3_linear,ghz,level3_linear,CommutativeCancellation,2026-08-29T17:11:16.162329,29,0.1078,False,4,4,1,3,2,4,0,4,4,1,3,2,4,0,0,0,0,0,-1
ghz_L3_linear,ghz,level3_linear,ContractIdleWiresInControlFlow,2026-08-29T17:11:16.162418,30,0.0098,False,4,4,1,3,2,4,0,4,4,1,3,2,4,0,0,0,0,0,-1
ghz_L3_linear,ghz,level3_linear,GatesInBasis,2026-08-29T17:11:16.162486,31,0.0105,False,4,4,1,3,2,4,0,4,4,1,3,2,4,0,0,0,0,0,-1
ghz_L3_linear,ghz,level3_linear,Size,2026-08-29T17:11:16.162608,32,0.0105,False,4,4,1,3,2,4,0,4,4,1,3,2,4,0,0,0,0,0,-1
ghz_L3_linear,ghz,level3_linear,Depth,2026-08-29T17:11:16.162677,33,0.0086,False,4,4,1,3,2,4,0,4,4,1,3,2,4,0,0,0,0,0,-1
ghz_L3_linear,ghz,level3_linear,MinimumPoint,2026-08-29T17:11:16.162811,34,0.0656,False,4,4,1,3,2,4,0,4,4,1,3,2,4,0,0,0,0,0,-1
ghz_L3_linear,ghz,level3_linear,TwoQubitPeepholeOptimization,2026-08-29T17:11:16.163024,35,0.1132,False,4,4,1,3,2,4,0,4,4,1,3,2,4,0,0,0,0,0,-1
ghz_L3_linear,ghz,level3_linear,RemoveIdentityEquivalent,2026-08-29T17:11:16.163073,36,0.0062,False,4,4,1,3,2,4,0,4,4,1,3,2,4,0,0,0,0,0,-1
ghz_L3_linear,ghz,level3_linear,Optimize1qGatesDecomposition,2026-08-29T17:11:16.163120,37,0.0162,False,4,4,1,3,2,4,0,4,4,1,3,2,4,0,0,0,0,0,-1
ghz_L3_linear,ghz,level3_linear,CommutativeCancellation,2026-08-29T17:11:16.163224,38,0.0556,False,4,4,1,3,2,4,0,4,4,1,3,2,4,0,0,0,0,0,-1
ghz_L3_linear,ghz,level3_linear,ContractIdleWiresInControlFlow,2026-08-29T17:11:16.163269,39,0.0045,False,4,4,1,3,2,4,0,4,4,1,3,2,4,0,0,0,0,0,-1
ghz_L3_linear,ghz,level3_linear,GatesInBasis,2026-08-29T17:11:16.163304,40,0.005,False,4,4,1,3,2,4,0,4,4,1,3,2,4,0,0,0,0,0,-1
ghz_L3_linear,ghz,level3_linear,Size,2026-08-29T17:11:16.163338,41,0.0045,False,4,4,1,3,2,4,0,4,4,1,3,2,4,0,0,0,0,0,-1
ghz_L3_linear,ghz,level3_linear,Depth,2026-08-29T17:11:16.163369,42,0.0045,False,4,4,1,3,2,4,0,4,4,1,3,2,4,0,0,0,0,0,-1
ghz_L3_linear,ghz,level3_linear,MinimumPoint,2026-08-29T17:11:16.163401,43,0.0083,False,4,4,1,3,2,4,0,4,4,1,3,2,4,0,0,0,0,0,-1
ghz_L3_linear,ghz,level3_linear,VF2PostLayout,2026-08-29T17:11:16.163676,44,0.2325,False,4,4,1,3,2,4,0,4,4,1,3,2,4,0,0,0,0,0,-1
ghz_L3_linear,ghz,level3_linear,ContainsInstruction,2026-08-29T17:11:16.163724,45,0.0083,False,4,4,1,3,2,4,0,4,4,1,3,2,4,0,0,0,0,0,-1
ghz_L3_ring,ghz,level3_ring,ContainsInstruction,2026-08-29T17:11:16.170476,0,0.015,False,4,4,1,3,2,4,0,4,4,1,3,2,4,0,0,0,0,0,70.74
ghz_L3_ring,ghz,level3_ring,UnitarySynthesis,2026-08-29T17:11:16.170548,1,0.0086,False,4,4,1,3,2,4,0,4,4,1,3,2,4,0,0,0,0,0,-1
ghz_L3_ring,ghz,level3_ring,HighLevelSynthesis,2026-08-29T17:11:16.170588,2,0.0076,False,4,4,1,3,2,4,0,4,4,1,3,2,4,0,0,0,0,0,-1
ghz_L3_ring,ghz,level3_ring,BasisTranslator,2026-08-29T17:11:16.170642,3,0.026,False,4,4,1,3,2,4,0,4,4,1,3,2,4,0,0,0,0,0,-1
ghz_L3_ring,ghz,level3_ring,ElidePermutations,2026-08-29T17:11:16.170680,4,0.0083,False,4,4,1,3,2,4,0,4,4,1,3,2,4,0,0,0,0,0,-1
ghz_L3_ring,ghz,level3_ring,RemoveDiagonalGatesBeforeMeasure,2026-08-29T17:11:16.170715,5,0.0081,False,4,4,1,3,2,4,0,4,4,1,3,2,4,0,0,0,0,0,-1
ghz_L3_ring,ghz,level3_ring,RemoveIdentityEquivalent,2026-08-29T17:11:16.170756,6,0.0126,False,4,4,1,3,2,4,0,4,4,1,3,2,4,0,0,0,0,0,-1
ghz_L3_ring,ghz,level3_ring,InverseCancellation,2026-08-29T17:11:16.170795,7,0.0117,False,4,4,1,3,2,4,0,4,4,1,3,2,4,0,0,0,0,0,-1
ghz_L3_ring,ghz,level3_ring,ContractIdleWiresInControlFlow,2026-08-29T17:11:16.170827,8,0.0055,False,4,4,1,3,2,4,0,4,4,1,3,2,4,0,0,0,0,0,-1
ghz_L3_ring,ghz,level3_ring,CommutativeCancellation,2026-08-29T17:11:16.170977,9,0.109,False,4,4,1,3,2,4,0,4,4,1,3,2,4,0,0,0,0,0,-1
ghz_L3_ring,ghz,level3_ring,ConsolidateBlocks,2026-08-29T17:11:16.171112,10,0.0913,False,4,4,1,3,2,4,0,4,4,1,3,2,4,0,0,0,0,0,-1
ghz_L3_ring,ghz,level3_ring,Split2QUnitaries,2026-08-29T17:11:16.171149,11,0.006,False,4,4,1,3,2,4,0,4,4,1,3,2,4,0,0,0,0,0,-1
ghz_L3_ring,ghz,level3_ring,SetLayout,2026-08-29T17:11:16.171182,12,0.0057,False,4,4,1,3,2,4,0,4,4,1,3,2,4,0,0,0,0,0,-1
ghz_L3_ring,ghz,level3_ring,VF2Layout,2026-08-29T17:11:16.171346,13,0.1342,False,4,4,1,3,2,4,0,4,4,1,3,2,4,0,0,0,0,0,-1
ghz_L3_ring,ghz,level3_ring,FullAncillaAllocation,2026-08-29T17:11:16.171405,14,0.0198,False,4,4,1,3,2,4,0,4,4,1,3,2,4,0,0,0,0,0,-1
ghz_L3_ring,ghz,level3_ring,EnlargeWithAncilla,2026-08-29T17:11:16.171446,15,0.0114,False,4,4,1,3,2,4,0,4,4,1,3,2,4,0,0,0,0,0,-1
ghz_L3_ring,ghz,level3_ring,ApplyLayout,2026-08-29T17:11:16.171564,16,0.0846,False,4,4,1,3,2,4,0,4,4,1,3,2,4,0,0,0,0,0,-1
ghz_L3_ring,ghz,level3_ring,CheckMap,2026-08-29T17:11:16.171610,17,0.0138,False,4,4,1,3,2,4,0,4,4,1,3,2,4,0,0,0,0,0,-1
ghz_L3_ring,ghz,level3_ring,FilterOpNodes,2026-08-29T17:11:16.171656,18,0.0114,False,4,4,1,3,2,4,0,4,4,1,3,2,4,0,0,0,0,0,-1
ghz_L3_ring,ghz,level3_ring,UnitarySynthesis,2026-08-29T17:11:16.171688,19,0.0055,False,4,4,1,3,2,4,0,4,4,1,3,2,4,0,0,0,0,0,-1
ghz_L3_ring,ghz,level3_ring,HighLevelSynthesis,2026-08-29T17:11:16.171725,20,0.0083,False,4,4,1,3,2,4,0,4,4,1,3,2,4,0,0,0,0,0,-1
ghz_L3_ring,ghz,level3_ring,BasisTranslator,2026-08-29T17:11:16.171882,21,0.1285,False,4,4,1,3,2,4,0,4,4,1,3,2,4,0,0,0,0,0,-1
ghz_L3_ring,ghz,level3_ring,CheckGateDirection,2026-08-29T17:11:16.171923,22,0.0081,False,4,4,1,3,2,4,0,4,4,1,3,2,4,0,0,0,0,0,-1
ghz_L3_ring,ghz,level3_ring,Size,2026-08-29T17:11:16.171955,23,0.0062,False,4,4,1,3,2,4,0,4,4,1,3,2,4,0,0,0,0,0,-1
ghz_L3_ring,ghz,level3_ring,Depth,2026-08-29T17:11:16.171983,24,0.005,False,4,4,1,3,2,4,0,4,4,1,3,2,4,0,0,0,0,0,-1
ghz_L3_ring,ghz,level3_ring,MinimumPoint,2026-08-29T17:11:16.172036,25,0.0267,False,4,4,1,3,2,4,0,4,4,1,3,2,4,0,0,0,0,0,-1
ghz_L3_ring,ghz,level3_ring,TwoQubitPeepholeOptimization,2026-08-29T17:11:16.172206,26,0.119,False,4,4,1,3,2,4,0,4,4,1,3,2,4,0,0,0,0,0,-1
ghz_L3_ring,ghz,level3_ring,RemoveIdentityEquivalent,2026-08-29T17:11:16.172250,27,0.0067,False,4,4,1,3,2,4,0,4,4,1,3,2,4,0,0,0,0,0,-1
ghz_L3_ring,ghz,level3_ring,Optimize1qGatesDecomposition,2026-08-29T17:11:16.172303,28,0.0224,False,4,4,1,3,2,4,0,4,4,1,3,2,4,0,0,0,0,0,-1
ghz_L3_ring,ghz,level3_ring,CommutativeCancellation,2026-08-29T17:11:16.172384,29,0.0474,False,4,4,1,3,2,4,0,4,4,1,3,2,4,0,0,0,0,0,-1
ghz_L3_ring,ghz,level3_ring,ContractIdleWiresInControlFlow,2026-08-29T17:11:16.172423,30,0.0043,False,4,4,1,3,2,4,0,4,4,1,3,2,4,0,0,0,0,0,-1
ghz_L3_ring,ghz,level3_ring,GatesInBasis,2026-08-29T17:11:16.172455,31,0.0062,False,4,4,1,3,2,4,0,4,4,1,3,2,4,0,0,0,0,0,-1
ghz_L3_ring,ghz,level3_ring,Size,2026-08-29T17:11:16.172488,32,0.0043,False,4,4,1,3,2,4,0,4,4,1,3,2,4,0,0,0,0,0,-1
ghz_L3_ring,ghz,level3_ring,Depth,2026-08-29T17:11:16.172518,33,0.0043,False,4,4,1,3,2,4,0,4,4,1,3,2,4,0,0,0,0,0,-1
ghz_L3_ring,ghz,level3_ring,MinimumPoint,2026-08-29T17:11:16.172581,34,0.0386,False,4,4,1,3,2,4,0,4,4,1,3,2,4,0,0,0,0,0,-1
ghz_L3_ring,ghz,level3_ring,TwoQubitPeepholeOptimization,2026-08-29T17:11:16.172737,35,0.1137,False,4,4,1,3,2,4,0,4,4,1,3,2,4,0,0,0,0,0,-1
ghz_L3_ring,ghz,level3_ring,RemoveIdentityEquivalent,2026-08-29T17:11:16.172781,36,0.0055,False,4,4,1,3,2,4,0,4,4,1,3,2,4,0,0,0,0,0,-1
ghz_L3_ring,ghz,level3_ring,Optimize1qGatesDecomposition,2026-08-29T17:11:16.172820,37,0.0124,False,4,4,1,3,2,4,0,4,4,1,3,2,4,0,0,0,0,0,-1
ghz_L3_ring,ghz,level3_ring,CommutativeCancellation,2026-08-29T17:11:16.172888,38,0.0372,False,4,4,1,3,2,4,0,4,4,1,3,2,4,0,0,0,0,0,-1
ghz_L3_ring,ghz,level3_ring,ContractIdleWiresInControlFlow,2026-08-29T17:11:16.172925,39,0.0041,False,4,4,1,3,2,4,0,4,4,1,3,2,4,0,0,0,0,0,-1
ghz_L3_ring,ghz,level3_ring,GatesInBasis,2026-08-29T17:11:16.172954,40,0.0045,False,4,4,1,3,2,4,0,4,4,1,3,2,4,0,0,0,0,0,-1
ghz_L3_ring,ghz,level3_ring,Size,2026-08-29T17:11:16.172984,41,0.0038,False,4,4,1,3,2,4,0,4,4,1,3,2,4,0,0,0,0,0,-1
ghz_L3_ring,ghz,level3_ring,Depth,2026-08-29T17:11:16.173022,42,0.0033,False,4,4,1,3,2,4,0,4,4,1,3,2,4,0,0,0,0,0,-1
ghz_L3_ring,ghz,level3_ring,MinimumPoint,2026-08-29T17:11:16.173057,43,0.0067,False,4,4,1,3,2,4,0,4,4,1,3,2,4,0,0,0,0,0,-1
ghz_L3_ring,ghz,level3_ring,VF2PostLayout,2026-08-29T17:11:16.173156,44,0.0665,False,4,4,1,3,2,4,0,4,4,1,3,2,4,0,0,0,0,0,-1
ghz_L3_ring,ghz,level3_ring,ContainsInstruction,2026-08-29T17:11:16.173193,45,0.0062,False,4,4,1,3,2,4,0,4,4,1,3,2,4,0,0,0,0,0,-1
qft_L0_none,qft,level0_none,ContainsInstruction,2026-08-29T17:11:16.176271,0,0.0153,False,10,7,4,6,2,4,0,10,7,4,6,2,4,0,0,0,0,0,17.8
qft_L0_none,qft,level0_none,UnitarySynthesis,2026-08-29T17:11:16.176355,1,0.0091,False,10,7,4,6,2,4,0,10,7,4,6,2,4,0,0,0,0,0,-1
qft_L0_none,qft,level0_none,HighLevelSynthesis,2026-08-29T17:11:16.176404,2,0.0119,False,10,7,4,6,2,4,0,10,7,4,6,2,4,0,0,0,0,0,-1
qft_L0_none,qft,level0_none,BasisTranslator,2026-08-29T17:11:16.176976,3,0.499,True,10,7,4,6,2,4,0,34,23,22,12,2,4,0,24,16,18,6,-1
qft_L0_none,qft,level0_none,ContainsInstruction,2026-08-29T17:11:16.177066,4,0.0217,False,34,23,22,12,2,4,0,34,23,22,12,2,4,0,0,0,0,0,-1
qft_L0_linear,qft,level0_linear,ContainsInstruction,2026-08-29T17:11:16.180508,0,0.0126,False,10,7,4,6,2,4,0,10,7,4,6,2,4,0,0,0,0,0,53.4
qft_L0_linear,qft,level0_linear,UnitarySynthesis,2026-08-29T17:11:16.180575,1,0.0076,False,10,7,4,6,2,4,0,10,7,4,6,2,4,0,0,0,0,0,-1
qft_L0_linear,qft,level0_linear,HighLevelSynthesis,2026-08-29T17:11:16.180618,2,0.0069,False,10,7,4,6,2,4,0,10,7,4,6,2,4,0,0,0,0,0,-1
qft_L0_linear,qft,level0_linear,BasisTranslator,2026-08-29T17:11:16.180671,3,0.0212,False,10,7,4,6,2,4,0,10,7,4,6,2,4,0,0,0,0,0,-1
qft_L0_linear,qft,level0_linear,SetLayout,2026-08-29T17:11:16.180709,4,0.005,False,10,7,4,6,2,4,0,10,7,4,6,2,4,0,0,0,0,0,-1
qft_L0_linear,qft,level0_linear,TrivialLayout,2026-08-29T17:11:16.180800,5,0.0532,False,10,7,4,6,2,4,0,10,7,4,6,2,4,0,0,0,0,0,-1
qft_L0_linear,qft,level0_linear,FullAncillaAllocation,2026-08-29T17:11:16.180852,6,0.0165,False,10,7,4,6,2,4,0,10,7,4,6,2,4,0,0,0,0,0,-1
qft_L0_linear,qft,level0_linear,EnlargeWithAncilla,2026-08-29T17:11:16.180894,7,0.011,False,10,7,4,6,2,4,0,10,7,4,6,2,4,0,0,0,0,0,-1
qft_L0_linear,qft,level0_linear,ApplyLayout,2026-08-29T17:11:16.181043,8,0.0958,False,10,7,4,6,2,4,0,10,7,4,6,2,4,0,0,0,0,0,-1
qft_L0_linear,qft,level0_linear,CheckMap,2026-08-29T17:11:16.181265,9,0.1817,False,10,7,4,6,2,4,0,10,7,4,6,2,4,0,0,0,0,0,-1
qft_L0_linear,qft,level0_linear,BarrierBeforeFinalMeasurements,2026-08-29T17:11:16.181411,10,0.104,False,10,7,4,6,2,4,0,10,7,4,6,2,4,0,0,0,0,0,-1
qft_L0_linear,qft,level0_linear,SabreSwap,2026-08-29T17:11:16.183002,11,1.5247,True,10,7,4,6,2,4,0,14,12,4,10,3,4,0,4,5,0,4,-1
qft_L0_linear,qft,level0_linear,FilterOpNodes,2026-08-29T17:11:16.183108,12,0.0224,False,14,12,4,10,3,4,0,14,12,4,10,3,4,0,0,0,0,0,-1
qft_L0_linear,qft,level0_linear,UnitarySynthesis,2026-08-29T17:11:16.183159,13,0.0091,False,14,12,4,10,3,4,0,14,12,4,10,3,4,0,0,0,0,0,-1
qft_L0_linear,qft,level0_linear,HighLevelSynthesis,2026-08-29T17:11:16.183216,14,0.0122,False,14,12,4,10,3,4,0,14,12,4,10,3,4,0,0,0,0,0,-1
qft_L0_linear,qft,level0_linear,BasisTranslator,2026-08-29T17:11:16.183746,15,0.4239,True,14,12,4,10,3,4,0,46,36,22,24,2,4,0,32,24,18,14,-1
qft_L0_linear,qft,level0_linear,CheckGateDirection,2026-08-29T17:11:16.183840,16,0.0112,False,46,36,22,24,2,4,0,46,36,22,24,2,4,0,0,0,0,0,-1
qft_L0_linear,qft,level0_linear,GateDirection,2026-08-29T17:11:16.184230,17,0.2384,True,46,36,22,24,2,4,0,86,50,62,24,3,4,0,40,14,40,0,-1
qft_L0_linear,qft,level0_linear,BasisTranslator,2026-08-29T17:11:16.184522,18,0.1621,True,86,50,62,24,3,4,0,86,50,62,24,2,4,0,0,0,0,0,-1
qft_L0_linear,qft,level0_linear,ContainsInstruction,2026-08-29T17:11:16.184652,19,0.0098,False,86,50,62,24,2,4,0,86,50,62,24,2,4,0,0,0,0,0,-1
qft_L0_ring,qft,level0_ring,ContainsInstruction,2026-08-29T17:11:16.188567,0,0.0126,False,10,7,4,6,2,4,0,10,7,4,6,2,4,0,0,0,0,0,46.72
qft_L0_ring,qft,level0_ring,UnitarySynthesis,2026-08-29T17:11:16.188638,1,0.0076,False,10,7,4,6,2,4,0,10,7,4,6,2,4,0,0,0,0,0,-1
qft_L0_ring,qft,level0_ring,HighLevelSynthesis,2026-08-29T17:11:16.188684,2,0.0072,False,10,7,4,6,2,4,0,10,7,4,6,2,4,0,0,0,0,0,-1
qft_L0_ring,qft,level0_ring,BasisTranslator,2026-08-29T17:11:16.188742,3,0.0234,False,10,7,4,6,2,4,0,10,7,4,6,2,4,0,0,0,0,0,-1
qft_L0_ring,qft,level0_ring,SetLayout,2026-08-29T17:11:16.188780,4,0.005,False,10,7,4,6,2,4,0,10,7,4,6,2,4,0,0,0,0,0,-1
qft_L0_ring,qft,level0_ring,TrivialLayout,2026-08-29T17:11:16.188872,5,0.0565,False,10,7,4,6,2,4,0,10,7,4,6,2,4,0,0,0,0,0,-1
qft_L0_ring,qft,level0_ring,FullAncillaAllocation,2026-08-29T17:11:16.188923,6,0.0155,False,10,7,4,6,2,4,0,10,7,4,6,2,4,0,0,0,0,0,-1
qft_L0_ring,qft,level0_ring,EnlargeWithAncilla,2026-08-29T17:11:16.188965,7,0.0105,False,10,7,4,6,2,4,0,10,7,4,6,2,4,0,0,0,0,0,-1
qft_L0_ring,qft,level0_ring,ApplyLayout,2026-08-29T17:11:16.189083,8,0.0792,False,10,7,4,6,2,4,0,10,7,4,6,2,4,0,0,0,0,0,-1
qft_L0_ring,qft,level0_ring,CheckMap,2026-08-29T17:11:16.189141,9,0.0231,False,10,7,4,6,2,4,0,10,7,4,6,2,4,0,0,0,0,0,-1
qft_L0_ring,qft,level0_ring,BarrierBeforeFinalMeasurements,2026-08-29T17:11:16.189184,10,0.0074,False,10,7,4,6,2,4,0,10,7,4,6,2,4,0,0,0,0,0,-1
qft_L0_ring,qft,level0_ring,SabreSwap,2026-08-29T17:11:16.189468,11,0.2406,True,10,7,4,6,2,4,0,12,10,4,8,3,4,0,2,3,0,2,-1
qft_L0_ring,qft,level0_ring,FilterOpNodes,2026-08-29T17:11:16.189533,12,0.0188,False,12,10,4,8,3,4,0,12,10,4,8,3,4,0,0,0,0,0,-1
qft_L0_ring,qft,level0_ring,UnitarySynthesis,2026-08-29T17:11:16.189576,13,0.0064,False,12,10,4,8,3,4,0,12,10,4,8,3,4,0,0,0,0,0,-1
qft_L0_ring,qft,level0_ring,HighLevelSynthesis,2026-08-29T17:11:16.189620,14,0.0091,False,12,10,4,8,3,4,0,12,10,4,8,3,4,0,0,0,0,0,-1
qft_L0_ring,qft,level0_ring,BasisTranslator,2026-08-29T17:11:16.190113,15,0.4206,True,12,10,4,8,3,4,0,40,30,22,18,2,4,0,28,20,18,10,-1
qft_L0_ring,qft,level0_ring,CheckGateDirection,2026-08-29T17:11:16.190202,16,0.0107,False,40,30,22,18,2,4,0,40,30,22,18,2,4,0,0,0,0,0,-1
qft_L0_ring,qft,level0_ring,GateDirection,2026-08-29T17:11:16.190363,17,0.0465,True,40,30,22,18,2,4,0,76,44,58,18,3,4,0,36,14,36,0,-1
qft_L0_ring,qft,level0_ring,BasisTranslator,2026-08-29T17:11:16.190585,18,0.0908,True,76,44,58,18,3,4,0,76,44,58,18,2,4,0,0,0,0,0,-1
qft_L0_ring,qft,level0_ring,ContainsInstruction,2026-08-29T17:11:16.190701,19,0.0079,False,76,44,58,18,2,4,0,76,44,58,18,2,4,0,0,0,0,0,-1
qft_L1_none,qft,level1_none,ContainsInstruction,2026-08-29T17:11:16.194305,0,0.0136,False,10,7,4,6,2,4,0,10,7,4,6,2,4,0,0,0,0,0,48.15
qft_L1_none,qft,level1_none,InverseCancellation,2026-08-29T17:11:16.194397,1,0.0219,False,10,7,4,6,2,4,0,10,7,4,6,2,4,0,0,0,0,0,-1
qft_L1_none,qft,level1_none,ContractIdleWiresInControlFlow,2026-08-29T17:11:16.194442,2,0.0052,False,10,7,4,6,2,4,0,10,7,4,6,2,4,0,0,0,0,0,-1
qft_L1_none,qft,level1_none,UnitarySynthesis,2026-08-29T17:11:16.194484,3,0.0067,False,10,7,4,6,2,4,0,10,7,4,6,2,4,0,0,0,0,0,-1
qft_L1_none,qft,level1_none,HighLevelSynthesis,2026-08-29T17:11:16.194526,4,0.0091,False,10,7,4,6,2,4,0,10,7,4,6,2,4,0,0,0,0,0,-1
qft_L1_none,qft,level1_none,BasisTranslator,2026-08-29T17:11:16.195023,5,0.3836,True,10,7,4,6,2,4,0,34,23,22,12,2,4,0,24,16,18,6,-1
qft_L1_none,qft,level1_none,Size,2026-08-29T17:11:16.195103,6,0.0076,False,34,23,22,12,2,4,0,34,23,22,12,2,4,0,0,0,0,0,-1
qft_L1_none,qft,level1_none,Depth,2026-08-29T17:11:16.195167,7,0.006,False,34,23,22,12,2,4,0,34,23,22,12,2,4,0,0,0,0,0,-1
qft_L1_none,qft,level1_none,FixedPoint,2026-08-29T17:11:16.195237,8,0.0145,False,34,23,22,12,2,4,0,34,23,22,12,2,4,0,0,0,0,0,-1
qft_L1_none,qft,level1_none,FixedPoint,2026-08-29T17:11:16.195297,9,0.0055,False,34,23,22,12,2,4,0,34,23,22,12,2,4,0,0,0,0,0,-1
qft_L1_none,qft,level1_none,Optimize1qGatesDecomposition,2026-08-29T17:11:16.195672,10,0.2897,True,34,23,22,12,2,4,0,28,21,16,12,2,4,0,-6,-2,-6,0,-1
qft_L1_none,qft,level1_none,InverseCancellation,2026-08-29T17:11:16.195774,11,0.0167,False,28,21,16,12,2,4,0,28,21,16,12,2,4,0,0,0,0,0,-1
qft_L1_none,qft,level1_none,ContractIdleWiresInControlFlow,2026-08-29T17:11:16.195843,12,0.0055,False,28,21,16,12,2,4,0,28,21,16,12,2,4,0,0,0,0,0,-1
qft_L1_none,qft,level1_none,GatesInBasis,2026-08-29T17:11:16.195917,13,0.0095,False,28,21,16,12,2,4,0,28,21,16,12,2,4,0,0,0,0,0,-1
qft_L1_none,qft,level1_none,Size,2026-08-29T17:11:16.195984,14,0.005,False,28,21,16,12,2,4,0,28,21,16,12,2,4,0,0,0,0,0,-1
qft_L1_none,qft,level1_none,Depth,2026-08-29T17:11:16.196048,15,0.0048,False,28,21,16,12,2,4,0,28,21,16,12,2,4,0,0,0,0,0,-1
qft_L1_none,qft,level1_none,FixedPoint,2026-08-29T17:11:16.196106,16,0.0083,False,28,21,16,12,2,4,0,28,21,16,12,2,4,0,0,0,0,0,-1
qft_L1_none,qft,level1_none,FixedPoint,2026-08-29T17:11:16.196160,17,0.0048,False,28,21,16,12,2,4,0,28,21,16,12,2,4,0,0,0,0,0,-1
qft_L1_none,qft,level1_none,Optimize1qGatesDecomposition,2026-08-29T17:11:16.196303,18,0.0727,False,28,21,16,12,2,4,0,28,21,16,12,2,4,0,0,0,0,0,-1
qft_L1_none,qft,level1_none,InverseCancellation,2026-08-29T17:11:16.196377,19,0.01,False,28,21,16,12,2,4,0,28,21,16,12,2,4,0,0,0,0,0,-1
qft_L1_none,qft,level1_none,ContractIdleWiresInControlFlow,2026-08-29T17:11:16.196430,20,0.0031,False,28,21,16,12,2,4,0,28,21,16,12,2,4,0,0,0,0,0,-1
qft_L1_none,qft,level1_none,GatesInBasis,2026-08-29T17:11:16.196487,21,0.005,False,28,21,16,12,2,4,0,28,21,16,12,2,4,0,0,0,0,0,-1
qft_L1_none,qft,level1_none,Size,2026-08-29T17:11:16.196543,22,0.0033,False,28,21,16,12,2,4,0,28,21,16,12,2,4,0,0,0,0,0,-1
qft_L1_none,qft,level1_none,Depth,2026-08-29T17:11:16.196594,23,0.0041,False,28,21,16,12,2,4,0,28,21,16,12,2,4,0,0,0,0,0,-1
qft_L1_none,qft,level1_none,FixedPoint,2026-08-29T17:11:16.196649,24,0.0062,False,28,21,16,12,2,4,0,28,21,16,12,2,4,0,0,0,0,0,-1
qft_L1_none,qft,level1_none,FixedPoint,2026-08-29T17:11:16.196702,25,0.0048,False,28,21,16,12,2,4,0,28,21,16,12,2,4,0,0,0,0,0,-1
qft_L1_none,qft,level1_none,ContainsInstruction,2026-08-29T17:11:16.196756,26,0.0072,False,28,21,16,12,2,4,0,28,21,16,12,2,4,0,0,0,0,0,-1
qft_L1_linear,qft,level1_linear,ContainsInstruction,2026-08-29T17:11:16.201683,0,0.0117,False,10,7,4,6,2,4,0,10,7,4,6,2,4,0,0,0,0,0,77.45
qft_L1_linear,qft,level1_linear,UnitarySynthesis,2026-08-29T17:11:16.201764,1,0.0079,False,10,7,4,6,2,4,0,10,7,4,6,2,4,0,0,0,0,0,-1
qft_L1_linear,qft,level1_linear,HighLevelSynthesis,2026-08-29T17:11:16.201809,2,0.0072,False,10,7,4,6,2,4,0,10,7,4,6,2,4,0,0,0,0,0,-1
qft_L1_linear,qft,level1_linear,BasisTranslator,2026-08-29T17:11:16.201865,3,0.0205,False,10,7,4,6,2,4,0,10,7,4,6,2,4,0,0,0,0,0,-1
qft_L1_linear,qft,level1_linear,InverseCancellation,2026-08-29T17:11:16.201914,4,0.0141,False,10,7,4,6,2,4,0,10,7,4,6,2,4,0,0,0,0,0,-1
qft_L1_linear,qft,level1_linear,ContractIdleWiresInControlFlow,2026-08-29T17:11:16.201953,5,0.0045,False,10,7,4,6,2,4,0,10,7,4,6,2,4,0,0,0,0,0,-1
qft_L1_linear,qft,level1_linear,SetLayout,2026-08-29T17:11:16.201995,6,0.0048,False,10,7,4,6,2,4,0,10,7,4,6,2,4,0,0,0,0,0,-1
qft_L1_linear,qft,level1_linear,TrivialLayout,2026-08-29T17:11:16.202116,7,0.0582,False,10,7,4,6,2,4,0,10,7,4,6,2,4,0,0,0,0,0,-1
qft_L1_linear,qft,level1_linear,CheckMap,2026-08-29T17:11:16.202172,8,0.0226,False,10,7,4,6,2,4,0,10,7,4,6,2,4,0,0,0,0,0,-1
qft_L1_linear,qft,level1_linear,VF2Layout,2026-08-29T17:11:16.202272,9,0.0648,False,10,7,4,6,2,4,0,10,7,4,6,2,4,0,0,0,0,0,-1
qft_L1_linear,qft,level1_linear,BarrierBeforeFinalMeasurements,2026-08-29T17:11:16.202325,10,0.0112,False,10,7,4,6,2,4,0,10,7,4,6,2,4,0,0,0,0,0,-1
qft_L1_linear,qft,level1_linear,SabreLayout,2026-08-29T17:11:16.203203,11,0.818,True,10,7,4,6,2,4,0,13,11,4,9,3,4,0,3,4,0,3,-1
qft_L1_linear,qft,level1_linear,CheckMap,2026-08-29T17:11:16.203287,12,0.0143,False,13,11,4,9,3,4,0,13,11,4,9,3,4,0,0,0,0,0,-1
qft_L1_linear,qft,level1_linear,VF2PostLayout,2026-08-29T17:11:16.203387,13,0.041,False,13,11,4,9,3,4,0,13,11,4,9,3,4,0,0,0,0,0,-1
qft_L1_linear,qft,level1_linear,FilterOpNodes,2026-08-29T17:11:16.203451,14,0.0215,False,13,11,4,9,3,4,0,13,11,4,9,3,4,0,0,0,0,0,-1
qft_L1_linear,qft,level1_linear,UnitarySynthesis,2026-08-29T17:11:16.203496,15,0.0072,False,13,11,4,9,3,4,0,13,11,4,9,3,4,0,0,0,0,0,-1
qft_L1_linear,qft,level1_linear,HighLevelSynthesis,2026-08-29T17:11:16.203544,16,0.0093,False,13,11,4,9,3,4,0,13,11,4,9,3,4,0,0,0,0,0,-1
qft_L1_linear,qft,level1_linear,BasisTranslator,2026-08-29T17:11:16.204309,17,0.6452,True,13,11,4,9,3,4,0,43,33,22,21,2,4,0,30,22,18,12,-1
qft_L1_linear,qft,level1_linear,CheckGateDirection,2026-08-29T17:11:16.204431,18,0.0145,False,43,33,22,21,2,4,0,43,33,22,21,2,4,0,0,0,0,0,-1
qft_L1_linear,qft,level1_linear,GateDirection,2026-08-29T17:11:16.204633,19,0.0632,True,43,33,22,21,2,4,0,87,51,66,21,3,4,0,44,18,44,0,-1
qft_L1_linear,qft,level1_linear,BasisTranslator,2026-08-29T17:11:16.204879,20,0.1254,True,87,51,66,21,3,4,0,87,51,66,21,2,4,0,0,0,0,0,-1
qft_L1_linear,qft,level1_linear,Size,2026-08-29T17:11:16.205004,21,0.0081,False,87,51,66,21,2,4,0,87,51,66,21,2,4,0,0,0,0,0,-1
qft_L1_linear,qft,level1_linear,Depth,2026-08-29T17:11:16.205124,22,0.011,False,87,51,66,21,2,4,0,87,51,66,21,2,4,0,0,0,0,0,-1
qft_L1_linear,qft,level1_linear,FixedPoint,2026-08-29T17:11:16.205256,23,0.0162,False,87,51,66,21,2,4,0,87,51,66,21,2,4,0,0,0,0,0,-1
qft_L1_linear,qft,level1_linear,FixedPoint,2026-08-29T17:11:16.205364,24,0.006,False,87,51,66,21,2,4,0,87,51,66,21,2,4,0,0,0,0,0,-1
qft_L1_linear,qft,level1_linear,Optimize1qGatesDecomposition,2026-08-29T17:11:16.205596,25,0.1254,True,87,51,66,21,2,4,0,60,38,39,21,2,4,0,-27,-13,-27,0,-1
qft_L1_linear,qft,level1_linear,InverseCancellation,2026-08-29T17:11:16.205707,26,0.0148,False,60,38,39,21,2,4,0,60,38,39,21,2,4,0,0,0,0,0,-1
qft_L1_linear,qft,level1_linear,ContractIdleWiresInControlFlow,2026-08-29T17:11:16.205805,27,0.0057,False,60,38,39,21,2,4,0,60,38,39,21,2,4,0,0,0,0,0,-1
qft_L1_linear,qft,level1_linear,GatesInBasis,2026-08-29T17:11:16.205893,28,0.0088,False,60,38,39,21,2,4,0,60,38,39,21,2,4,0,0,0,0,0,-1
qft_L1_linear,qft,level1_linear,Size,2026-08-29T17:11:16.205984,29,0.0043,False,60,38,39,21,2,4,0,60,38,39,21,2,4,0,0,0,0,0,-1
qft_L1_linear,qft,level1_linear,Depth,2026-08-29T17:11:16.206079,30,0.0072,False,60,38,39,21,2,4,0,60,38,39,21,2,4,0,0,0,0,0,-1
qft_L1_linear,qft,level1_linear,FixedPoint,2026-08-29T17:11:16.206162,31,0.0067,False,60,38,39,21,2,4,0,60,38,39,21,2,4,0,0,0,0,0,-1
qft_L1_linear,qft,level1_linear,FixedPoint,2026-08-29T17:11:16.206248,32,0.0048,False,60,38,39,21,2,4,0,60,38,39,21,2,4,0,0,0,0,0,-1
qft_L1_linear,qft,level1_linear,Optimize1qGatesDecomposition,2026-08-29T17:11:16.206407,33,0.0575,False,60,38,39,21,2,4,0,60,38,39,21,2,4,0,0,0,0,0,-1
qft_L1_linear,qft,level1_linear,InverseCancellation,2026-08-29T17:11:16.206511,34,0.0122,False,60,38,39,21,2,4,0,60,38,39,21,2,4,0,0,0,0,0,-1
qft_L1_linear,qft,level1_linear,ContractIdleWiresInControlFlow,2026-08-29T17:11:16.206596,35,0.0036,False,60,38,39,21,2,4,0,60,38,39,21,2,4,0,0,0,0,0,-1
qft_L1_linear,qft,level1_linear,GatesInBasis,2026-08-29T17:11:16.206686,36,0.0062,False,60,38,39,21,2,4,0,60,38,39,21,2,4,0,0,0,0,0,-1
qft_L1_linear,qft,level1_linear,Size,2026-08-29T17:11:16.206793,37,0.0041,False,60,38,39,21,2,4,0,60,38,39,21,2,4,0,0,0,0,0,-1
qft_L1_linear,qft,level1_linear,Depth,2026-08-29T17:11:16.206882,38,0.0093,False,60,38,39,21,2,4,0,60,38,39,21,2,4,0,0,0,0,0,-1
qft_L1_linear,qft,level1_linear,FixedPoint,2026-08-29T17:11:16.206974,39,0.005,False,60,38,39,21,2,4,0,60,38,39,21,2,4,0,0,0,0,0,-1
qft_L1_linear,qft,level1_linear,FixedPoint,2026-08-29T17:11:16.207085,40,0.0055,False,60,38,39,21,2,4,0,60,38,39,21,2,4,0,0,0,0,0,-1
qft_L1_linear,qft,level1_linear,ContainsInstruction,2026-08-29T17:11:16.207179,41,0.0076,False,60,38,39,21,2,4,0,60,38,39,21,2,4,0,0,0,0,0,-1
qft_L1_ring,qft,level1_ring,ContainsInstruction,2026-08-29T17:11:16.212183,0,0.0122,False,10,7,4,6,2,4,0,10,7,4,6,2,4,0,0,0,0,0,68.63
qft_L1_ring,qft,level1_ring,UnitarySynthesis,2026-08-29T17:11:16.212258,1,0.0079,False,10,7,4,6,2,4,0,10,7,4,6,2,4,0,0,0,0,0,-1
qft_L1_ring,qft,level1_ring,HighLevelSynthesis,2026-08-29T17:11:16.212304,2,0.0072,False,10,7,4,6,2,4,0,10,7,4,6,2,4,0,0,0,0,0,-1
qft_L1_ring,qft,level1_ring,BasisTranslator,2026-08-29T17:11:16.212362,3,0.0238,False,10,7,4,6,2,4,0,10,7,4,6,2,4,0,0,0,0,0,-1
qft_L1_ring,qft,level1_ring,InverseCancellation,2026-08-29T17:11:16.212409,4,0.0138,False,10,7,4,6,2,4,0,10,7,4,6,2,4,0,0,0,0,0,-1
qft_L1_ring,qft,level1_ring,ContractIdleWiresInControlFlow,2026-08-29T17:11:16.212447,5,0.0052,False,10,7,4,6,2,4,0,10,7,4,6,2,4,0,0,0,0,0,-1
qft_L1_ring,qft,level1_ring,SetLayout,2026-08-29T17:11:16.212484,6,0.0045,False,10,7,4,6,2,4,0,10,7,4,6,2,4,0,0,0,0,0,-1
qft_L1_ring,qft,level1_ring,TrivialLayout,2026-08-29T17:11:16.212584,7,0.0575,False,10,7,4,6,2,4,0,10,7,4,6,2,4,0,0,0,0,0,-1
qft_L1_ring,qft,level1_ring,CheckMap,2026-08-29T17:11:16.212639,8,0.021,False,10,7,4,6,2,4,0,10,7,4,6,2,4,0,0,0,0,0,-1
qft_L1_ring,qft,level1_ring,VF2Layout,2026-08-29T17:11:16.212739,9,0.0644,False,10,7,4,6,2,4,0,10,7,4,6,2,4,0,0,0,0,0,-1
qft_L1_ring,qft,level1_ring,BarrierBeforeFinalMeasurements,2026-08-29T17:11:16.212789,10,0.0114,False,10,7,4,6,2,4,0,10,7,4,6,2,4,0,0,0,0,0,-1
qft_L1_ring,qft,level1_ring,SabreLayout,2026-08-29T17:11:16.213382,11,0.5012,True,10,7,4,6,2,4,0,12,9,4,8,3,4,0,2,2,0,2,-1
qft_L1_ring,qft,level1_ring,CheckMap,2026-08-29T17:11:16.213524,12,0.025,False,12,9,4,8,3,4,0,12,9,4,8,3,4,0,0,0,0,0,-1
qft_L1_ring,qft,level1_ring,VF2PostLayout,2026-08-29T17:11:16.213714,13,0.0849,False,12,9,4,8,3,4,0,12,9,4,8,3,4,0,0,0,0,0,-1
qft_L1_ring,qft,level1_ring,FilterOpNodes,2026-08-29T17:11:16.213844,14,0.0412,False,12,9,4,8,3,4,0,12,9,4,8,3,4,0,0,0,0,0,-1
qft_L1_ring,qft,level1_ring,UnitarySynthesis,2026-08-29T17:11:16.213940,15,0.0129,False,12,9,4,8,3,4,0,12,9,4,8,3,4,0,0,0,0,0,-1
qft_L1_ring,qft,level1_ring,HighLevelSynthesis,2026-08-29T17:11:16.214020,16,0.0103,False,12,9,4,8,3,4,0,12,9,4,8,3,4,0,0,0,0,0,-1
qft_L1_ring,qft,level1_ring,BasisTranslator,2026-08-29T17:11:16.214517,17,0.4199,True,12,9,4,8,3,4,0,40,29,22,18,2,4,0,28,20,18,10,-1
qft_L1_ring,qft,level1_ring,CheckGateDirection,2026-08-29T17:11:16.214597,18,0.0095,False,40,29,22,18,2,4,0,40,29,22,18,2,4,0,0,0,0,0,-1
qft_L1_ring,qft,level1_ring,GateDirection,2026-08-29T17:11:16.214761,19,0.0525,True,40,29,22,18,2,4,0,76,47,58,18,3,4,0,36,18,36,0,-1
qft_L1_ring,qft,level1_ring,BasisTranslator,2026-08-29T17:11:16.214967,20,0.1023,True,76,47,58,18,3,4,0,76,47,58,18,2,4,0,0,0,0,0,-1
qft_L1_ring,qft,level1_ring,Size,2026-08-29T17:11:16.215085,21,0.0067,False,76,47,58,18,2,4,0,76,47,58,18,2,4,0,0,0,0,0,-1
qft_L1_ring,qft,level1_ring,Depth,2026-08-29T17:11:16.215190,22,0.0072,False,76,47,58,18,2,4,0,76,47,58,18,2,4,0,0,0,0,0,-1
qft_L1_ring,qft,level1_ring,FixedPoint,2026-08-29T17:11:16.215288,23,0.0148,False,76,47,58,18,2,4,0,76,47,58,18,2,4,0,0,0,0,0,-1
qft_L1_ring,qft,level1_ring,FixedPoint,2026-08-29T17:11:16.215381,24,0.0055,False,76,47,58,18,2,4,0,76,47,58,18,2,4,0,0,0,0,0,-1
qft_L1_ring,qft,level1_ring,Optimize1qGatesDecomposition,2026-08-29T17:11:16.215588,25,0.1063,True,76,47,58,18,2,4,0,50,32,32,18,2,4,0,-26,-15,-26,0,-1
qft_L1_ring,qft,level1_ring,InverseCancellation,2026-08-29T17:11:16.215691,26,0.0155,False,50,32,32,18,2,4,0,50,32,32,18,2,4,0,0,0,0,0,-1
qft_L1_ring,qft,level1_ring,ContractIdleWiresInControlFlow,2026-08-29T17:11:16.215768,27,0.005,False,50,32,32,18,2,4,0,50,32,32,18,2,4,0,0,0,0,0,-1
qft_L1_ring,qft,level1_ring,GatesInBasis,2026-08-29T17:11:16.215859,28,0.0103,False,50,32,32,18,2,4,0,50,32,32,18,2,4,0,0,0,0,0,-1
qft_L1_ring,qft,level1_ring,Size,2026-08-29T17:11:16.215936,29,0.0048,False,50,32,32,18,2,4,0,50,32,32,18,2,4,0,0,0,0,0,-1
qft_L1_ring,qft,level1_ring,Depth,2026-08-29T17:11:16.216020,30,0.0052,False,50,32,32,18,2,4,0,50,32,32,18,2,4,0,0,0,0,0,-1
qft_L1_ring,qft,level1_ring,FixedPoint,2026-08-29T17:11:16.216096,31,0.0072,False,50,32,32,18,2,4,0,50,32,32,18,2,4,0,0,0,0,0,-1
qft_L1_ring,qft,level1_ring,FixedPoint,2026-08-29T17:11:16.216170,32,0.0048,False,50,32,32,18,2,4,0,50,32,32,18,2,4,0,0,0,0,0,-1
qft_L1_ring,qft,level1_ring,Optimize1qGatesDecomposition,2026-08-29T17:11:16.216324,33,0.0587,False,50,32,32,18,2,4,0,50,32,32,18,2,4,0,0,0,0,0,-1
qft_L1_ring,qft,level1_ring,InverseCancellation,2026-08-29T17:11:16.216417,34,0.0129,False,50,32,32,18,2,4,0,50,32,32,18,2,4,0,0,0,0,0,-1
qft_L1_ring,qft,level1_ring,ContractIdleWiresInControlFlow,2026-08-29T17:11:16.216495,35,0.0038,False,50,32,32,18,2,4,0,50,32,32,18,2,4,0,0,0,0,0,-1
qft_L1_ring,qft,level1_ring,GatesInBasis,2026-08-29T17:11:16.216574,36,0.0055,False,50,32,32,18,2,4,0,50,32,32,18,2,4,0,0,0,0,0,-1
qft_L1_ring,qft,level1_ring,Size,2026-08-29T17:11:16.216653,37,0.0038,False,50,32,32,18,2,4,0,50,32,32,18,2,4,0,0,0,0,0,-1
qft_L1_ring,qft,level1_ring,Depth,2026-08-29T17:11:16.216726,38,0.0055,False,50,32,32,18,2,4,0,50,32,32,18,2,4,0,0,0,0,0,-1
qft_L1_ring,qft,level1_ring,FixedPoint,2026-08-29T17:11:16.216801,39,0.0057,False,50,32,32,18,2,4,0,50,32,32,18,2,4,0,0,0,0,0,-1
qft_L1_ring,qft,level1_ring,FixedPoint,2026-08-29T17:11:16.216875,40,0.0045,False,50,32,32,18,2,4,0,50,32,32,18,2,4,0,0,0,0,0,-1
qft_L1_ring,qft,level1_ring,ContainsInstruction,2026-08-29T17:11:16.216960,41,0.0074,False,50,32,32,18,2,4,0,50,32,32,18,2,4,0,0,0,0,0,-1
qft_L2_none,qft,level2_none,ContainsInstruction,2026-08-29T17:11:16.223219,0,0.0129,False,10,7,4,6,2,4,0,10,7,4,6,2,4,0,0,0,0,0,64.02
qft_L2_none,qft,level2_none,UnitarySynthesis,2026-08-29T17:11:16.223297,1,0.0074,False,10,7,4,6,2,4,0,10,7,4,6,2,4,0,0,0,0,0,-1
qft_L2_none,qft,level2_none,HighLevelSynthesis,2026-08-29T17:11:16.223342,2,0.0076,False,10,7,4,6,2,4,0,10,7,4,6,2,4,0,0,0,0,0,-1
qft_L2_none,qft,level2_none,BasisTranslator,2026-08-29T17:11:16.223396,3,0.0205,False,10,7,4,6,2,4,0,10,7,4,6,2,4,0,0,0,0,0,-1
qft_L2_none,qft,level2_none,ElidePermutations,2026-08-29T17:11:16.223437,4,0.0083,False,10,7,4,6,2,4,0,10,7,4,6,2,4,0,0,0,0,0,-1
qft_L2_none,qft,level2_none,RemoveDiagonalGatesBeforeMeasure,2026-08-29T17:11:16.223478,5,0.0074,False,10,7,4,6,2,4,0,10,7,4,6,2,4,0,0,0,0,0,-1
qft_L2_none,qft,level2_none,RemoveIdentityEquivalent,2026-08-29T17:11:16.223519,6,0.0095,False,10,7,4,6,2,4,0,10,7,4,6,2,4,0,0,0,0,0,-1
qft_L2_none,qft,level2_none,InverseCancellation,2026-08-29T17:11:16.223564,7,0.0129,False,10,7,4,6,2,4,0,10,7,4,6,2,4,0,0,0,0,0,-1
qft_L2_none,qft,level2_none,ContractIdleWiresInControlFlow,2026-08-29T17:11:16.223613,8,0.005,False,10,7,4,6,2,4,0,10,7,4,6,2,4,0,0,0,0,0,-1
qft_L2_none,qft,level2_none,CommutativeCancellation,2026-08-29T17:11:16.223770,9,0.114,False,10,7,4,6,2,4,0,10,7,4,6,2,4,0,0,0,0,0,-1
qft_L2_none,qft,level2_none,ConsolidateBlocks,2026-08-29T17:11:16.223910,10,0.0918,False,10,7,4,6,2,4,0,10,7,4,6,2,4,0,0,0,0,0,-1
qft_L2_none,qft,level2_none,Split2QUnitaries,2026-08-29T17:11:16.223960,11,0.006,False,10,7,4,6,2,4,0,10,7,4,6,2,4,0,0,0,0,0,-1
qft_L2_none,qft,level2_none,UnitarySynthesis,2026-08-29T17:11:16.224005,12,0.006,False,10,7,4,6,2,4,0,10,7,4,6,2,4,0,0,0,0,0,-1
qft_L2_none,qft,level2_none,HighLevelSynthesis,2026-08-29T17:11:16.224057,13,0.0067,False,10,7,4,6,2,4,0,10,7,4,6,2,4,0,0,0,0,0,-1
qft_L2_none,qft,level2_none,BasisTranslator,2026-08-29T17:11:16.224465,14,0.3431,True,10,7,4,6,2,4,0,34,23,22,12,2,4,0,24,16,18,6,-1
qft_L2_none,qft,level2_none,TwoQubitPeepholeOptimization,2026-08-29T17:11:16.224751,15,0.2015,True,34,23,22,12,2,4,0,33,22,21,12,2,4,0,-1,-1,-1,0,-1
qft_L2_none,qft,level2_none,Size,2026-08-29T17:11:16.224847,16,0.0081,False,33,22,21,12,2,4,0,33,22,21,12,2,4,0,0,0,0,0,-1
qft_L2_none,qft,level2_none,Depth,2026-08-29T17:11:16.224913,17,0.0062,False,33,22,21,12,2,4,0,33,22,21,12,2,4,0,0,0,0,0,-1
qft_L2_none,qft,level2_none,FixedPoint,2026-08-29T17:11:16.224988,18,0.0153,False,33,22,21,12,2,4,0,33,22,21,12,2,4,0,0,0,0,0,-1
qft_L2_none,qft,level2_none,FixedPoint,2026-08-29T17:11:16.225056,19,0.0048,False,33,22,21,12,2,4,0,33,22,21,12,2,4,0,0,0,0,0,-1
qft_L2_none,qft,level2_none,RemoveIdentityEquivalent,2026-08-29T17:11:16.225138,20,0.0114,False,33,22,21,12,2,4,0,33,22,21,12,2,4,0,0,0,0,0,-1
qft_L2_none,qft,level2_none,Optimize1qGatesDecomposition,2026-08-29T17:11:16.225281,21,0.0696,True,33,22,21,12,2,4,0,30,21,18,12,2,4,0,-3,-1,-3,0,-1
qft_L2_none,qft,level2_none,CommutativeCancellation,2026-08-29T17:11:16.225416,22,0.0556,False,30,21,18,12,2,4,0,30,21,18,12,2,4,0,0,0,0,0,-1
qft_L2_none,qft,level2_none,ContractIdleWiresInControlFlow,2026-08-29T17:11:16.225482,23,0.0048,False,30,21,18,12,2,4,0,30,21,18,12,2,4,0,0,0,0,0,-1
qft_L2_none,qft,level2_none,GatesInBasis,2026-08-29T17:11:16.225541,24,0.0074,False,30,21,18,12,2,4,0,30,21,18,12,2,4,0,0,0,0,0,-1
qft_L2_none,qft,level2_none,Size,2026-08-29T17:11:16.225600,25,0.0033,False,30,21,18,12,2,4,0,30,21,18,12,2,4,0,0,0,0,0,-1
qft_L2_none,qft,level2_none,Depth,2026-08-29T17:11:16.225655,26,0.005,False,30,21,18,12,2,4,0,30,21,18,12,2,4,0,0,0,0,0,-1
qft_L2_none,qft,level2_none,FixedPoint,2026-08-29T17:11:16.225715,27,0.0062,False,30,21,18,12,2,4,0,30,21,18,12,2,4,0,0,0,0,0,-1
qft_L2_none,qft,level2_none,FixedPoint,2026-08-29T17:11:16.225765,28,0.0045,False,30,21,18,12,2,4,0,30,21,18,12,2,4,0,0,0,0,0,-1
qft_L2_none,qft,level2_none,RemoveIdentityEquivalent,2026-08-29T17:11:16.225830,29,0.0076,False,30,21,18,12,2,4,0,30,21,18,12,2,4,0,0,0,0,0,-1
qft_L2_none,qft,level2_none,Optimize1qGatesDecomposition,2026-08-29T17:11:16.225987,30,0.0808,False,30,21,18,12,2,4,0,30,21,18,12,2,4,0,0,0,0,0,-1
qft_L2_none,qft,level2_none,CommutativeCancellation,2026-08-29T17:11:16.226135,31,0.0682,False,30,21,18,12,2,4,0,30,21,18,12,2,4,0,0,0,0,0,-1
qft_L2_none,qft,level2_none,ContractIdleWiresInControlFlow,2026-08-29T17:11:16.226212,32,0.005,False,30,21,18,12,2,4,0,30,21,18,12,2,4,0,0,0,0,0,-1
qft_L2_none,qft,level2_none,GatesInBasis,2026-08-29T17:11:16.226270,33,0.0055,False,30,21,18,12,2,4,0,30,21,18,12,2,4,0,0,0,0,0,-1
qft_L2_none,qft,level2_none,Size,2026-08-29T17:11:16.226344,34,0.005,False,30,21,18,12,2,4,0,30,21,18,12,2,4,0,0,0,0,0,-1
qft_L2_none,qft,level2_none,Depth,2026-08-29T17:11:16.226416,35,0.0052,False,30,21,18,12,2,4,0,30,21,18,12,2,4,0,0,0,0,0,-1
qft_L2_none,qft,level2_none,FixedPoint,2026-08-29T17:11:16.226500,36,0.0079,False,30,21,18,12,2,4,0,30,21,18,12,2,4,0,0,0,0,0,-1
qft_L2_none,qft,level2_none,FixedPoint,2026-08-29T17:11:16.226564,37,0.0064,False,30,21,18,12,2,4,0,30,21,18,12,2,4,0,0,0,0,0,-1
qft_L2_none,qft,level2_none,ContainsInstruction,2026-08-29T17:11:16.226630,38,0.0086,False,30,21,18,12,2,4,0,30,21,18,12,2,4,0,0,0,0,0,-1
qft_L2_linear,qft,level2_linear,ContainsInstruction,2026-08-29T17:11:16.233649,0,0.0129,False,10,7,4,6,2,4,0,10,7,4,6,2,4,0,0,0,0,0,82.53
qft_L2_linear,qft,level2_linear,UnitarySynthesis,2026-08-29T17:11:16.233730,1,0.0086,False,10,7,4,6,2,4,0,10,7,4,6,2,4,0,0,0,0,0,-1
qft_L2_linear,qft,level2_linear,HighLevelSynthesis,2026-08-29T17:11:16.233774,2,0.0079,False,10,7,4,6,2,4,0,10,7,4,6,2,4,0,0,0,0,0,-1
qft_L2_linear,qft,level2_linear,BasisTranslator,2026-08-29T17:11:16.233834,3,0.0248,False,10,7,4,6,2,4,0,10,7,4,6,2,4,0,0,0,0,0,-1
qft_L2_linear,qft,level2_linear,ElidePermutations,2026-08-29T17:11:16.233876,4,0.0091,False,10,7,4,6,2,4,0,10,7,4,6,2,4,0,0,0,0,0,-1
qft_L2_linear,qft,level2_linear,RemoveDiagonalGatesBeforeMeasure,2026-08-29T17:11:16.233915,5,0.0072,False,10,7,4,6,2,4,0,10,7,4,6,2,4,0,0,0,0,0,-1
qft_L2_linear,qft,level2_linear,RemoveIdentityEquivalent,2026-08-29T17:11:16.233957,6,0.0107,False,10,7,4,6,2,4,0,10,7,4,6,2,4,0,0,0,0,0,-1
qft_L2_linear,qft,level2_linear,InverseCancellation,2026-08-29T17:11:16.234000,7,0.0114,False,10,7,4,6,2,4,0,10,7,4,6,2,4,0,0,0,0,0,-1
qft_L2_linear,qft,level2_linear,ContractIdleWiresInControlFlow,2026-08-29T17:11:16.234048,8,0.005,False,10,7,4,6,2,4,0,10,7,4,6,2,4,0,0,0,0,0,-1
qft_L2_linear,qft,level2_linear,CommutativeCancellation,2026-08-29T17:11:16.234161,9,0.0737,False,10,7,4,6,2,4,0,10,7,4,6,2,4,0,0,0,0,0,-1
qft_L2_linear,qft,level2_linear,ConsolidateBlocks,2026-08-29T17:11:16.234298,10,0.0801,False,10,7,4,6,2,4,0,10,7,4,6,2,4,0,0,0,0,0,-1
qft_L2_linear,qft,level2_linear,Split2QUnitaries,2026-08-29T17:11:16.234338,11,0.0057,False,10,7,4,6,2,4,0,10,7,4,6,2,4,0,0,0,0,0,-1
qft_L2_linear,qft,level2_linear,SetLayout,2026-08-29T17:11:16.234376,12,0.0052,False,10,7,4,6,2,4,0,10,7,4,6,2,4,0,0,0,0,0,-1
qft_L2_linear,qft,level2_linear,VF2Layout,2026-08-29T17:11:16.234499,13,0.0765,False,10,7,4,6,2,4,0,10,7,4,6,2,4,0,0,0,0,0,-1
qft_L2_linear,qft,level2_linear,BarrierBeforeFinalMeasurements,2026-08-29T17:11:16.234550,14,0.0072,False,10,7,4,6,2,4,0,10,7,4,6,2,4,0,0,0,0,0,-1
qft_L2_linear,qft,level2_linear,SabreLayout,2026-08-29T17:11:16.235080,15,0.4737,True,10,7,4,6,2,4,0,13,11,4,9,3,4,0,3,4,0,3,-1
qft_L2_linear,qft,level2_linear,CheckMap,2026-08-29T17:11:16.235165,16,0.015,False,13,11,4,9,3,4,0,13,11,4,9,3,4,0,0,0,0,0,-1
qft_L2_linear,qft,level2_linear,VF2PostLayout,2026-08-29T17:11:16.235245,17,0.0362,False,13,11,4,9,3,4,0,13,11,4,9,3,4,0,0,0,0,0,-1
qft_L2_linear,qft,level2_linear,FilterOpNodes,2026-08-29T17:11:16.235304,18,0.0193,False,13,11,4,9,3,4,0,13,11,4,9,3,4,0,0,0,0,0,-1
qft_L2_linear,qft,level2_linear,UnitarySynthesis,2026-08-29T17:11:16.235349,19,0.0076,False,13,11,4,9,3,4,0,13,11,4,9,3,4,0,0,0,0,0,-1
qft_L2_linear,qft,level2_linear,HighLevelSynthesis,2026-08-29T17:11:16.235410,20,0.0105,False,13,11,4,9,3,4,0,13,11,4,9,3,4,0,0,0,0,0,-1
qft_L2_linear,qft,level2_linear,BasisTranslator,2026-08-29T17:11:16.235878,21,0.3686,True,13,11,4,9,3,4,0,43,33,22,21,2,4,0,30,22,18,12,-1
qft_L2_linear,qft,level2_linear,CheckGateDirection,2026-08-29T17:11:16.235968,22,0.0095,False,43,33,22,21,2,4,0,43,33,22,21,2,4,0,0,0,0,0,-1
qft_L2_linear,qft,level2_linear,GateDirection,2026-08-29T17:11:16.236328,23,0.2396,True,43,33,22,21,2,4,0,83,53,62,21,3,4,0,40,20,40,0,-1
qft_L2_linear,qft,level2_linear,BasisTranslator,2026-08-29T17:11:16.236595,24,0.1516,True,83,53,62,21,3,4,0,83,53,62,21,2,4,0,0,0,0,0,-1
qft_L2_linear,qft,level2_linear,TwoQubitPeepholeOptimization,2026-08-29T17:11:16.236917,25,0.2081,True,83,53,62,21,2,4,0,66,39,47,19,2,4,0,-17,-14,-15,-2,-1
qft_L2_linear,qft,level2_linear,Size,2026-08-29T17:11:16.237056,26,0.0079,False,66,39,47,19,2,4,0,66,39,47,19,2,4,0,0,0,0,0,-1
qft_L2_linear,qft,level2_linear,Depth,2026-08-29T17:11:16.237150,27,0.0072,False,66,39,47,19,2,4,0,66,39,47,19,2,4,0,0,0,0,0,-1
qft_L2_linear,qft,level2_linear,FixedPoint,2026-08-29T17:11:16.237256,28,0.0215,False,66,39,47,19,2,4,0,66,39,47,19,2,4,0,0,0,0,0,-1
qft_L2_linear,qft,level2_linear,FixedPoint,2026-08-29T17:11:16.237342,29,0.0057,False,66,39,47,19,2,4,0,66,39,47,19,2,4,0,0,0,0,0,-1
qft_L2_linear,qft,level2_linear,RemoveIdentityEquivalent,2026-08-29T17:11:16.237449,30,0.0165,False,66,39,47,19,2,4,0,66,39,47,19,2,4,0,0,0,0,0,-1
qft_L2_linear,qft,level2_linear,Optimize1qGatesDecomposition,2026-08-29T17:11:16.237637,31,0.0925,True,66,39,47,19,2,4,0,57,34,38,19,2,4,0,-9,-5,-9,0,-1
qft_L2_linear,qft,level2_linear,CommutativeCancellation,2026-08-29T17:11:16.237800,32,0.0648,False,57,34,38,19,2,4,0,57,34,38,19,2,4,0,0,0,0,0,-1
qft_L2_linear,qft,level2_linear,ContractIdleWiresInControlFlow,2026-08-29T17:11:16.237895,33,0.0052,False,57,34,38,19,2,4,0,57,34,38,19,2,4,0,0,0,0,0,-1
qft_L2_linear,qft,level2_linear,GatesInBasis,2026-08-29T17:11:16.237985,34,0.0095,False,57,34,38,19,2,4,0,57,34,38,19,2,4,0,0,0,0,0,-1
qft_L2_linear,qft,level2_linear,Size,2026-08-29T17:11:16.238084,35,0.0038,False,57,34,38,19,2,4,0,57,34,38,19,2,4,0,0,0,0,0,-1
qft_L2_linear,qft,level2_linear,Depth,2026-08-29T17:11:16.238168,36,0.006,False,57,34,38,19,2,4,0,57,34,38,19,2,4,0,0,0,0,0,-1
qft_L2_linear,qft,level2_linear,FixedPoint,2026-08-29T17:11:16.238248,37,0.0062,False,57,34,38,19,2,4,0,57,34,38,19,2,4,0,0,0,0,0,-1
qft_L2_linear,qft,level2_linear,FixedPoint,2026-08-29T17:11:16.238329,38,0.005,False,57,34,38,19,2,4,0,57,34,38,19,2,4,0,0,0,0,0,-1
qft_L2_linear,qft,level2_linear,RemoveIdentityEquivalent,2026-08-29T17:11:16.238417,39,0.0114,False,57,34,38,19,2,4,0,57,34,38,19,2,4,0,0,0,0,0,-1
qft_L2_linear,qft,level2_linear,Optimize1qGatesDecomposition,2026-08-29T17:11:16.238568,40,0.0546,False,57,34,38,19,2,4,0,57,34,38,19,2,4,0,0,0,0,0,-1
qft_L2_linear,qft,level2_linear,CommutativeCancellation,2026-08-29T17:11:16.238715,41,0.0482,False,57,34,38,19,2,4,0,57,34,38,19,2,4,0,0,0,0,0,-1
qft_L2_linear,qft,level2_linear,ContractIdleWiresInControlFlow,2026-08-29T17:11:16.238801,42,0.0038,False,57,34,38,19,2,4,0,57,34,38,19,2,4,0,0,0,0,0,-1
qft_L2_linear,qft,level2_linear,GatesInBasis,2026-08-29T17:11:16.238886,43,0.0064,False,57,34,38,19,2,4,0,57,34,38,19,2,4,0,0,0,0,0,-1
qft_L2_linear,qft,level2_linear,Size,2026-08-29T17:11:16.238972,44,0.0038,False,57,34,38,19,2,4,0,57,34,38,19,2,4,0,0,0,0,0,-1
qft_L2_linear,qft,level2_linear,Depth,2026-08-29T17:11:16.239067,45,0.0055,False,57,34,38,19,2,4,0,57,34,38,19,2,4,0,0,0,0,0,-1
qft_L2_linear,qft,level2_linear,FixedPoint,2026-08-29T17:11:16.239148,46,0.0062,False,57,34,38,19,2,4,0,57,34,38,19,2,4,0,0,0,0,0,-1
qft_L2_linear,qft,level2_linear,FixedPoint,2026-08-29T17:11:16.239227,47,0.005,False,57,34,38,19,2,4,0,57,34,38,19,2,4,0,0,0,0,0,-1
qft_L2_linear,qft,level2_linear,ContainsInstruction,2026-08-29T17:11:16.239313,48,0.0076,False,57,34,38,19,2,4,0,57,34,38,19,2,4,0,0,0,0,0,-1
qft_L2_ring,qft,level2_ring,ContainsInstruction,2026-08-29T17:11:16.245993,0,0.0129,False,10,7,4,6,2,4,0,10,7,4,6,2,4,0,0,0,0,0,76.76
qft_L2_ring,qft,level2_ring,UnitarySynthesis,2026-08-29T17:11:16.246100,1,0.0093,False,10,7,4,6,2,4,0,10,7,4,6,2,4,0,0,0,0,0,-1
qft_L2_ring,qft,level2_ring,HighLevelSynthesis,2026-08-29T17:11:16.246157,2,0.01,False,10,7,4,6,2,4,0,10,7,4,6,2,4,0,0,0,0,0,-1
qft_L2_ring,qft,level2_ring,BasisTranslator,2026-08-29T17:11:16.246223,3,0.0274,False,10,7,4,6,2,4,0,10,7,4,6,2,4,0,0,0,0,0,-1
qft_L2_ring,qft,level2_ring,ElidePermutations,2026-08-29T17:11:16.246266,4,0.0086,False,10,7,4,6,2,4,0,10,7,4,6,2,4,0,0,0,0,0,-1
qft_L2_ring,qft,level2_ring,RemoveDiagonalGatesBeforeMeasure,2026-08-29T17:11:16.246307,5,0.0076,False,10,7,4,6,2,4,0,10,7,4,6,2,4,0,0,0,0,0,-1
qft_L2_ring,qft,level2_ring,RemoveIdentityEquivalent,2026-08-29T17:11:16.246350,6,0.011,False,10,7,4,6,2,4,0,10,7,4,6,2,4,0,0,0,0,0,-1
qft_L2_ring,qft,level2_ring,InverseCancellation,2026-08-29T17:11:16.246396,7,0.0129,False,10,7,4,6,2,4,0,10,7,4,6,2,4,0,0,0,0,0,-1
qft_L2_ring,qft,level2_ring,ContractIdleWiresInControlFlow,2026-08-29T17:11:16.246433,8,0.005,False,10,7,4,6,2,4,0,10,7,4,6,2,4,0,0,0,0,0,-1
qft_L2_ring,qft,level2_ring,CommutativeCancellation,2026-08-29T17:11:16.246540,9,0.0663,False,10,7,4,6,2,4,0,10,7,4,6,2,4,0,0,0,0,0,-1
qft_L2_ring,qft,level2_ring,ConsolidateBlocks,2026-08-29T17:11:16.246670,10,0.0906,False,10,7,4,6,2,4,0,10,7,4,6,2,4,0,0,0,0,0,-1
qft_L2_ring,qft,level2_ring,Split2QUnitaries,2026-08-29T17:11:16.246710,11,0.0052,False,10,7,4,6,2,4,0,10,7,4,6,2,4,0,0,0,0,0,-1
qft_L2_ring,qft,level2_ring,SetLayout,2026-08-29T17:11:16.246749,12,0.0055,False,10,7,4,6,2,4,0,10,7,4,6,2,4,0,0,0,0,0,-1
qft_L2_ring,qft,level2_ring,VF2Layout,2026-08-29T17:11:16.246853,13,0.0691,False,10,7,4,6,2,4,0,10,7,4,6,2,4,0,0,0,0,0,-1
qft_L2_ring,qft,level2_ring,BarrierBeforeFinalMeasurements,2026-08-29T17:11:16.246913,14,0.0067,False,10,7,4,6,2,4,0,10,7,4,6,2,4,0,0,0,0,0,-1
qft_L2_ring,qft,level2_ring,SabreLayout,2026-08-29T17:11:16.247357,15,0.3891,True,10,7,4,6,2,4,0,12,9,4,8,3,4,0,2,2,0,2,-1
qft_L2_ring,qft,level2_ring,CheckMap,2026-08-29T17:11:16.247433,16,0.0155,False,12,9,4,8,3,4,0,12,9,4,8,3,4,0,0,0,0,0,-1
qft_L2_ring,qft,level2_ring,VF2PostLayout,2026-08-29T17:11:16.247525,17,0.0415,False,12,9,4,8,3,4,0,12,9,4,8,3,4,0,0,0,0,0,-1
qft_L2_ring,qft,level2_ring,FilterOpNodes,2026-08-29T17:11:16.247584,18,0.0193,False,12,9,4,8,3,4,0,12,9,4,8,3,4,0,0,0,0,0,-1
qft_L2_ring,qft,level2_ring,UnitarySynthesis,2026-08-29T17:11:16.247629,19,0.0081,False,12,9,4,8,3,4,0,12,9,4,8,3,4,0,0,0,0,0,-1
qft_L2_ring,qft,level2_ring,HighLevelSynthesis,2026-08-29T17:11:16.247676,20,0.01,False,12,9,4,8,3,4,0,12,9,4,8,3,4,0,0,0,0,0,-1
qft_L2_ring,qft,level2_ring,BasisTranslator,2026-08-29T17:11:16.248156,21,0.392,True,12,9,4,8,3,4,0,40,25,22,18,2,4,0,28,16,18,10,-1
qft_L2_ring,qft,level2_ring,CheckGateDirection,2026-08-29T17:11:16.248240,22,0.0105,False,40,25,22,18,2,4,0,40,25,22,18,2,4,0,0,0,0,0,-1
qft_L2_ring,qft,level2_ring,GateDirection,2026-08-29T17:11:16.248415,23,0.0556,True,40,25,22,18,2,4,0,84,43,66,18,3,4,0,44,18,44,0,-1
qft_L2_ring,qft,level2_ring,BasisTranslator,2026-08-29T17:11:16.248628,24,0.1047,True,84,43,66,18,3,4,0,84,43,66,18,2,4,0,0,0,0,0,-1
qft_L2_ring,qft,level2_ring,TwoQubitPeepholeOptimization,2026-08-29T17:11:16.248902,25,0.1569,True,84,43,66,18,2,4,0,64,29,46,18,2,4,0,-20,-14,-20,0,-1
qft_L2_ring,qft,level2_ring,Size,2026-08-29T17:11:16.249030,26,0.0079,False,64,29,46,18,2,4,0,64,29,46,18,2,4,0,0,0,0,0,-1
qft_L2_ring,qft,level2_ring,Depth,2026-08-29T17:11:16.249117,27,0.0083,False,64,29,46,18,2,4,0,64,29,46,18,2,4,0,0,0,0,0,-1
qft_L2_ring,qft,level2_ring,FixedPoint,2026-08-29T17:11:16.249215,28,0.0167,False,64,29,46,18,2,4,0,64,29,46,18,2,4,0,0,0,0,0,-1
qft_L2_ring,qft,level2_ring,FixedPoint,2026-08-29T17:11:16.249299,29,0.0052,False,64,29,46,18,2,4,0,64,29,46,18,2,4,0,0,0,0,0,-1
qft_L2_ring,qft,level2_ring,RemoveIdentityEquivalent,2026-08-29T17:11:16.249404,30,0.0155,False,64,29,46,18,2,4,0,64,29,46,18,2,4,0,0,0,0,0,-1
qft_L2_ring,qft,level2_ring,Optimize1qGatesDecomposition,2026-08-29T17:11:16.249588,31,0.0899,True,64,29,46,18,2,4,0,53,25,35,18,2,4,0,-11,-4,-11,0,-1
qft_L2_ring,qft,level2_ring,CommutativeCancellation,2026-08-29T17:11:16.249762,32,0.0806,False,53,25,35,18,2,4,0,53,25,35,18,2,4,0,0,0,0,0,-1
qft_L2_ring,qft,level2_ring,ContractIdleWiresInControlFlow,2026-08-29T17:11:16.249847,33,0.005,False,53,25,35,18,2,4,0,53,25,35,18,2,4,0,0,0,0,0,-1
qft_L2_ring,qft,level2_ring,GatesInBasis,2026-08-29T17:11:16.249927,34,0.0093,False,53,25,35,18,2,4,0,53,25,35,18,2,4,0,0,0,0,0,-1
qft_L2_ring,qft,level2_ring,Size,2026-08-29T17:11:16.250024,35,0.0038,False,53,25,35,18,2,4,0,53,25,35,18,2,4,0,0,0,0,0,-1
qft_L2_ring,qft,level2_ring,Depth,2026-08-29T17:11:16.250101,36,0.0062,False,53,25,35,18,2,4,0,53,25,35,18,2,4,0,0,0,0,0,-1
qft_L2_ring,qft,level2_ring,FixedPoint,2026-08-29T17:11:16.250191,37,0.006,False,53,25,35,18,2,4,0,53,25,35,18,2,4,0,0,0,0,0,-1
qft_L2_ring,qft,level2_ring,FixedPoint,2026-08-29T17:11:16.250262,38,0.0048,False,53,25,35,18,2,4,0,53,25,35,18,2,4,0,0,0,0,0,-1
qft_L2_ring,qft,level2_ring,RemoveIdentityEquivalent,2026-08-29T17:11:16.250351,39,0.0114,False,53,25,35,18,2,4,0,53,25,35,18,2,4,0,0,0,0,0,-1
qft_L2_ring,qft,level2_ring,Optimize1qGatesDecomposition,2026-08-29T17:11:16.250501,40,0.0572,False,53,25,35,18,2,4,0,53,25,35,18,2,4,0,0,0,0,0,-1
qft_L2_ring,qft,level2_ring,CommutativeCancellation,2026-08-29T17:11:16.250636,41,0.047,False,53,25,35,18,2,4,0,53,25,35,18,2,4,0,0,0,0,0,-1
qft_L2_ring,qft,level2_ring,ContractIdleWiresInControlFlow,2026-08-29T17:11:16.250717,42,0.0033,False,53,25,35,18,2,4,0,53,25,35,18,2,4,0,0,0,0,0,-1
qft_L2_ring,qft,level2_ring,GatesInBasis,2026-08-29T17:11:16.250800,43,0.0062,False,53,25,35,18,2,4,0,53,25,35,18,2,4,0,0,0,0,0,-1
qft_L2_ring,qft,level2_ring,Size,2026-08-29T17:11:16.250877,44,0.0033,False,53,25,35,18,2,4,0,53,25,35,18,2,4,0,0,0,0,0,-1
qft_L2_ring,qft,level2_ring,Depth,2026-08-29T17:11:16.250947,45,0.0045,False,53,25,35,18,2,4,0,53,25,35,18,2,4,0,0,0,0,0,-1
qft_L2_ring,qft,level2_ring,FixedPoint,2026-08-29T17:11:16.251036,46,0.0052,False,53,25,35,18,2,4,0,53,25,35,18,2,4,0,0,0,0,0,-1
qft_L2_ring,qft,level2_ring,FixedPoint,2026-08-29T17:11:16.251107,47,0.0048,False,53,25,35,18,2,4,0,53,25,35,18,2,4,0,0,0,0,0,-1
qft_L2_ring,qft,level2_ring,ContainsInstruction,2026-08-29T17:11:16.251188,48,0.0074,False,53,25,35,18,2,4,0,53,25,35,18,2,4,0,0,0,0,0,-1
qft_L3_none,qft,level3_none,ContainsInstruction,2026-08-29T17:11:16.257393,0,0.0162,False,10,7,4,6,2,4,0,10,7,4,6,2,4,0,0,0,0,0,63.93
qft_L3_none,qft,level3_none,UnitarySynthesis,2026-08-29T17:11:16.257470,1,0.0083,False,10,7,4,6,2,4,0,10,7,4,6,2,4,0,0,0,0,0,-1
qft_L3_none,qft,level3_none,HighLevelSynthesis,2026-08-29T17:11:16.257515,2,0.0072,False,10,7,4,6,2,4,0,10,7,4,6,2,4,0,0,0,0,0,-1
qft_L3_none,qft,level3_none,BasisTranslator,2026-08-29T17:11:16.257571,3,0.021,False,10,7,4,6,2,4,0,10,7,4,6,2,4,0,0,0,0,0,-1
qft_L3_none,qft,level3_none,ElidePermutations,2026-08-29T17:11:16.257613,4,0.0076,False,10,7,4,6,2,4,0,10,7,4,6,2,4,0,0,0,0,0,-1
qft_L3_none,qft,level3_none,RemoveDiagonalGatesBeforeMeasure,2026-08-29T17:11:16.257654,5,0.0083,False,10,7,4,6,2,4,0,10,7,4,6,2,4,0,0,0,0,0,-1
qft_L3_none,qft,level3_none,RemoveIdentityEquivalent,2026-08-29T17:11:16.257698,6,0.0124,False,10,7,4,6,2,4,0,10,7,4,6,2,4,0,0,0,0,0,-1
qft_L3_none,qft,level3_none,InverseCancellation,2026-08-29T17:11:16.257743,7,0.0122,False,10,7,4,6,2,4,0,10,7,4,6,2,4,0,0,0,0,0,-1
qft_L3_none,qft,level3_none,ContractIdleWiresInControlFlow,2026-08-29T17:11:16.257780,8,0.0057,False,10,7,4,6,2,4,0,10,7,4,6,2,4,0,0,0,0,0,-1
qft_L3_none,qft,level3_none,CommutativeCancellation,2026-08-29T17:11:16.257893,9,0.0722,False,10,7,4,6,2,4,0,10,7,4,6,2,4,0,0,0,0,0,-1
qft_L3_none,qft,level3_none,ConsolidateBlocks,2026-08-29T17:11:16.258027,10,0.083,False,10,7,4,6,2,4,0,10,7,4,6,2,4,0,0,0,0,0,-1
qft_L3_none,qft,level3_none,Split2QUnitaries,2026-08-29T17:11:16.258069,11,0.0057,False,10,7,4,6,2,4,0,10,7,4,6,2,4,0,0,0,0,0,-1
qft_L3_none,qft,level3_none,UnitarySynthesis,2026-08-29T17:11:16.258108,12,0.005,False,10,7,4,6,2,4,0,10,7,4,6,2,4,0,0,0,0,0,-1
qft_L3_none,qft,level3_none,HighLevelSynthesis,2026-08-29T17:11:16.258145,13,0.0072,False,10,7,4,6,2,4,0,10,7,4,6,2,4,0,0,0,0,0,-1
qft_L3_none,qft,level3_none,BasisTranslator,2026-08-29T17:11:16.258584,14,0.3724,True,10,7,4,6,2,4,0,34,23,22,12,2,4,0,24,16,18,6,-1
qft_L3_none,qft,level3_none,Size,2026-08-29T17:11:16.258655,15,0.0062,False,34,23,22,12,2,4,0,34,23,22,12,2,4,0,0,0,0,0,-1
qft_L3_none,qft,level3_none,Depth,2026-08-29T17:11:16.258718,16,0.0057,False,34,23,22,12,2,4,0,34,23,22,12,2,4,0,0,0,0,0,-1
qft_L3_none,qft,level3_none,MinimumPoint,2026-08-29T17:11:16.258823,17,0.0153,False,34,23,22,12,2,4,0,34,23,22,12,2,4,0,0,0,0,0,-1
qft_L3_none,qft,level3_none,TwoQubitPeepholeOptimization,2026-08-29T17:11:16.259068,18,0.1447,True,34,23,22,12,2,4,0,33,22,21,12,2,4,0,-1,-1,-1,0,-1
qft_L3_none,qft,level3_none,RemoveIdentityEquivalent,2026-08-29T17:11:16.259150,19,0.0095,False,33,22,21,12,2,4,0,33,22,21,12,2,4,0,0,0,0,0,-1
qft_L3_none,qft,level3_none,Optimize1qGatesDecomposition,2026-08-29T17:11:16.259295,20,0.0703,True,33,22,21,12,2,4,0,30,21,18,12,2,4,0,-3,-1,-3,0,-1
qft_L3_none,qft,level3_none,CommutativeCancellation,2026-08-29T17:11:16.259445,21,0.072,False,30,21,18,12,2,4,0,30,21,18,12,2,4,0,0,0,0,0,-1
qft_L3_none,qft,level3_none,ContractIdleWiresInControlFlow,2026-08-29T17:11:16.259511,22,0.0045,False,30,21,18,12,2,4,0,30,21,18,12,2,4,0,0,0,0,0,-1
qft_L3_none,qft,level3_none,GatesInBasis,2026-08-29T17:11:16.259577,23,0.0081,False,30,21,18,12,2,4,0,30,21,18,12,2,4,0,0,0,0,0,-1
qft_L3_none,qft,level3_none,Size,2026-08-29T17:11:16.259646,24,0.0048,False,30,21,18,12,2,4,0,30,21,18,12,2,4,0,0,0,0,0,-1
qft_L3_none,qft,level3_none,Depth,2026-08-29T17:11:16.259703,25,0.0048,False,30,21,18,12,2,4,0,30,21,18,12,2,4,0,0,0,0,0,-1
qft_L3_none,qft,level3_none,MinimumPoint,2026-08-29T17:11:16.259796,26,0.0381,False,30,21,18,12,2,4,0,30,21,18,12,2,4,0,0,0,0,0,-1
qft_L3_none,qft,level3_none,TwoQubitPeepholeOptimization,2026-08-29T17:11:16.260000,27,0.1185,False,30,21,18,12,2,4,0,30,21,18,12,2,4,0,0,0,0,0,-1
qft_L3_none,qft,level3_none,RemoveIdentityEquivalent,2026-08-29T17:11:16.260084,28,0.0076,False,30,21,18,12,2,4,0,30,21,18,12,2,4,0,0,0,0,0,-1
qft_L3_none,qft,level3_none,Optimize1qGatesDecomposition,2026-08-29T17:11:16.260201,29,0.0479,False,30,21,18,12,2,4,0,30,21,18,12,2,4,0,0,0,0,0,-1
qft_L3_none,qft,level3_none,CommutativeCancellation,2026-08-29T17:11:16.260329,30,0.0472,False,30,21,18,12,2,4,0,30,21,18,12,2,4,0,0,0,0,0,-1
qft_L3_none,qft,level3_none,ContractIdleWiresInControlFlow,2026-08-29T17:11:16.260392,31,0.0041,False,30,21,18,12,2,4,0,30,21,18,12,2,4,0,0,0,0,0,-1
qft_L3_none,qft,level3_none,GatesInBasis,2026-08-29T17:11:16.260454,32,0.0057,False,30,21,18,12,2,4,0,30,21,18,12,2,4,0,0,0,0,0,-1
qft_L3_none,qft,level3_none,Size,2026-08-29T17:11:16.260519,33,0.0043,False,30,21,18,12,2,4,0,30,21,18,12,2,4,0,0,0,0,0,-1
qft_L3_none,qft,level3_none,Depth,2026-08-29T17:11:16.260574,34,0.0048,False,30,21,18,12,2,4,0,30,21,18,12,2,4,0,0,0,0,0,-1
qft_L3_none,qft,level3_none,MinimumPoint,2026-08-29T17:11:16.260642,35,0.0067,False,30,21,18,12,2,4,0,30,21,18,12,2,4,0,0,0,0,0,-1
qft_L3_none,qft,level3_none,ContainsInstruction,2026-08-29T17:11:16.260712,36,0.0072,False,30,21,18,12,2,4,0,30,21,18,12,2,4,0,0,0,0,0,-1
qft_L3_linear,qft,level3_linear,ContainsInstruction,2026-08-29T17:11:16.267310,0,0.0129,False,10,7,4,6,2,4,0,10,7,4,6,2,4,0,0,0,0,0,77.39
qft_L3_linear,qft,level3_linear,UnitarySynthesis,2026-08-29T17:11:16.267388,1,0.0076,False,10,7,4,6,2,4,0,10,7,4,6,2,4,0,0,0,0,0,-1
qft_L3_linear,qft,level3_linear,HighLevelSynthesis,2026-08-29T17:11:16.267433,2,0.0072,False,10,7,4,6,2,4,0,10,7,4,6,2,4,0,0,0,0,0,-1
qft_L3_linear,qft,level3_linear,BasisTranslator,2026-08-29T17:11:16.267492,3,0.0238,False,10,7,4,6,2,4,0,10,7,4,6,2,4,0,0,0,0,0,-1
qft_L3_linear,qft,level3_linear,ElidePermutations,2026-08-29T17:11:16.267534,4,0.0083,False,10,7,4,6,2,4,0,10,7,4,6,2,4,0,0,0,0,0,-1
qft_L3_linear,qft,level3_linear,RemoveDiagonalGatesBeforeMeasure,2026-08-29T17:11:16.267575,5,0.0076,False,10,7,4,6,2,4,0,10,7,4,6,2,4,0,0,0,0,0,-1
qft_L3_linear,qft,level3_linear,RemoveIdentityEquivalent,2026-08-29T17:11:16.267618,6,0.01,False,10,7,4,6,2,4,0,10,7,4,6,2,4,0,0,0,0,0,-1
qft_L3_linear,qft,level3_linear,InverseCancellation,2026-08-29T17:11:16.267662,7,0.0114,False,10,7,4,6,2,4,0,10,7,4,6,2,4,0,0,0,0,0,-1
qft_L3_linear,qft,level3_linear,ContractIdleWiresInControlFlow,2026-08-29T17:11:16.267700,8,0.0055,False,10,7,4,6,2,4,0,10,7,4,6,2,4,0,0,0,0,0,-1
qft_L3_linear,qft,level3_linear,CommutativeCancellation,2026-08-29T17:11:16.267831,9,0.0775,False,10,7,4,6,2,4,0,10,7,4,6,2,4,0,0,0,0,0,-1
qft_L3_linear,qft,level3_linear,ConsolidateBlocks,2026-08-29T17:11:16.267957,10,0.0875,False,10,7,4,6,2,4,0,10,7,4,6,2,4,0,0,0,0,0,-1
qft_L3_linear,qft,level3_linear,Split2QUnitaries,2026-08-29T17:11:16.267997,11,0.005,False,10,7,4,6,2,4,0,10,7,4,6,2,4,0,0,0,0,0,-1
qft_L3_linear,qft,level3_linear,SetLayout,2026-08-29T17:11:16.268053,12,0.005,False,10,7,4,6,2,4,0,10,7,4,6,2,4,0,0,0,0,0,-1
qft_L3_linear,qft,level3_linear,VF2Layout,2026-08-29T17:11:16.268163,13,0.0753,False,10,7,4,6,2,4,0,10,7,4,6,2,4,0,0,0,0,0,-1
qft_L3_linear,qft,level3_linear,BarrierBeforeFinalMeasurements,2026-08-29T17:11:16.268214,14,0.0076,False,10,7,4,6,2,4,0,10,7,4,6,2,4,0,0,0,0,0,-1
qft_L3_linear,qft,level3_linear,SabreLayout,2026-08-29T17:11:16.269054,15,0.7749,True,10,7,4,6,2,4,0,13,11,4,9,3,4,0,3,4,0,3,-1
qft_L3_linear,qft,level3_linear,CheckMap,2026-08-29T17:11:16.269144,16,0.0155,False,13,11,4,9,3,4,0,13,11,4,9,3,4,0,0,0,0,0,-1
qft_L3_linear,qft,level3_linear,VF2PostLayout,2026-08-29T17:11:16.269234,17,0.0434,False,13,11,4,9,3,4,0,13,11,4,9,3,4,0,0,0,0,0,-1
qft_L3_linear,qft,level3_linear,FilterOpNodes,2026-08-29T17:11:16.269296,18,0.0205,False,13,11,4,9,3,4,0,13,11,4,9,3,4,0,0,0,0,0,-1
qft_L3_linear,qft,level3_linear,UnitarySynthesis,2026-08-29T17:11:16.269342,19,0.0081,False,13,11,4,9,3,4,0,13,11,4,9,3,4,0,0,0,0,0,-1
qft_L3_linear,qft,level3_linear,HighLevelSynthesis,2026-08-29T17:11:16.269391,20,0.0107,False,13,11,4,9,3,4,0,13,11,4,9,3,4,0,0,0,0,0,-1
qft_L3_linear,qft,level3_linear,BasisTranslator,2026-08-29T17:11:16.269893,21,0.4029,True,13,11,4,9,3,4,0,43,33,22,21,2,4,0,30,22,18,12,-1
qft_L3_linear,qft,level3_linear,CheckGateDirection,2026-08-29T17:11:16.269981,22,0.0088,False,43,33,22,21,2,4,0,43,33,22,21,2,4,0,0,0,0,0,-1
qft_L3_linear,qft,level3_linear,GateDirection,2026-08-29T17:11:16.270149,23,0.0551,True,43,33,22,21,2,4,0,83,53,62,21,3,4,0,40,20,40,0,-1
qft_L3_linear,qft,level3_linear,BasisTranslator,2026-08-29T17:11:16.270349,24,0.0861,True,83,53,62,21,3,4,0,83,53,62,21,2,4,0,0,0,0,0,-1
qft_L3_linear,qft,level3_linear,Size,2026-08-29T17:11:16.270462,25,0.0072,False,83,53,62,21,2,4,0,83,53,62,21,2,4,0,0,0,0,0,-1
qft_L3_linear,qft,level3_linear,Depth,2026-08-29T17:11:16.270571,26,0.0072,False,83,53,62,21,2,4,0,83,53,62,21,2,4,0,0,0,0,0,-1
qft_L3_linear,qft,level3_linear,MinimumPoint,2026-08-29T17:11:16.270691,27,0.0172,False,83,53,62,21,2,4,0,83,53,62,21,2,4,0,0,0,0,0,-1
qft_L3_linear,qft,level3_linear,TwoQubitPeepholeOptimization,2026-08-29T17:11:16.271032,28,0.2089,True,83,53,62,21,2,4,0,66,39,47,19,2,4,0,-17,-14,-15,-2,-1
qft_L3_linear,qft,level3_linear,RemoveIdentityEquivalent,2026-08-29T17:11:16.271157,29,0.016,False,66,39,47,19,2,4,0,66,39,47,19,2,4,0,0,0,0,0,-1
qft_L3_linear,qft,level3_linear,Optimize1qGatesDecomposition,2026-08-29T17:11:16.271384,30,0.1254,True,66,39,47,19,2,4,0,57,34,38,19,2,4,0,-9,-5,-9,0,-1
qft_L3_linear,qft,level3_linear,CommutativeCancellation,2026-08-29T17:11:16.271580,31,0.0834,False,57,34,38,19,2,4,0,57,34,38,19,2,4,0,0,0,0,0,-1
qft_L3_linear,qft,level3_linear,ContractIdleWiresInControlFlow,2026-08-29T17:11:16.271698,32,0.0064,False,57,34,38,19,2,4,0,57,34,38,19,2,4,0,0,0,0,0,-1
qft_L3_linear,qft,level3_linear,GatesInBasis,2026-08-29T17:11:16.271794,33,0.0095,False,57,34,38,19,2,4,0,57,34,38,19,2,4,0,0,0,0,0,-1
qft_L3_linear,qft,level3_linear,Size,2026-08-29T17:11:16.271888,34,0.0052,False,57,34,38,19,2,4,0,57,34,38,19,2,4,0,0,0,0,0,-1
qft_L3_linear,qft,level3_linear,Depth,2026-08-29T17:11:16.271970,35,0.0062,False,57,34,38,19,2,4,0,57,34,38,19,2,4,0,0,0,0,0,-1
qft_L3_linear,qft,level3_linear,MinimumPoint,2026-08-29T17:11:16.272096,36,0.0525,False,57,34,38,19,2,4,0,57,34,38,19,2,4,0,0,0,0,0,-1
qft_L3_linear,qft,level3_linear,TwoQubitPeepholeOptimization,2026-08-29T17:11:16.272308,37,0.0985,False,57,34,38,19,2,4,0,57,34,38,19,2,4,0,0,0,0,0,-1
qft_L3_linear,qft,level3_linear,RemoveIdentityEquivalent,2026-08-29T17:11:16.272420,38,0.0126,False,57,34,38,19,2,4,0,57,34,38,19,2,4,0,0,0,0,0,-1
qft_L3_linear,qft,level3_linear,Optimize1qGatesDecomposition,2026-08-29T17:11:16.272575,39,0.0572,False,57,34,38,19,2,4,0,57,34,38,19,2,4,0,0,0,0,0,-1
qft_L3_linear,qft,level3_linear,CommutativeCancellation,2026-08-29T17:11:16.272726,40,0.0503,False,57,34,38,19,2,4,0,57,34,38,19,2,4,0,0,0,0,0,-1
qft_L3_linear,qft,level3_linear,ContractIdleWiresInControlFlow,2026-08-29T17:11:16.272820,41,0.0043,False,57,34,38,19,2,4,0,57,34,38,19,2,4,0,0,0,0,0,-1
qft_L3_linear,qft,level3_linear,GatesInBasis,2026-08-29T17:11:16.272901,42,0.0074,False,57,34,38,19,2,4,0,57,34,38,19,2,4,0,0,0,0,0,-1
qft_L3_linear,qft,level3_linear,Size,2026-08-29T17:11:16.272980,43,0.0038,False,57,34,38,19,2,4,0,57,34,38,19,2,4,0,0,0,0,0,-1
qft_L3_linear,qft,level3_linear,Depth,2026-08-29T17:11:16.273073,44,0.006,False,57,34,38,19,2,4,0,57,34,38,19,2,4,0,0,0,0,0,-1
qft_L3_linear,qft,level3_linear,MinimumPoint,2026-08-29T17:11:16.273161,45,0.0086,False,57,34,38,19,2,4,0,57,34,38,19,2,4,0,0,0,0,0,-1
qft_L3_linear,qft,level3_linear,VF2PostLayout,2026-08-29T17:11:16.273324,46,0.0563,False,57,34,38,19,2,4,0,57,34,38,19,2,4,0,0,0,0,0,-1
qft_L3_linear,qft,level3_linear,ContainsInstruction,2026-08-29T17:11:16.273442,47,0.0093,False,57,34,38,19,2,4,0,57,34,38,19,2,4,0,0,0,0,0,-1
qft_L3_ring,qft,level3_ring,ContainsInstruction,2026-08-29T17:11:16.280552,0,0.0141,False,10,7,4,6,2,4,0,10,7,4,6,2,4,0,0,0,0,0,82.28
qft_L3_ring,qft,level3_ring,UnitarySynthesis,2026-08-29T17:11:16.280625,1,0.0076,False,10,7,4,6,2,4,0,10,7,4,6,2,4,0,0,0,0,0,-1
qft_L3_ring,qft,level3_ring,HighLevelSynthesis,2026-08-29T17:11:16.280673,2,0.0079,False,10,7,4,6,2,4,0,10,7,4,6,2,4,0,0,0,0,0,-1
qft_L3_ring,qft,level3_ring,BasisTranslator,2026-08-29T17:11:16.280733,3,0.026,False,10,7,4,6,2,4,0,10,7,4,6,2,4,0,0,0,0,0,-1
qft_L3_ring,qft,level3_ring,ElidePermutations,2026-08-29T17:11:16.280776,4,0.0079,False,10,7,4,6,2,4,0,10,7,4,6,2,4,0,0,0,0,0,-1
qft_L3_ring,qft,level3_ring,RemoveDiagonalGatesBeforeMeasure,2026-08-29T17:11:16.280817,5,0.0079,False,10,7,4,6,2,4,0,10,7,4,6,2,4,0,0,0,0,0,-1
qft_L3_ring,qft,level3_ring,RemoveIdentityEquivalent,2026-08-29T17:11:16.280862,6,0.0122,False,10,7,4,6,2,4,0,10,7,4,6,2,4,0,0,0,0,0,-1
qft_L3_ring,qft,level3_ring,InverseCancellation,2026-08-29T17:11:16.280908,7,0.0119,False,10,7,4,6,2,4,0,10,7,4,6,2,4,0,0,0,0,0,-1
qft_L3_ring,qft,level3_ring,ContractIdleWiresInControlFlow,2026-08-29T17:11:16.280946,8,0.0052,False,10,7,4,6,2,4,0,10,7,4,6,2,4,0,0,0,0,0,-1
qft_L3_ring,qft,level3_ring,CommutativeCancellation,2026-08-29T17:11:16.281145,9,0.1462,False,10,7,4,6,2,4,0,10,7,4,6,2,4,0,0,0,0,0,-1
qft_L3_ring,qft,level3_ring,ConsolidateBlocks,2026-08-29T17:11:16.281277,10,0.0911,False,10,7,4,6,2,4,0,10,7,4,6,2,4,0,0,0,0,0,-1
qft_L3_ring,qft,level3_ring,Split2QUnitaries,2026-08-29T17:11:16.281317,11,0.0052,False,10,7,4,6,2,4,0,10,7,4,6,2,4,0,0,0,0,0,-1
qft_L3_ring,qft,level3_ring,SetLayout,2026-08-29T17:11:16.281357,12,0.0057,False,10,7,4,6,2,4,0,10,7,4,6,2,4,0,0,0,0,0,-1
qft_L3_ring,qft,level3_ring,VF2Layout,2026-08-29T17:11:16.281461,13,0.0691,False,10,7,4,6,2,4,0,10,7,4,6,2,4,0,0,0,0,0,-1
qft_L3_ring,qft,level3_ring,BarrierBeforeFinalMeasurements,2026-08-29T17:11:16.281530,14,0.0074,False,10,7,4,6,2,4,0,10,7,4,6,2,4,0,0,0,0,0,-1
qft_L3_ring,qft,level3_ring,SabreLayout,2026-08-29T17:11:16.282421,15,0.8409,True,10,7,4,6,2,4,0,12,9,4,8,3,4,0,2,2,0,2,-1
qft_L3_ring,qft,level3_ring,CheckMap,2026-08-29T17:11:16.282508,16,0.0157,False,12,9,4,8,3,4,0,12,9,4,8,3,4,0,0,0,0,0,-1
qft_L3_ring,qft,level3_ring,VF2PostLayout,2026-08-29T17:11:16.282592,17,0.0403,False,12,9,4,8,3,4,0,12,9,4,8,3,4,0,0,0,0,0,-1
qft_L3_ring,qft,level3_ring,FilterOpNodes,2026-08-29T17:11:16.282650,18,0.0184,False,12,9,4,8,3,4,0,12,9,4,8,3,4,0,0,0,0,0,-1
qft_L3_ring,qft,level3_ring,UnitarySynthesis,2026-08-29T17:11:16.282696,19,0.0069,False,12,9,4,8,3,4,0,12,9,4,8,3,4,0,0,0,0,0,-1
qft_L3_ring,qft,level3_ring,HighLevelSynthesis,2026-08-29T17:11:16.282746,20,0.0095,False,12,9,4,8,3,4,0,12,9,4,8,3,4,0,0,0,0,0,-1
qft_L3_ring,qft,level3_ring,BasisTranslator,2026-08-29T17:11:16.283224,21,0.397,True,12,9,4,8,3,4,0,40,27,22,18,2,4,0,28,18,18,10,-1
qft_L3_ring,qft,level3_ring,CheckGateDirection,2026-08-29T17:11:16.283325,22,0.0103,False,40,27,22,18,2,4,0,40,27,22,18,2,4,0,0,0,0,0,-1
qft_L3_ring,qft,level3_ring,GateDirection,2026-08-29T17:11:16.283489,23,0.0498,True,40,27,22,18,2,4,0,80,43,62,18,3,4,0,40,16,40,0,-1
qft_L3_ring,qft,level3_ring,BasisTranslator,2026-08-29T17:11:16.283673,24,0.0854,True,80,43,62,18,3,4,0,80,43,62,18,2,4,0,0,0,0,0,-1
qft_L3_ring,qft,level3_ring,Size,2026-08-29T17:11:16.283780,25,0.0067,False,80,43,62,18,2,4,0,80,43,62,18,2,4,0,0,0,0,0,-1
qft_L3_ring,qft,level3_ring,Depth,2026-08-29T17:11:16.283886,26,0.0076,False,80,43,62,18,2,4,0,80,43,62,18,2,4,0,0,0,0,0,-1
qft_L3_ring,qft,level3_ring,MinimumPoint,2026-08-29T17:11:16.284019,27,0.0176,False,80,43,62,18,2,4,0,80,43,62,18,2,4,0,0,0,0,0,-1
qft_L3_ring,qft,level3_ring,TwoQubitPeepholeOptimization,2026-08-29T17:11:16.284299,28,0.1671,True,80,43,62,18,2,4,0,59,29,43,16,2,4,0,-21,-14,-19,-2,-1
qft_L3_ring,qft,level3_ring,RemoveIdentityEquivalent,2026-08-29T17:11:16.284418,29,0.0162,False,59,29,43,16,2,4,0,59,29,43,16,2,4,0,0,0,0,0,-1
qft_L3_ring,qft,level3_ring,Optimize1qGatesDecomposition,2026-08-29T17:11:16.284599,30,0.083,True,59,29,43,16,2,4,0,50,25,34,16,2,4,0,-9,-4,-9,0,-1
qft_L3_ring,qft,level3_ring,CommutativeCancellation,2026-08-29T17:11:16.284759,31,0.0639,False,50,25,34,16,2,4,0,50,25,34,16,2,4,0,0,0,0,0,-1
qft_L3_ring,qft,level3_ring,ContractIdleWiresInControlFlow,2026-08-29T17:11:16.284845,32,0.006,False,50,25,34,16,2,4,0,50,25,34,16,2,4,0,0,0,0,0,-1
qft_L3_ring,qft,level3_ring,GatesInBasis,2026-08-29T17:11:16.284924,33,0.0093,False,50,25,34,16,2,4,0,50,25,34,16,2,4,0,0,0,0,0,-1
qft_L3_ring,qft,level3_ring,Size,2026-08-29T17:11:16.285006,34,0.0048,False,50,25,34,16,2,4,0,50,25,34,16,2,4,0,0,0,0,0,-1
qft_L3_ring,qft,level3_ring,Depth,2026-08-29T17:11:16.285089,35,0.0055,False,50,25,34,16,2,4,0,50,25,34,16,2,4,0,0,0,0,0,-1
qft_L3_ring,qft,level3_ring,MinimumPoint,2026-08-29T17:11:16.285200,36,0.0401,False,50,25,34,16,2,4,0,50,25,34,16,2,4,0,0,0,0,0,-1
qft_L3_ring,qft,level3_ring,TwoQubitPeepholeOptimization,2026-08-29T17:11:16.285415,37,0.1004,False,50,25,34,16,2,4,0,50,25,34,16,2,4,0,0,0,0,0,-1
qft_L3_ring,qft,level3_ring,RemoveIdentityEquivalent,2026-08-29T17:11:16.285512,38,0.0114,False,50,25,34,16,2,4,0,50,25,34,16,2,4,0,0,0,0,0,-1
qft_L3_ring,qft,level3_ring,Optimize1qGatesDecomposition,2026-08-29T17:11:16.285660,39,0.0598,False,50,25,34,16,2,4,0,50,25,34,16,2,4,0,0,0,0,0,-1
qft_L3_ring,qft,level3_ring,CommutativeCancellation,2026-08-29T17:11:16.285816,40,0.0582,False,50,25,34,16,2,4,0,50,25,34,16,2,4,0,0,0,0,0,-1
qft_L3_ring,qft,level3_ring,ContractIdleWiresInControlFlow,2026-08-29T17:11:16.285898,41,0.0043,False,50,25,34,16,2,4,0,50,25,34,16,2,4,0,0,0,0,0,-1
qft_L3_ring,qft,level3_ring,GatesInBasis,2026-08-29T17:11:16.285978,42,0.0067,False,50,25,34,16,2,4,0,50,25,34,16,2,4,0,0,0,0,0,-1
qft_L3_ring,qft,level3_ring,Size,2026-08-29T17:11:16.286073,43,0.0045,False,50,25,34,16,2,4,0,50,25,34,16,2,4,0,0,0,0,0,-1
qft_L3_ring,qft,level3_ring,Depth,2026-08-29T17:11:16.286146,44,0.0055,False,50,25,34,16,2,4,0,50,25,34,16,2,4,0,0,0,0,0,-1
qft_L3_ring,qft,level3_ring,MinimumPoint,2026-08-29T17:11:16.286223,45,0.0067,False,50,25,34,16,2,4,0,50,25,34,16,2,4,0,0,0,0,0,-1
qft_L3_ring,qft,level3_ring,VF2PostLayout,2026-08-29T17:11:16.286354,46,0.0458,False,50,25,34,16,2,4,0,50,25,34,16,2,4,0,0,0,0,0,-1
qft_L3_ring,qft,level3_ring,ContainsInstruction,2026-08-29T17:11:16.286434,47,0.0074,False,50,25,34,16,2,4,0,50,25,34,16,2,4,0,0,0,0,0,-1
full_entangle_L0_none,full_entangle,level0_none,ContainsInstruction,2026-08-29T17:11:16.289408,0,0.0134,False,10,6,4,6,2,4,0,10,6,4,6,2,4,0,0,0,0,0,15.46
full_entangle_L0_none,full_entangle,level0_none,UnitarySynthesis,2026-08-29T17:11:16.289489,1,0.0083,False,10,6,4,6,2,4,0,10,6,4,6,2,4,0,0,0,0,0,-1
full_entangle_L0_none,full_entangle,level0_none,HighLevelSynthesis,2026-08-29T17:11:16.289534,2,0.0093,False,10,6,4,6,2,4,0,10,6,4,6,2,4,0,0,0,0,0,-1
full_entangle_L0_none,full_entangle,level0_none,BasisTranslator,2026-08-29T17:11:16.289859,3,0.2716,True,10,6,4,6,2,4,0,22,12,16,6,2,4,0,12,6,12,0,-1
full_entangle_L0_none,full_entangle,level0_none,ContainsInstruction,2026-08-29T17:11:16.289925,4,0.0067,False,22,12,16,6,2,4,0,22,12,16,6,2,4,0,0,0,0,0,-1
full_entangle_L0_linear,full_entangle,level0_linear,ContainsInstruction,2026-08-29T17:11:16.293471,0,0.0117,False,10,6,4,6,2,4,0,10,6,4,6,2,4,0,0,0,0,0,43.74
full_entangle_L0_linear,full_entangle,level0_linear,UnitarySynthesis,2026-08-29T17:11:16.293544,1,0.0076,False,10,6,4,6,2,4,0,10,6,4,6,2,4,0,0,0,0,0,-1
full_entangle_L0_linear,full_entangle,level0_linear,HighLevelSynthesis,2026-08-29T17:11:16.293590,2,0.0067,False,10,6,4,6,2,4,0,10,6,4,6,2,4,0,0,0,0,0,-1
full_entangle_L0_linear,full_entangle,level0_linear,BasisTranslator,2026-08-29T17:11:16.293648,3,0.0231,False,10,6,4,6,2,4,0,10,6,4,6,2,4,0,0,0,0,0,-1
full_entangle_L0_linear,full_entangle,level0_linear,SetLayout,2026-08-29T17:11:16.293686,4,0.005,False,10,6,4,6,2,4,0,10,6,4,6,2,4,0,0,0,0,0,-1
full_entangle_L0_linear,full_entangle,level0_linear,TrivialLayout,2026-08-29T17:11:16.293778,5,0.0558,False,10,6,4,6,2,4,0,10,6,4,6,2,4,0,0,0,0,0,-1
full_entangle_L0_linear,full_entangle,level0_linear,FullAncillaAllocation,2026-08-29T17:11:16.293828,6,0.0162,False,10,6,4,6,2,4,0,10,6,4,6,2,4,0,0,0,0,0,-1
full_entangle_L0_linear,full_entangle,level0_linear,EnlargeWithAncilla,2026-08-29T17:11:16.293871,7,0.0107,False,10,6,4,6,2,4,0,10,6,4,6,2,4,0,0,0,0,0,-1
full_entangle_L0_linear,full_entangle,level0_linear,ApplyLayout,2026-08-29T17:11:16.294030,8,0.0758,False,10,6,4,6,2,4,0,10,6,4,6,2,4,0,0,0,0,0,-1
full_entangle_L0_linear,full_entangle,level0_linear,CheckMap,2026-08-29T17:11:16.294091,9,0.0234,False,10,6,4,6,2,4,0,10,6,4,6,2,4,0,0,0,0,0,-1
full_entangle_L0_linear,full_entangle,level0_linear,BarrierBeforeFinalMeasurements,2026-08-29T17:11:16.294134,10,0.0074,False,10,6,4,6,2,4,0,10,6,4,6,2,4,0,0,0,0,0,-1
full_entangle_L0_linear,full_entangle,level0_linear,SabreSwap,2026-08-29T17:11:16.294466,11,0.2744,True,10,6,4,6,2,4,0,14,10,4,10,3,4,0,4,4,0,4,-1
full_entangle_L0_linear,full_entangle,level0_linear,FilterOpNodes,2026-08-29T17:11:16.294555,12,0.0215,False,14,10,4,10,3,4,0,14,10,4,10,3,4,0,0,0,0,0,-1
full_entangle_L0_linear,full_entangle,level0_linear,UnitarySynthesis,2026-08-29T17:11:16.294608,13,0.0067,False,14,10,4,10,3,4,0,14,10,4,10,3,4,0,0,0,0,0,-1
full_entangle_L0_linear,full_entangle,level0_linear,HighLevelSynthesis,2026-08-29T17:11:16.294654,14,0.0091,False,14,10,4,10,3,4,0,14,10,4,10,3,4,0,0,0,0,0,-1
full_entangle_L0_linear,full_entangle,level0_linear,BasisTranslator,2026-08-29T17:11:16.295080,15,0.3331,True,14,10,4,10,3,4,0,34,26,16,18,2,4,0,20,16,12,8,-1
full_entangle_L0_linear,full_entangle,level0_linear,CheckGateDirection,2026-08-29T17:11:16.295182,16,0.0126,False,34,26,16,18,2,4,0,34,26,16,18,2,4,0,0,0,0,0,-1
full_entangle_L0_linear,full_entangle,level0_linear,GateDirection,2026-08-29T17:11:16.295338,17,0.0432,True,34,26,16,18,2,4,0,62,40,44,18,3,4,0,28,14,28,0,-1
full_entangle_L0_linear,full_entangle,level0_linear,BasisTranslator,2026-08-29T17:11:16.295520,18,0.0939,True,62,40,44,18,3,4,0,62,40,44,18,2,4,0,0,0,0,0,-1
full_entangle_L0_linear,full_entangle,level0_linear,ContainsInstruction,2026-08-29T17:11:16.295614,19,0.0093,False,62,40,44,18,2,4,0,62,40,44,18,2,4,0,0,0,0,0,-1
full_entangle_L0_ring,full_entangle,level0_ring,ContainsInstruction,2026-08-29T17:11:16.299321,0,0.0134,False,10,6,4,6,2,4,0,10,6,4,6,2,4,0,0,0,0,0,41.81
full_entangle_L0_ring,full_entangle,level0_ring,UnitarySynthesis,2026-08-29T17:11:16.299397,1,0.0076,False,10,6,4,6,2,4,0,10,6,4,6,2,4,0,0,0,0,0,-1
full_entangle_L0_ring,full_entangle,level0_ring,HighLevelSynthesis,2026-08-29T17:11:16.299441,2,0.0072,False,10,6,4,6,2,4,0,10,6,4,6,2,4,0,0,0,0,0,-1
full_entangle_L0_ring,full_entangle,level0_ring,BasisTranslator,2026-08-29T17:11:16.299499,3,0.0236,False,10,6,4,6,2,4,0,10,6,4,6,2,4,0,0,0,0,0,-1
full_entangle_L0_ring,full_entangle,level0_ring,SetLayout,2026-08-29T17:11:16.299538,4,0.0052,False,10,6,4,6,2,4,0,10,6,4,6,2,4,0,0,0,0,0,-1
full_entangle_L0_ring,full_entangle,level0_ring,TrivialLayout,2026-08-29T17:11:16.299626,5,0.0522,False,10,6,4,6,2,4,0,10,6,4,6,2,4,0,0,0,0,0,-1
full_entangle_L0_ring,full_entangle,level0_ring,FullAncillaAllocation,2026-08-29T17:11:16.299677,6,0.016,False,10,6,4,6,2,4,0,10,6,4,6,2,4,0,0,0,0,0,-1
full_entangle_L0_ring,full_entangle,level0_ring,EnlargeWithAncilla,2026-08-29T17:11:16.299719,7,0.0105,False,10,6,4,6,2,4,0,10,6,4,6,2,4,0,0,0,0,0,-1
full_entangle_L0_ring,full_entangle,level0_ring,ApplyLayout,2026-08-29T17:11:16.299849,8,0.0722,False,10,6,4,6,2,4,0,10,6,4,6,2,4,0,0,0,0,0,-1
full_entangle_L0_ring,full_entangle,level0_ring,CheckMap,2026-08-29T17:11:16.299908,9,0.0238,False,10,6,4,6,2,4,0,10,6,4,6,2,4,0,0,0,0,0,-1
full_entangle_L0_ring,full_entangle,level0_ring,BarrierBeforeFinalMeasurements,2026-08-29T17:11:16.299951,10,0.0074,False,10,6,4,6,2,4,0,10,6,4,6,2,4,0,0,0,0,0,-1
full_entangle_L0_ring,full_entangle,level0_ring,SabreSwap,2026-08-29T17:11:16.300353,11,0.3417,True,10,6,4,6,2,4,0,12,8,4,8,3,4,0,2,2,0,2,-1
full_entangle_L0_ring,full_entangle,level0_ring,FilterOpNodes,2026-08-29T17:11:16.300426,12,0.0188,False,12,8,4,8,3,4,0,12,8,4,8,3,4,0,0,0,0,0,-1
full_entangle_L0_ring,full_entangle,level0_ring,UnitarySynthesis,2026-08-29T17:11:16.300470,13,0.0062,False,12,8,4,8,3,4,0,12,8,4,8,3,4,0,0,0,0,0,-1
full_entangle_L0_ring,full_entangle,level0_ring,HighLevelSynthesis,2026-08-29T17:11:16.300521,14,0.0098,False,12,8,4,8,3,4,0,12,8,4,8,3,4,0,0,0,0,0,-1
full_entangle_L0_ring,full_entangle,level0_ring,BasisTranslator,2026-08-29T17:11:16.300909,15,0.3266,True,12,8,4,8,3,4,0,28,18,16,12,2,4,0,16,10,12,4,-1
full_entangle_L0_ring,full_entangle,level0_ring,CheckGateDirection,2026-08-29T17:11:16.300988,16,0.011,False,28,18,16,12,2,4,0,28,18,16,12,2,4,0,0,0,0,0,-1
full_entangle_L0_ring,full_entangle,level0_ring,GateDirection,2026-08-29T17:11:16.301125,17,0.047,True,28,18,16,12,2,4,0,52,30,40,12,3,4,0,24,12,24,0,-1
full_entangle_L0_ring,full_entangle,level0_ring,BasisTranslator,2026-08-29T17:11:16.301287,18,0.0899,True,52,30,40,12,3,4,0,52,30,40,12,2,4,0,0,0,0,0,-1
full_entangle_L0_ring,full_entangle,level0_ring,ContainsInstruction,2026-08-29T17:11:16.301391,19,0.0083,False,52,30,40,12,2,4,0,52,30,40,12,2,4,0,0,0,0,0,-1
full_entangle_L1_none,full_entangle,level1_none,ContainsInstruction,2026-08-29T17:11:16.304938,0,0.0114,False,10,6,4,6,2,4,0,10,6,4,6,2,4,0,0,0,0,0,42.25
full_entangle_L1_none,full_entangle,level1_none,InverseCancellation,2026-08-29T17:11:16.305029,1,0.0155,False,10,6,4,6,2,4,0,10,6,4,6,2,4,0,0,0,0,0,-1
full_entangle_L1_none,full_entangle,level1_none,ContractIdleWiresInControlFlow,2026-08-29T17:11:16.305072,2,0.0045,False,10,6,4,6,2,4,0,10,6,4,6,2,4,0,0,0,0,0,-1
full_entangle_L1_none,full_entangle,level1_none,UnitarySynthesis,2026-08-29T17:11:16.305110,3,0.0069,False,10,6,4,6,2,4,0,10,6,4,6,2,4,0,0,0,0,0,-1
full_entangle_L1_none,full_entangle,level1_none,HighLevelSynthesis,2026-08-29T17:11:16.305156,4,0.0083,False,10,6,4,6,2,4,0,10,6,4,6,2,4,0,0,0,0,0,-1
full_entangle_L1_none,full_entangle,level1_none,BasisTranslator,2026-08-29T17:11:16.305516,5,0.2949,True,10,6,4,6,2,4,0,22,12,16,6,2,4,0,12,6,12,0,-1
full_entangle_L1_none,full_entangle,level1_none,Size,2026-08-29T17:11:16.305593,6,0.0069,False,22,12,16,6,2,4,0,22,12,16,6,2,4,0,0,0,0,0,-1
full_entangle_L1_none,full_entangle,level1_none,Depth,2026-08-29T17:11:16.305660,7,0.0057,False,22,12,16,6,2,4,0,22,12,16,6,2,4,0,0,0,0,0,-1
full_entangle_L1_none,full_entangle,level1_none,FixedPoint,2026-08-29T17:11:16.305714,8,0.0141,False,22,12,16,6,2,4,0,22,12,16,6,2,4,0,0,0,0,0,-1
full_entangle_L1_none,full_entangle,level1_none,FixedPoint,2026-08-29T17:11:16.305757,9,0.005,False,22,12,16,6,2,4,0,22,12,16,6,2,4,0,0,0,0,0,-1
full_entangle_L1_none,full_entangle,level1_none,Optimize1qGatesDecomposition,2026-08-29T17:11:16.305964,10,0.1533,True,22,12,16,6,2,4,0,16,9,10,6,2,4,0,-6,-3,-6,0,-1
full_entangle_L1_none,full_entangle,level1_none,InverseCancellation,2026-08-29T17:11:16.306051,11,0.0286,False,16,9,10,6,2,4,0,16,9,10,6,2,4,0,0,0,0,0,-1
full_entangle_L1_none,full_entangle,level1_none,ContractIdleWiresInControlFlow,2026-08-29T17:11:16.306097,12,0.005,False,16,9,10,6,2,4,0,16,9,10,6,2,4,0,0,0,0,0,-1
full_entangle_L1_none,full_entangle,level1_none,GatesInBasis,2026-08-29T17:11:16.306145,13,0.0074,False,16,9,10,6,2,4,0,16,9,10,6,2,4,0,0,0,0,0,-1
full_entangle_L1_none,full_entangle,level1_none,Size,2026-08-29T17:11:16.306189,14,0.0038,False,16,9,10,6,2,4,0,16,9,10,6,2,4,0,0,0,0,0,-1
full_entangle_L1_none,full_entangle,level1_none,Depth,2026-08-29T17:11:16.306227,15,0.0041,False,16,9,10,6,2,4,0,16,9,10,6,2,4,0,0,0,0,0,-1
full_entangle_L1_none,full_entangle,level1_none,FixedPoint,2026-08-29T17:11:16.306270,16,0.0062,False,16,9,10,6,2,4,0,16,9,10,6,2,4,0,0,0,0,0,-1
full_entangle_L1_none,full_entangle,level1_none,FixedPoint,2026-08-29T17:11:16.306306,17,0.0048,False,16,9,10,6,2,4,0,16,9,10,6,2,4,0,0,0,0,0,-1
full_entangle_L1_none,full_entangle,level1_none,Optimize1qGatesDecomposition,2026-08-29T17:11:16.306406,18,0.0498,False,16,9,10,6,2,4,0,16,9,10,6,2,4,0,0,0,0,0,-1
full_entangle_L1_none,full_entangle,level1_none,InverseCancellation,2026-08-29T17:11:16.306462,19,0.0074,False,16,9,10,6,2,4,0,16,9,10,6,2,4,0,0,0,0,0,-1
full_entangle_L1_none,full_entangle,level1_none,ContractIdleWiresInControlFlow,2026-08-29T17:11:16.306508,20,0.0043,False,16,9,10,6,2,4,0,16,9,10,6,2,4,0,0,0,0,0,-1
full_entangle_L1_none,full_entangle,level1_none,GatesInBasis,2026-08-29T17:11:16.306548,21,0.0041,False,16,9,10,6,2,4,0,16,9,10,6,2,4,0,0,0,0,0,-1
full_entangle_L1_none,full_entangle,level1_none,Size,2026-08-29T17:11:16.306588,22,0.0033,False,16,9,10,6,2,4,0,16,9,10,6,2,4,0,0,0,0,0,-1
full_entangle_L1_none,full_entangle,level1_none,Depth,2026-08-29T17:11:16.306624,23,0.0043,False,16,9,10,6,2,4,0,16,9,10,6,2,4,0,0,0,0,0,-1
full_entangle_L1_none,full_entangle,level1_none,FixedPoint,2026-08-29T17:11:16.306690,24,0.0057,False,16,9,10,6,2,4,0,16,9,10,6,2,4,0,0,0,0,0,-1
full_entangle_L1_none,full_entangle,level1_none,FixedPoint,2026-08-29T17:11:16.306726,25,0.0041,False,16,9,10,6,2,4,0,16,9,10,6,2,4,0,0,0,0,0,-1
full_entangle_L1_none,full_entangle,level1_none,ContainsInstruction,2026-08-29T17:11:16.306768,26,0.0064,False,16,9,10,6,2,4,0,16,9,10,6,2,4,0,0,0,0,0,-1
full_entangle_L1_linear,full_entangle,level1_linear,ContainsInstruction,2026-08-29T17:11:16.311970,0,0.0122,False,10,6,4,6,2,4,0,10,6,4,6,2,4,0,0,0,0,0,78.65
full_entangle_L1_linear,full_entangle,level1_linear,UnitarySynthesis,2026-08-29T17:11:16.312055,1,0.0079,False,10,6,4,6,2,4,0,10,6,4,6,2,4,0,0,0,0,0,-1
full_entangle_L1_linear,full_entangle,level1_linear,HighLevelSynthesis,2026-08-29T17:11:16.312101,2,0.0076,False,10,6,4,6,2,4,0,10,6,4,6,2,4,0,0,0,0,0,-1
full_entangle_L1_linear,full_entangle,level1_linear,BasisTranslator,2026-08-29T17:11:16.312158,3,0.0219,False,10,6,4,6,2,4,0,10,6,4,6,2,4,0,0,0,0,0,-1
full_entangle_L1_linear,full_entangle,level1_linear,InverseCancellation,2026-08-29T17:11:16.312208,4,0.0172,False,10,6,4,6,2,4,0,10,6,4,6,2,4,0,0,0,0,0,-1
full_entangle_L1_linear,full_entangle,level1_linear,ContractIdleWiresInControlFlow,2026-08-29T17:11:16.312246,5,0.0048,False,10,6,4,6,2,4,0,10,6,4,6,2,4,0,0,0,0,0,-1
full_entangle_L1_linear,full_entangle,level1_linear,SetLayout,2026-08-29T17:11:16.312283,6,0.005,False,10,6,4,6,2,4,0,10,6,4,6,2,4,0,0,0,0,0,-1
full_entangle_L1_linear,full_entangle,level1_linear,TrivialLayout,2026-08-29T17:11:16.312393,7,0.0584,False,10,6,4,6,2,4,0,10,6,4,6,2,4,0,0,0,0,0,-1
full_entangle_L1_linear,full_entangle,level1_linear,CheckMap,2026-08-29T17:11:16.312446,8,0.021,False,10,6,4,6,2,4,0,10,6,4,6,2,4,0,0,0,0,0,-1
full_entangle_L1_linear,full_entangle,level1_linear,VF2Layout,2026-08-29T17:11:16.312543,9,0.0603,False,10,6,4,6,2,4,0,10,6,4,6,2,4,0,0,0,0,0,-1
full_entangle_L1_linear,full_entangle,level1_linear,BarrierBeforeFinalMeasurements,2026-08-29T17:11:16.312596,10,0.0088,False,10,6,4,6,2,4,0,10,6,4,6,2,4,0,0,0,0,0,-1
full_entangle_L1_linear,full_entangle,level1_linear,SabreLayout,2026-08-29T17:11:16.313121,11,0.4613,True,10,6,4,6,2,4,0,13,9,4,9,3,4,0,3,3,0,3,-1
full_entangle_L1_linear,full_entangle,level1_linear,CheckMap,2026-08-29T17:11:16.313199,12,0.0134,False,13,9,4,9,3,4,0,13,9,4,9,3,4,0,0,0,0,0,-1
full_entangle_L1_linear,full_entangle,level1_linear,VF2PostLayout,2026-08-29T17:11:16.313321,13,0.077,False,13,9,4,9,3,4,0,13,9,4,9,3,4,0,0,0,0,0,-1
full_entangle_L1_linear,full_entangle,level1_linear,ApplyLayout,2026-08-29T17:11:16.313469,14,0.1047,False,13,9,4,9,3,4,0,13,9,4,9,3,4,0,0,0,0,0,-1
full_entangle_L1_linear,full_entangle,level1_linear,FilterOpNodes,2026-08-29T17:11:16.313531,15,0.0191,False,13,9,4,9,3,4,0,13,9,4,9,3,4,0,0,0,0,0,-1
full_entangle_L1_linear,full_entangle,level1_linear,UnitarySynthesis,2026-08-29T17:11:16.313577,16,0.0069,False,13,9,4,9,3,4,0,13,9,4,9,3,4,0,0,0,0,0,-1
full_entangle_L1_linear,full_entangle,level1_linear,HighLevelSynthesis,2026-08-29T17:11:16.313631,17,0.0098,False,13,9,4,9,3,4,0,13,9,4,9,3,4,0,0,0,0,0,-1
full_entangle_L1_linear,full_entangle,level1_linear,BasisTranslator,2026-08-29T17:11:16.314047,18,0.339,True,13,9,4,9,3,4,0,31,22,16,15,2,4,0,18,13,12,6,-1
full_entangle_L1_linear,full_entangle,level1_linear,CheckGateDirection,2026-08-29T17:11:16.314119,19,0.0105,False,31,22,16,15,2,4,0,31,22,16,15,2,4,0,0,0,0,0,-1
full_entangle_L1_linear,full_entangle,level1_linear,GateDirection,2026-08-29T17:11:16.314249,20,0.0381,True,31,22,16,15,2,4,0,51,32,36,15,3,4,0,20,10,20,0,-1
full_entangle_L1_linear,full_entangle,level1_linear,BasisTranslator,2026-08-29T17:11:16.314415,21,0.0887,True,51,32,36,15,3,4,0,51,32,36,15,2,4,0,0,0,0,0,-1
full_entangle_L1_linear,full_entangle,level1_linear,Size,2026-08-29T17:11:16.314504,22,0.0064,False,51,32,36,15,2,4,0,51,32,36,15,2,4,0,0,0,0,0,-1
full_entangle_L1_linear,full_entangle,level1_linear,Depth,2026-08-29T17:11:16.314580,23,0.0067,False,51,32,36,15,2,4,0,51,32,36,15,2,4,0,0,0,0,0,-1
full_entangle_L1_linear,full_entangle,level1_linear,FixedPoint,2026-08-29T17:11:16.314666,24,0.0169,False,51,32,36,15,2,4,0,51,32,36,15,2,4,0,0,0,0,0,-1
full_entangle_L1_linear,full_entangle,level1_linear,FixedPoint,2026-08-29T17:11:16.314739,25,0.0055,False,51,32,36,15,2,4,0,51,32,36,15,2,4,0,0,0,0,0,-1
full_entangle_L1_linear,full_entangle,level1_linear,Optimize1qGatesDecomposition,2026-08-29T17:11:16.314961,26,0.1268,True,51,32,36,15,2,4,0,42,27,27,15,2,4,0,-9,-5,-9,0,-1
full_entangle_L1_linear,full_entangle,level1_linear,InverseCancellation,2026-08-29T17:11:16.315065,27,0.0143,False,42,27,27,15,2,4,0,42,27,27,15,2,4,0,0,0,0,0,-1
full_entangle_L1_linear,full_entangle,level1_linear,ContractIdleWiresInControlFlow,2026-08-29T17:11:16.315138,28,0.0052,False,42,27,27,15,2,4,0,42,27,27,15,2,4,0,0,0,0,0,-1
full_entangle_L1_linear,full_entangle,level1_linear,GatesInBasis,2026-08-29T17:11:16.315219,29,0.0088,False,42,27,27,15,2,4,0,42,27,27,15,2,4,0,0,0,0,0,-1
full_entangle_L1_linear,full_entangle,level1_linear,Size,2026-08-29T17:11:16.315291,30,0.0043,False,42,27,27,15,2,4,0,42,27,27,15,2,4,0,0,0,0,0,-1
full_entangle_L1_linear,full_entangle,level1_linear,Depth,2026-08-29T17:11:16.315356,31,0.0045,False,42,27,27,15,2,4,0,42,27,27,15,2,4,0,0,0,0,0,-1
full_entangle_L1_linear,full_entangle,level1_linear,FixedPoint,2026-08-29T17:11:16.315421,32,0.0072,False,42,27,27,15,2,4,0,42,27,27,15,2,4,0,0,0,0,0,-1
full_entangle_L1_linear,full_entangle,level1_linear,FixedPoint,2026-08-29T17:11:16.315485,33,0.0045,False,42,27,27,15,2,4,0,42,27,27,15,2,4,0,0,0,0,0,-1
full_entangle_L1_linear,full_entangle,level1_linear,Optimize1qGatesDecomposition,2026-08-29T17:11:16.315725,34,0.1469,False,42,27,27,15,2,4,0,42,27,27,15,2,4,0,0,0,0,0,-1
full_entangle_L1_linear,full_entangle,level1_linear,InverseCancellation,2026-08-29T17:11:16.315839,35,0.0138,False,42,27,27,15,2,4,0,42,27,27,15,2,4,0,0,0,0,0,-1
full_entangle_L1_linear,full_entangle,level1_linear,ContractIdleWiresInControlFlow,2026-08-29T17:11:16.315937,36,0.0076,False,42,27,27,15,2,4,0,42,27,27,15,2,4,0,0,0,0,0,-1
full_entangle_L1_linear,full_entangle,level1_linear,GatesInBasis,2026-08-29T17:11:16.316053,37,0.01,False,42,27,27,15,2,4,0,42,27,27,15,2,4,0,0,0,0,0,-1
full_entangle_L1_linear,full_entangle,level1_linear,Size,2026-08-29T17:11:16.316137,38,0.0055,False,42,27,27,15,2,4,0,42,27,27,15,2,4,0,0,0,0,0,-1
full_entangle_L1_linear,full_entangle,level1_linear,Depth,2026-08-29T17:11:16.316205,39,0.0057,False,42,27,27,15,2,4,0,42,27,27,15,2,4,0,0,0,0,0,-1
full_entangle_L1_linear,full_entangle,level1_linear,FixedPoint,2026-08-29T17:11:16.316271,40,0.0095,False,42,27,27,15,2,4,0,42,27,27,15,2,4,0,0,0,0,0,-1
full_entangle_L1_linear,full_entangle,level1_linear,FixedPoint,2026-08-29T17:11:16.316341,41,0.0045,False,42,27,27,15,2,4,0,42,27,27,15,2,4,0,0,0,0,0,-1
full_entangle_L1_linear,full_entangle,level1_linear,ContainsInstruction,2026-08-29T17:11:16.316417,42,0.0076,False,42,27,27,15,2,4,0,42,27,27,15,2,4,0,0,0,0,0,-1
full_entangle_L1_ring,full_entangle,level1_ring,ContainsInstruction,2026-08-29T17:11:16.321430,0,0.0126,False,10,6,4,6,2,4,0,10,6,4,6,2,4,0,0,0,0,0,66.26
full_entangle_L1_ring,full_entangle,level1_ring,UnitarySynthesis,2026-08-29T17:11:16.321521,1,0.0076,False,10,6,4,6,2,4,0,10,6,4,6,2,4,0,0,0,0,0,-1
full_entangle_L1_ring,full_entangle,level1_ring,HighLevelSynthesis,2026-08-29T17:11:16.321565,2,0.0067,False,10,6,4,6,2,4,0,10,6,4,6,2,4,0,0,0,0,0,-1
full_entangle_L1_ring,full_entangle,level1_ring,BasisTranslator,2026-08-29T17:11:16.321623,3,0.0229,False,10,6,4,6,2,4,0,10,6,4,6,2,4,0,0,0,0,0,-1
full_entangle_L1_ring,full_entangle,level1_ring,InverseCancellation,2026-08-29T17:11:16.321673,4,0.0169,False,10,6,4,6,2,4,0,10,6,4,6,2,4,0,0,0,0,0,-1
full_entangle_L1_ring,full_entangle,level1_ring,ContractIdleWiresInControlFlow,2026-08-29T17:11:16.321721,5,0.0045,False,10,6,4,6,2,4,0,10,6,4,6,2,4,0,0,0,0,0,-1
full_entangle_L1_ring,full_entangle,level1_ring,SetLayout,2026-08-29T17:11:16.321773,6,0.0052,False,10,6,4,6,2,4,0,10,6,4,6,2,4,0,0,0,0,0,-1
full_entangle_L1_ring,full_entangle,level1_ring,TrivialLayout,2026-08-29T17:11:16.321873,7,0.0558,False,10,6,4,6,2,4,0,10,6,4,6,2,4,0,0,0,0,0,-1
full_entangle_L1_ring,full_entangle,level1_ring,CheckMap,2026-08-29T17:11:16.321935,8,0.0238,False,10,6,4,6,2,4,0,10,6,4,6,2,4,0,0,0,0,0,-1
full_entangle_L1_ring,full_entangle,level1_ring,VF2Layout,2026-08-29T17:11:16.322054,9,0.0823,False,10,6,4,6,2,4,0,10,6,4,6,2,4,0,0,0,0,0,-1
full_entangle_L1_ring,full_entangle,level1_ring,BarrierBeforeFinalMeasurements,2026-08-29T17:11:16.322109,10,0.0167,False,10,6,4,6,2,4,0,10,6,4,6,2,4,0,0,0,0,0,-1
full_entangle_L1_ring,full_entangle,level1_ring,SabreLayout,2026-08-29T17:11:16.322483,11,0.3278,True,10,6,4,6,2,4,0,12,8,4,8,3,4,0,2,2,0,2,-1
full_entangle_L1_ring,full_entangle,level1_ring,CheckMap,2026-08-29T17:11:16.322557,12,0.0114,False,12,8,4,8,3,4,0,12,8,4,8,3,4,0,0,0,0,0,-1
full_entangle_L1_ring,full_entangle,level1_ring,VF2PostLayout,2026-08-29T17:11:16.322642,13,0.0377,False,12,8,4,8,3,4,0,12,8,4,8,3,4,0,0,0,0,0,-1
full_entangle_L1_ring,full_entangle,level1_ring,FilterOpNodes,2026-08-29T17:11:16.322700,14,0.0176,False,12,8,4,8,3,4,0,12,8,4,8,3,4,0,0,0,0,0,-1
full_entangle_L1_ring,full_entangle,level1_ring,UnitarySynthesis,2026-08-29T17:11:16.322743,15,0.0072,False,12,8,4,8,3,4,0,12,8,4,8,3,4,0,0,0,0,0,-1
full_entangle_L1_ring,full_entangle,level1_ring,HighLevelSynthesis,2026-08-29T17:11:16.322787,16,0.0088,False,12,8,4,8,3,4,0,12,8,4,8,3,4,0,0,0,0,0,-1
full_entangle_L1_ring,full_entangle,level1_ring,BasisTranslator,2026-08-29T17:11:16.323215,17,0.3614,True,12,8,4,8,3,4,0,28,18,16,12,2,4,0,16,10,12,4,-1
full_entangle_L1_ring,full_entangle,level1_ring,CheckGateDirection,2026-08-29T17:11:16.323288,18,0.0103,False,28,18,16,12,2,4,0,28,18,16,12,2,4,0,0,0,0,0,-1
full_entangle_L1_ring,full_entangle,level1_ring,GateDirection,2026-08-29T17:11:16.323418,19,0.0381,True,28,18,16,12,2,4,0,52,30,40,12,3,4,0,24,12,24,0,-1
full_entangle_L1_ring,full_entangle,level1_ring,BasisTranslator,2026-08-29T17:11:16.323584,20,0.0873,True,52,30,40,12,3,4,0,52,30,40,12,2,4,0,0,0,0,0,-1
full_entangle_L1_ring,full_entangle,level1_ring,Size,2026-08-29T17:11:16.323671,21,0.006,False,52,30,40,12,2,4,0,52,30,40,12,2,4,0,0,0,0,0,-1
full_entangle_L1_ring,full_entangle,level1_ring,Depth,2026-08-29T17:11:16.323747,22,0.0067,False,52,30,40,12,2,4,0,52,30,40,12,2,4,0,0,0,0,0,-1
full_entangle_L1_ring,full_entangle,level1_ring,FixedPoint,2026-08-29T17:11:16.323832,23,0.0134,False,52,30,40,12,2,4,0,52,30,40,12,2,4,0,0,0,0,0,-1
full_entangle_L1_ring,full_entangle,level1_ring,FixedPoint,2026-08-29T17:11:16.323905,24,0.005,False,52,30,40,12,2,4,0,52,30,40,12,2,4,0,0,0,0,0,-1
full_entangle_L1_ring,full_entangle,level1_ring,Optimize1qGatesDecomposition,2026-08-29T17:11:16.324153,25,0.1616,True,52,30,40,12,2,4,0,38,22,26,12,2,4,0,-14,-8,-14,0,-1
full_entangle_L1_ring,full_entangle,level1_ring,InverseCancellation,2026-08-29T17:11:16.324247,26,0.015,False,38,22,26,12,2,4,0,38,22,26,12,2,4,0,0,0,0,0,-1
full_entangle_L1_ring,full_entangle,level1_ring,ContractIdleWiresInControlFlow,2026-08-29T17:11:16.324320,27,0.0052,False,38,22,26,12,2,4,0,38,22,26,12,2,4,0,0,0,0,0,-1
full_entangle_L1_ring,full_entangle,level1_ring,GatesInBasis,2026-08-29T17:11:16.324385,28,0.0083,False,38,22,26,12,2,4,0,38,22,26,12,2,4,0,0,0,0,0,-1
full_entangle_L1_ring,full_entangle,level1_ring,Size,2026-08-29T17:11:16.324447,29,0.0041,False,38,22,26,12,2,4,0,38,22,26,12,2,4,0,0,0,0,0,-1
full_entangle_L1_ring,full_entangle,level1_ring,Depth,2026-08-29T17:11:16.324508,30,0.0045,False,38,22,26,12,2,4,0,38,22,26,12,2,4,0,0,0,0,0,-1
full_entangle_L1_ring,full_entangle,level1_ring,FixedPoint,2026-08-29T17:11:16.324567,31,0.0067,False,38,22,26,12,2,4,0,38,22,26,12,2,4,0,0,0,0,0,-1
full_entangle_L1_ring,full_entangle,level1_ring,FixedPoint,2026-08-29T17:11:16.324633,32,0.0038,False,38,22,26,12,2,4,0,38,22,26,12,2,4,0,0,0,0,0,-1
full_entangle_L1_ring,full_entangle,level1_ring,Optimize1qGatesDecomposition,2026-08-29T17:11:16.324815,33,0.102,False,38,22,26,12,2,4,0,38,22,26,12,2,4,0,0,0,0,0,-1
full_entangle_L1_ring,full_entangle,level1_ring,InverseCancellation,2026-08-29T17:11:16.324903,34,0.0103,False,38,22,26,12,2,4,0,38,22,26,12,2,4,0,0,0,0,0,-1
full_entangle_L1_ring,full_entangle,level1_ring,ContractIdleWiresInControlFlow,2026-08-29T17:11:16.324970,35,0.0041,False,38,22,26,12,2,4,0,38,22,26,12,2,4,0,0,0,0,0,-1
full_entangle_L1_ring,full_entangle,level1_ring,GatesInBasis,2026-08-29T17:11:16.325050,36,0.0057,False,38,22,26,12,2,4,0,38,22,26,12,2,4,0,0,0,0,0,-1
full_entangle_L1_ring,full_entangle,level1_ring,Size,2026-08-29T17:11:16.325113,37,0.0043,False,38,22,26,12,2,4,0,38,22,26,12,2,4,0,0,0,0,0,-1
full_entangle_L1_ring,full_entangle,level1_ring,Depth,2026-08-29T17:11:16.325176,38,0.0045,False,38,22,26,12,2,4,0,38,22,26,12,2,4,0,0,0,0,0,-1
full_entangle_L1_ring,full_entangle,level1_ring,FixedPoint,2026-08-29T17:11:16.325243,39,0.0057,False,38,22,26,12,2,4,0,38,22,26,12,2,4,0,0,0,0,0,-1
full_entangle_L1_ring,full_entangle,level1_ring,FixedPoint,2026-08-29T17:11:16.325304,40,0.0045,False,38,22,26,12,2,4,0,38,22,26,12,2,4,0,0,0,0,0,-1
full_entangle_L1_ring,full_entangle,level1_ring,ContainsInstruction,2026-08-29T17:11:16.325372,41,0.0067,False,38,22,26,12,2,4,0,38,22,26,12,2,4,0,0,0,0,0,-1
full_entangle_L2_none,full_entangle,level2_none,ContainsInstruction,2026-08-29T17:11:16.331312,0,0.0138,False,10,6,4,6,2,4,0,10,6,4,6,2,4,0,0,0,0,0,75.67
full_entangle_L2_none,full_entangle,level2_none,UnitarySynthesis,2026-08-29T17:11:16.331389,1,0.0081,False,10,6,4,6,2,4,0,10,6,4,6,2,4,0,0,0,0,0,-1
full_entangle_L2_none,full_entangle,level2_none,HighLevelSynthesis,2026-08-29T17:11:16.331434,2,0.0086,False,10,6,4,6,2,4,0,10,6,4,6,2,4,0,0,0,0,0,-1
full_entangle_L2_none,full_entangle,level2_none,BasisTranslator,2026-08-29T17:11:16.331490,3,0.0215,False,10,6,4,6,2,4,0,10,6,4,6,2,4,0,0,0,0,0,-1
full_entangle_L2_none,full_entangle,level2_none,ElidePermutations,2026-08-29T17:11:16.331531,4,0.0076,False,10,6,4,6,2,4,0,10,6,4,6,2,4,0,0,0,0,0,-1
full_entangle_L2_none,full_entangle,level2_none,RemoveDiagonalGatesBeforeMeasure,2026-08-29T17:11:16.331571,5,0.0074,False,10,6,4,6,2,4,0,10,6,4,6,2,4,0,0,0,0,0,-1
full_entangle_L2_none,full_entangle,level2_none,RemoveIdentityEquivalent,2026-08-29T17:11:16.331629,6,0.0107,False,10,6,4,6,2,4,0,10,6,4,6,2,4,0,0,0,0,0,-1
full_entangle_L2_none,full_entangle,level2_none,InverseCancellation,2026-08-29T17:11:16.331676,7,0.015,False,10,6,4,6,2,4,0,10,6,4,6,2,4,0,0,0,0,0,-1
full_entangle_L2_none,full_entangle,level2_none,ContractIdleWiresInControlFlow,2026-08-29T17:11:16.331712,8,0.0045,False,10,6,4,6,2,4,0,10,6,4,6,2,4,0,0,0,0,0,-1
full_entangle_L2_none,full_entangle,level2_none,CommutativeCancellation,2026-08-29T17:11:16.331858,9,0.1035,False,10,6,4,6,2,4,0,10,6,4,6,2,4,0,0,0,0,0,-1
full_entangle_L2_none,full_entangle,level2_none,ConsolidateBlocks,2026-08-29T17:11:16.332033,10,0.1028,False,10,6,4,6,2,4,0,10,6,4,6,2,4,0,0,0,0,0,-1
full_entangle_L2_none,full_entangle,level2_none,Split2QUnitaries,2026-08-29T17:11:16.332092,11,0.0076,False,10,6,4,6,2,4,0,10,6,4,6,2,4,0,0,0,0,0,-1
full_entangle_L2_none,full_entangle,level2_none,UnitarySynthesis,2026-08-29T17:11:16.332141,12,0.0074,False,10,6,4,6,2,4,0,10,6,4,6,2,4,0,0,0,0,0,-1
full_entangle_L2_none,full_entangle,level2_none,HighLevelSynthesis,2026-08-29T17:11:16.332182,13,0.0088,False,10,6,4,6,2,4,0,10,6,4,6,2,4,0,0,0,0,0,-1
full_entangle_L2_none,full_entangle,level2_none,BasisTranslator,2026-08-29T17:11:16.332602,14,0.3664,True,10,6,4,6,2,4,0,22,12,16,6,2,4,0,12,6,12,0,-1
full_entangle_L2_none,full_entangle,level2_none,TwoQubitPeepholeOptimization,2026-08-29T17:11:16.332862,15,0.1881,False,22,12,16,6,2,4,0,22,12,16,6,2,4,0,0,0,0,0,-1
full_entangle_L2_none,full_entangle,level2_none,Size,2026-08-29T17:11:16.332953,16,0.0114,False,22,12,16,6,2,4,0,22,12,16,6,2,4,0,0,0,0,0,-1
full_entangle_L2_none,full_entangle,level2_none,Depth,2026-08-29T17:11:16.333041,17,0.0072,False,22,12,16,6,2,4,0,22,12,16,6,2,4,0,0,0,0,0,-1
full_entangle_L2_none,full_entangle,level2_none,FixedPoint,2026-08-29T17:11:16.333118,18,0.0184,False,22,12,16,6,2,4,0,22,12,16,6,2,4,0,0,0,0,0,-1
full_entangle_L2_none,full_entangle,level2_none,FixedPoint,2026-08-29T17:11:16.333175,19,0.005,False,22,12,16,6,2,4,0,22,12,16,6,2,4,0,0,0,0,0,-1
full_entangle_L2_none,full_entangle,level2_none,RemoveIdentityEquivalent,2026-08-29T17:11:16.333244,20,0.0117,False,22,12,16,6,2,4,0,22,12,16,6,2,4,0,0,0,0,0,-1
full_entangle_L2_none,full_entangle,level2_none,Optimize1qGatesDecomposition,2026-08-29T17:11:16.333392,21,0.0823,True,22,12,16,6,2,4,0,16,9,10,6,2,4,0,-6,-3,-6,0,-1
full_entangle_L2_none,full_entangle,level2_none,CommutativeCancellation,2026-08-29T17:11:16.333520,22,0.0658,False,16,9,10,6,2,4,0,16,9,10,6,2,4,0,0,0,0,0,-1
full_entangle_L2_none,full_entangle,level2_none,ContractIdleWiresInControlFlow,2026-08-29T17:11:16.333579,23,0.0057,False,16,9,10,6,2,4,0,16,9,10,6,2,4,0,0,0,0,0,-1
full_entangle_L2_none,full_entangle,level2_none,GatesInBasis,2026-08-29T17:11:16.333625,24,0.0074,False,16,9,10,6,2,4,0,16,9,10,6,2,4,0,0,0,0,0,-1
full_entangle_L2_none,full_entangle,level2_none,Size,2026-08-29T17:11:16.333671,25,0.0041,False,16,9,10,6,2,4,0,16,9,10,6,2,4,0,0,0,0,0,-1
full_entangle_L2_none,full_entangle,level2_none,Depth,2026-08-29T17:11:16.333708,26,0.0041,False,16,9,10,6,2,4,0,16,9,10,6,2,4,0,0,0,0,0,-1
full_entangle_L2_none,full_entangle,level2_none,FixedPoint,2026-08-29T17:11:16.333750,27,0.0062,False,16,9,10,6,2,4,0,16,9,10,6,2,4,0,0,0,0,0,-1
full_entangle_L2_none,full_entangle,level2_none,FixedPoint,2026-08-29T17:11:16.333788,28,0.0045,False,16,9,10,6,2,4,0,16,9,10,6,2,4,0,0,0,0,0,-1
full_entangle_L2_none,full_entangle,level2_none,RemoveIdentityEquivalent,2026-08-29T17:11:16.333831,29,0.0083,True,16,9,10,6,2,4,0,10,7,4,6,2,4,0,-6,-2,-6,0,-1
full_entangle_L2_none,full_entangle,level2_none,Optimize1qGatesDecomposition,2026-08-29T17:11:16.333904,30,0.0374,False,10,7,4,6,2,4,0,10,7,4,6,2,4,0,0,0,0,0,-1
full_entangle_L2_none,full_entangle,level2_none,CommutativeCancellation,2026-08-29T17:11:16.333973,31,0.0358,False,10,7,4,6,2,4,0,10,7,4,6,2,4,0,0,0,0,0,-1
full_entangle_L2_none,full_entangle,level2_none,ContractIdleWiresInControlFlow,2026-08-29T17:11:16.334020,32,0.0038,False,10,7,4,6,2,4,0,10,7,4,6,2,4,0,0,0,0,0,-1
full_entangle_L2_none,full_entangle,level2_none,GatesInBasis,2026-08-29T17:11:16.334056,33,0.0038,False,10,7,4,6,2,4,0,10,7,4,6,2,4,0,0,0,0,0,-1
full_entangle_L2_none,full_entangle,level2_none,Size,2026-08-29T17:11:16.334101,34,0.0031,False,10,7,4,6,2,4,0,10,7,4,6,2,4,0,0,0,0,0,-1
full_entangle_L2_none,full_entangle,level2_none,Depth,2026-08-29T17:11:16.334132,35,0.0038,False,10,7,4,6,2,4,0,10,7,4,6,2,4,0,0,0,0,0,-1
full_entangle_L2_none,full_entangle,level2_none,FixedPoint,2026-08-29T17:11:16.334163,36,0.005,False,10,7,4,6,2,4,0,10,7,4,6,2,4,0,0,0,0,0,-1
full_entangle_L2_none,full_entangle,level2_none,FixedPoint,2026-08-29T17:11:16.334202,37,0.0043,False,10,7,4,6,2,4,0,10,7,4,6,2,4,0,0,0,0,0,-1
full_entangle_L2_none,full_entangle,level2_none,RemoveIdentityEquivalent,2026-08-29T17:11:16.334240,38,0.0055,False,10,7,4,6,2,4,0,10,7,4,6,2,4,0,0,0,0,0,-1
full_entangle_L2_none,full_entangle,level2_none,Optimize1qGatesDecomposition,2026-08-29T17:11:16.334306,39,0.0329,False,10,7,4,6,2,4,0,10,7,4,6,2,4,0,0,0,0,0,-1
full_entangle_L2_none,full_entangle,level2_none,CommutativeCancellation,2026-08-29T17:11:16.334373,40,0.0343,False,10,7,4,6,2,4,0,10,7,4,6,2,4,0,0,0,0,0,-1
full_entangle_L2_none,full_entangle,level2_none,ContractIdleWiresInControlFlow,2026-08-29T17:11:16.334408,41,0.0033,False,10,7,4,6,2,4,0,10,7,4,6,2,4,0,0,0,0,0,-1
full_entangle_L2_none,full_entangle,level2_none,GatesInBasis,2026-08-29T17:11:16.334442,42,0.0038,False,10,7,4,6,2,4,0,10,7,4,6,2,4,0,0,0,0,0,-1
full_entangle_L2_none,full_entangle,level2_none,Size,2026-08-29T17:11:16.334475,43,0.0033,False,10,7,4,6,2,4,0,10,7,4,6,2,4,0,0,0,0,0,-1
full_entangle_L2_none,full_entangle,level2_none,Depth,2026-08-29T17:11:16.334505,44,0.0038,False,10,7,4,6,2,4,0,10,7,4,6,2,4,0,0,0,0,0,-1
full_entangle_L2_none,full_entangle,level2_none,FixedPoint,2026-08-29T17:11:16.334536,45,0.0055,False,10,7,4,6,2,4,0,10,7,4,6,2,4,0,0,0,0,0,-1
full_entangle_L2_none,full_entangle,level2_none,FixedPoint,2026-08-29T17:11:16.334568,46,0.0043,False,10,7,4,6,2,4,0,10,7,4,6,2,4,0,0,0,0,0,-1
full_entangle_L2_none,full_entangle,level2_none,ContainsInstruction,2026-08-29T17:11:16.334607,47,0.0072,False,10,7,4,6,2,4,0,10,7,4,6,2,4,0,0,0,0,0,-1
full_entangle_L2_linear,full_entangle,level2_linear,ContainsInstruction,2026-08-29T17:11:16.341096,0,0.0124,False,10,6,4,6,2,4,0,10,6,4,6,2,4,0,0,0,0,0,88.58
full_entangle_L2_linear,full_entangle,level2_linear,UnitarySynthesis,2026-08-29T17:11:16.341184,1,0.0091,False,10,6,4,6,2,4,0,10,6,4,6,2,4,0,0,0,0,0,-1
full_entangle_L2_linear,full_entangle,level2_linear,HighLevelSynthesis,2026-08-29T17:11:16.341241,2,0.01,False,10,6,4,6,2,4,0,10,6,4,6,2,4,0,0,0,0,0,-1
full_entangle_L2_linear,full_entangle,level2_linear,BasisTranslator,2026-08-29T17:11:16.341316,3,0.0257,False,10,6,4,6,2,4,0,10,6,4,6,2,4,0,0,0,0,0,-1
full_entangle_L2_linear,full_entangle,level2_linear,ElidePermutations,2026-08-29T17:11:16.341371,4,0.0093,False,10,6,4,6,2,4,0,10,6,4,6,2,4,0,0,0,0,0,-1
full_entangle_L2_linear,full_entangle,level2_linear,RemoveDiagonalGatesBeforeMeasure,2026-08-29T17:11:16.341437,5,0.0088,False,10,6,4,6,2,4,0,10,6,4,6,2,4,0,0,0,0,0,-1
full_entangle_L2_linear,full_entangle,level2_linear,RemoveIdentityEquivalent,2026-08-29T17:11:16.341491,6,0.0107,False,10,6,4,6,2,4,0,10,6,4,6,2,4,0,0,0,0,0,-1
full_entangle_L2_linear,full_entangle,level2_linear,InverseCancellation,2026-08-29T17:11:16.341538,7,0.0145,False,10,6,4,6,2,4,0,10,6,4,6,2,4,0,0,0,0,0,-1
full_entangle_L2_linear,full_entangle,level2_linear,ContractIdleWiresInControlFlow,2026-08-29T17:11:16.341575,8,0.005,False,10,6,4,6,2,4,0,10,6,4,6,2,4,0,0,0,0,0,-1
full_entangle_L2_linear,full_entangle,level2_linear,CommutativeCancellation,2026-08-29T17:11:16.341722,9,0.1025,False,10,6,4,6,2,4,0,10,6,4,6,2,4,0,0,0,0,0,-1
full_entangle_L2_linear,full_entangle,level2_linear,ConsolidateBlocks,2026-08-29T17:11:16.341862,10,0.0916,False,10,6,4,6,2,4,0,10,6,4,6,2,4,0,0,0,0,0,-1
full_entangle_L2_linear,full_entangle,level2_linear,Split2QUnitaries,2026-08-29T17:11:16.341903,11,0.005,False,10,6,4,6,2,4,0,10,6,4,6,2,4,0,0,0,0,0,-1
full_entangle_L2_linear,full_entangle,level2_linear,SetLayout,2026-08-29T17:11:16.341943,12,0.0057,False,10,6,4,6,2,4,0,10,6,4,6,2,4,0,0,0,0,0,-1
full_entangle_L2_linear,full_entangle,level2_linear,VF2Layout,2026-08-29T17:11:16.342105,13,0.0968,False,10,6,4,6,2,4,0,10,6,4,6,2,4,0,0,0,0,0,-1
full_entangle_L2_linear,full_entangle,level2_linear,BarrierBeforeFinalMeasurements,2026-08-29T17:11:16.342162,14,0.0076,False,10,6,4,6,2,4,0,10,6,4,6,2,4,0,0,0,0,0,-1
full_entangle_L2_linear,full_entangle,level2_linear,SabreLayout,2026-08-29T17:11:16.342615,15,0.4044,True,10,6,4,6,2,4,0,13,9,4,9,3,4,0,3,3,0,3,-1
full_entangle_L2_linear,full_entangle,level2_linear,CheckMap,2026-08-29T17:11:16.342691,16,0.0141,False,13,9,4,9,3,4,0,13,9,4,9,3,4,0,0,0,0,0,-1
full_entangle_L2_linear,full_entangle,level2_linear,VF2PostLayout,2026-08-29T17:11:16.342814,17,0.072,False,13,9,4,9,3,4,0,13,9,4,9,3,4,0,0,0,0,0,-1
full_entangle_L2_linear,full_entangle,level2_linear,ApplyLayout,2026-08-29T17:11:16.342973,18,0.0999,False,13,9,4,9,3,4,0,13,9,4,9,3,4,0,0,0,0,0,-1
full_entangle_L2_linear,full_entangle,level2_linear,FilterOpNodes,2026-08-29T17:11:16.343060,19,0.0362,False,13,9,4,9,3,4,0,13,9,4,9,3,4,0,0,0,0,0,-1
full_entangle_L2_linear,full_entangle,level2_linear,UnitarySynthesis,2026-08-29T17:11:16.343118,20,0.0086,False,13,9,4,9,3,4,0,13,9,4,9,3,4,0,0,0,0,0,-1
full_entangle_L2_linear,full_entangle,level2_linear,HighLevelSynthesis,2026-08-29T17:11:16.343182,21,0.0114,False,13,9,4,9,3,4,0,13,9,4,9,3,4,0,0,0,0,0,-1
full_entangle_L2_linear,full_entangle,level2_linear,BasisTranslator,2026-08-29T17:11:16.343627,22,0.3505,True,13,9,4,9,3,4,0,31,22,16,15,2,4,0,18,13,12,6,-1
full_entangle_L2_linear,full_entangle,level2_linear,CheckGateDirection,2026-08-29T17:11:16.343709,23,0.0105,False,31,22,16,15,2,4,0,31,22,16,15,2,4,0,0,0,0,0,-1
full_entangle_L2_linear,full_entangle,level2_linear,GateDirection,2026-08-29T17:11:16.343823,24,0.0315,True,31,22,16,15,2,4,0,55,34,40,15,3,4,0,24,12,24,0,-1
full_entangle_L2_linear,full_entangle,level2_linear,BasisTranslator,2026-08-29T17:11:16.343988,25,0.0808,True,55,34,40,15,3,4,0,55,34,40,15,2,4,0,0,0,0,0,-1
full_entangle_L2_linear,full_entangle,level2_linear,TwoQubitPeepholeOptimization,2026-08-29T17:11:16.344287,26,0.195,True,55,34,40,15,2,4,0,39,24,28,11,2,4,0,-16,-10,-12,-4,-1
full_entangle_L2_linear,full_entangle,level2_linear,Size,2026-08-29T17:11:16.344382,27,0.0076,False,39,24,28,11,2,4,0,39,24,28,11,2,4,0,0,0,0,0,-1
full_entangle_L2_linear,full_entangle,level2_linear,Depth,2026-08-29T17:11:16.344445,28,0.0069,False,39,24,28,11,2,4,0,39,24,28,11,2,4,0,0,0,0,0,-1
full_entangle_L2_linear,full_entangle,level2_linear,FixedPoint,2026-08-29T17:11:16.344525,29,0.0162,False,39,24,28,11,2,4,0,39,24,28,11,2,4,0,0,0,0,0,-1
full_entangle_L2_linear,full_entangle,level2_linear,FixedPoint,2026-08-29T17:11:16.344586,30,0.0057,False,39,24,28,11,2,4,0,39,24,28,11,2,4,0,0,0,0,0,-1
full_entangle_L2_linear,full_entangle,level2_linear,RemoveIdentityEquivalent,2026-08-29T17:11:16.344670,31,0.0141,True,39,24,28,11,2,4,0,38,24,27,11,2,4,0,-1,0,-1,0,-1
full_entangle_L2_linear,full_entangle,level2_linear,Optimize1qGatesDecomposition,2026-08-29T17:11:16.344814,32,0.0694,True,38,24,27,11,2,4,0,35,21,24,11,2,4,0,-3,-3,-3,0,-1
full_entangle_L2_linear,full_entangle,level2_linear,CommutativeCancellation,2026-08-29T17:11:16.344950,33,0.0563,False,35,21,24,11,2,4,0,35,21,24,11,2,4,0,0,0,0,0,-1
full_entangle_L2_linear,full_entangle,level2_linear,ContractIdleWiresInControlFlow,2026-08-29T17:11:16.345032,34,0.0052,False,35,21,24,11,2,4,0,35,21,24,11,2,4,0,0,0,0,0,-1
full_entangle_L2_linear,full_entangle,level2_linear,GatesInBasis,2026-08-29T17:11:16.345096,35,0.0086,False,35,21,24,11,2,4,0,35,21,24,11,2,4,0,0,0,0,0,-1
full_entangle_L2_linear,full_entangle,level2_linear,Size,2026-08-29T17:11:16.345156,36,0.0041,False,35,21,24,11,2,4,0,35,21,24,11,2,4,0,0,0,0,0,-1
full_entangle_L2_linear,full_entangle,level2_linear,Depth,2026-08-29T17:11:16.345213,37,0.0043,False,35,21,24,11,2,4,0,35,21,24,11,2,4,0,0,0,0,0,-1
full_entangle_L2_linear,full_entangle,level2_linear,FixedPoint,2026-08-29T17:11:16.345270,38,0.0079,False,35,21,24,11,2,4,0,35,21,24,11,2,4,0,0,0,0,0,-1
full_entangle_L2_linear,full_entangle,level2_linear,FixedPoint,2026-08-29T17:11:16.345339,39,0.0052,False,35,21,24,11,2,4,0,35,21,24,11,2,4,0,0,0,0,0,-1
full_entangle_L2_linear,full_entangle,level2_linear,RemoveIdentityEquivalent,2026-08-29T17:11:16.345414,40,0.0107,True,35,21,24,11,2,4,0,34,21,23,11,2,4,0,-1,0,-1,0,-1
full_entangle_L2_linear,full_entangle,level2_linear,Optimize1qGatesDecomposition,2026-08-29T17:11:16.345551,41,0.0579,False,34,21,23,11,2,4,0,34,21,23,11,2,4,0,0,0,0,0,-1
full_entangle_L2_linear,full_entangle,level2_linear,CommutativeCancellation,2026-08-29T17:11:16.345676,42,0.0515,False,34,21,23,11,2,4,0,34,21,23,11,2,4,0,0,0,0,0,-1
full_entangle_L2_linear,full_entangle,level2_linear,ContractIdleWiresInControlFlow,2026-08-29T17:11:16.345742,43,0.0041,False,34,21,23,11,2,4,0,34,21,23,11,2,4,0,0,0,0,0,-1
full_entangle_L2_linear,full_entangle,level2_linear,GatesInBasis,2026-08-29T17:11:16.345803,44,0.0064,False,34,21,23,11,2,4,0,34,21,23,11,2,4,0,0,0,0,0,-1
full_entangle_L2_linear,full_entangle,level2_linear,Size,2026-08-29T17:11:16.345860,45,0.0038,False,34,21,23,11,2,4,0,34,21,23,11,2,4,0,0,0,0,0,-1
full_entangle_L2_linear,full_entangle,level2_linear,Depth,2026-08-29T17:11:16.345912,46,0.0043,False,34,21,23,11,2,4,0,34,21,23,11,2,4,0,0,0,0,0,-1
full_entangle_L2_linear,full_entangle,level2_linear,FixedPoint,2026-08-29T17:11:16.345970,47,0.0055,False,34,21,23,11,2,4,0,34,21,23,11,2,4,0,0,0,0,0,-1
full_entangle_L2_linear,full_entangle,level2_linear,FixedPoint,2026-08-29T17:11:16.346040,48,0.0048,False,34,21,23,11,2,4,0,34,21,23,11,2,4,0,0,0,0,0,-1
full_entangle_L2_linear,full_entangle,level2_linear,RemoveIdentityEquivalent,2026-08-29T17:11:16.346107,49,0.01,False,34,21,23,11,2,4,0,34,21,23,11,2,4,0,0,0,0,0,-1
full_entangle_L2_linear,full_entangle,level2_linear,Optimize1qGatesDecomposition,2026-08-29T17:11:16.346235,50,0.052,False,34,21,23,11,2,4,0,34,21,23,11,2,4,0,0,0,0,0,-1
full_entangle_L2_linear,full_entangle,level2_linear,CommutativeCancellation,2026-08-29T17:11:16.346361,51,0.052,False,34,21,23,11,2,4,0,34,21,23,11,2,4,0,0,0,0,0,-1
full_entangle_L2_linear,full_entangle,level2_linear,ContractIdleWiresInControlFlow,2026-08-29T17:11:16.346421,52,0.0036,False,34,21,23,11,2,4,0,34,21,23,11,2,4,0,0,0,0,0,-1
full_entangle_L2_linear,full_entangle,level2_linear,GatesInBasis,2026-08-29T17:11:16.346487,53,0.0055,False,34,21,23,11,2,4,0,34,21,23,11,2,4,0,0,0,0,0,-1
full_entangle_L2_linear,full_entangle,level2_linear,Size,2026-08-29T17:11:16.346548,54,0.0038,False,34,21,23,11,2,4,0,34,21,23,11,2,4,0,0,0,0,0,-1
full_entangle_L2_linear,full_entangle,level2_linear,Depth,2026-08-29T17:11:16.346599,55,0.0043,False,34,21,23,11,2,4,0,34,21,23,11,2,4,0,0,0,0,0,-1
full_entangle_L2_linear,full_entangle,level2_linear,FixedPoint,2026-08-29T17:11:16.346673,56,0.0062,False,34,21,23,11,2,4,0,34,21,23,11,2,4,0,0,0,0,0,-1
full_entangle_L2_linear,full_entangle,level2_linear,FixedPoint,2026-08-29T17:11:16.346730,57,0.0045,False,34,21,23,11,2,4,0,34,21,23,11,2,4,0,0,0,0,0,-1
full_entangle_L2_linear,full_entangle,level2_linear,ContainsInstruction,2026-08-29T17:11:16.346794,58,0.0069,False,34,21,23,11,2,4,0,34,21,23,11,2,4,0,0,0,0,0,-1
full_entangle_L2_ring,full_entangle,level2_ring,ContainsInstruction,2026-08-29T17:11:16.353587,0,0.0153,False,10,6,4,6,2,4,0,10,6,4,6,2,4,0,0,0,0,0,89.79
full_entangle_L2_ring,full_entangle,level2_ring,UnitarySynthesis,2026-08-29T17:11:16.353670,1,0.0086,False,10,6,4,6,2,4,0,10,6,4,6,2,4,0,0,0,0,0,-1
full_entangle_L2_ring,full_entangle,level2_ring,HighLevelSynthesis,2026-08-29T17:11:16.353722,2,0.0091,False,10,6,4,6,2,4,0,10,6,4,6,2,4,0,0,0,0,0,-1
full_entangle_L2_ring,full_entangle,level2_ring,BasisTranslator,2026-08-29T17:11:16.353782,3,0.0248,False,10,6,4,6,2,4,0,10,6,4,6,2,4,0,0,0,0,0,-1
full_entangle_L2_ring,full_entangle,level2_ring,ElidePermutations,2026-08-29T17:11:16.353823,4,0.0083,False,10,6,4,6,2,4,0,10,6,4,6,2,4,0,0,0,0,0,-1
full_entangle_L2_ring,full_entangle,level2_ring,RemoveDiagonalGatesBeforeMeasure,2026-08-29T17:11:16.353862,5,0.0076,False,10,6,4,6,2,4,0,10,6,4,6,2,4,0,0,0,0,0,-1
full_entangle_L2_ring,full_entangle,level2_ring,RemoveIdentityEquivalent,2026-08-29T17:11:16.353902,6,0.0098,False,10,6,4,6,2,4,0,10,6,4,6,2,4,0,0,0,0,0,-1
full_entangle_L2_ring,full_entangle,level2_ring,InverseCancellation,2026-08-29T17:11:16.353947,7,0.0145,False,10,6,4,6,2,4,0,10,6,4,6,2,4,0,0,0,0,0,-1
full_entangle_L2_ring,full_entangle,level2_ring,ContractIdleWiresInControlFlow,2026-08-29T17:11:16.353983,8,0.0052,False,10,6,4,6,2,4,0,10,6,4,6,2,4,0,0,0,0,0,-1
full_entangle_L2_ring,full_entangle,level2_ring,CommutativeCancellation,2026-08-29T17:11:16.354140,9,0.123,False,10,6,4,6,2,4,0,10,6,4,6,2,4,0,0,0,0,0,-1
full_entangle_L2_ring,full_entangle,level2_ring,ConsolidateBlocks,2026-08-29T17:11:16.354261,10,0.0823,False,10,6,4,6,2,4,0,10,6,4,6,2,4,0,0,0,0,0,-1
full_entangle_L2_ring,full_entangle,level2_ring,Split2QUnitaries,2026-08-29T17:11:16.354302,11,0.005,False,10,6,4,6,2,4,0,10,6,4,6,2,4,0,0,0,0,0,-1
full_entangle_L2_ring,full_entangle,level2_ring,SetLayout,2026-08-29T17:11:16.354343,12,0.006,False,10,6,4,6,2,4,0,10,6,4,6,2,4,0,0,0,0,0,-1
full_entangle_L2_ring,full_entangle,level2_ring,VF2Layout,2026-08-29T17:11:16.354454,13,0.0753,False,10,6,4,6,2,4,0,10,6,4,6,2,4,0,0,0,0,0,-1
full_entangle_L2_ring,full_entangle,level2_ring,BarrierBeforeFinalMeasurements,2026-08-29T17:11:16.354519,14,0.0076,False,10,6,4,6,2,4,0,10,6,4,6,2,4,0,0,0,0,0,-1
full_entangle_L2_ring,full_entangle,level2_ring,SabreLayout,2026-08-29T17:11:16.354981,15,0.4067,True,10,6,4,6,2,4,0,12,7,4,8,3,4,0,2,1,0,2,-1
full_entangle_L2_ring,full_entangle,level2_ring,CheckMap,2026-08-29T17:11:16.355073,16,0.0153,False,12,7,4,8,3,4,0,12,7,4,8,3,4,0,0,0,0,0,-1
full_entangle_L2_ring,full_entangle,level2_ring,VF2PostLayout,2026-08-29T17:11:16.355153,17,0.0393,False,12,7,4,8,3,4,0,12,7,4,8,3,4,0,0,0,0,0,-1
full_entangle_L2_ring,full_entangle,level2_ring,FilterOpNodes,2026-08-29T17:11:16.355210,18,0.0179,False,12,7,4,8,3,4,0,12,7,4,8,3,4,0,0,0,0,0,-1
full_entangle_L2_ring,full_entangle,level2_ring,UnitarySynthesis,2026-08-29T17:11:16.355252,19,0.0069,False,12,7,4,8,3,4,0,12,7,4,8,3,4,0,0,0,0,0,-1
full_entangle_L2_ring,full_entangle,level2_ring,HighLevelSynthesis,2026-08-29T17:11:16.355301,20,0.0093,False,12,7,4,8,3,4,0,12,7,4,8,3,4,0,0,0,0,0,-1
full_entangle_L2_ring,full_entangle,level2_ring,BasisTranslator,2026-08-29T17:11:16.355687,21,0.3254,True,12,7,4,8,3,4,0,28,16,16,12,2,4,0,16,9,12,4,-1
full_entangle_L2_ring,full_entangle,level2_ring,CheckGateDirection,2026-08-29T17:11:16.355755,22,0.0088,False,28,16,16,12,2,4,0,28,16,16,12,2,4,0,0,0,0,0,-1
full_entangle_L2_ring,full_entangle,level2_ring,GateDirection,2026-08-29T17:11:16.355898,23,0.0405,True,28,16,16,12,2,4,0,56,28,44,12,3,4,0,28,12,28,0,-1
full_entangle_L2_ring,full_entangle,level2_ring,BasisTranslator,2026-08-29T17:11:16.356072,24,0.0818,True,56,28,44,12,3,4,0,56,28,44,12,2,4,0,0,0,0,0,-1
full_entangle_L2_ring,full_entangle,level2_ring,TwoQubitPeepholeOptimization,2026-08-29T17:11:16.356307,25,0.1493,True,56,28,44,12,2,4,0,37,20,27,10,2,4,0,-19,-8,-17,-2,-1
full_entangle_L2_ring,full_entangle,level2_ring,Size,2026-08-29T17:11:16.356400,26,0.0076,False,37,20,27,10,2,4,0,37,20,27,10,2,4,0,0,0,0,0,-1
full_entangle_L2_ring,full_entangle,level2_ring,Depth,2026-08-29T17:11:16.356464,27,0.0062,False,37,20,27,10,2,4,0,37,20,27,10,2,4,0,0,0,0,0,-1
full_entangle_L2_ring,full_entangle,level2_ring,FixedPoint,2026-08-29T17:11:16.356536,28,0.0153,False,37,20,27,10,2,4,0,37,20,27,10,2,4,0,0,0,0,0,-1
full_entangle_L2_ring,full_entangle,level2_ring,FixedPoint,2026-08-29T17:11:16.356592,29,0.005,False,37,20,27,10,2,4,0,37,20,27,10,2,4,0,0,0,0,0,-1
full_entangle_L2_ring,full_entangle,level2_ring,RemoveIdentityEquivalent,2026-08-29T17:11:16.356679,30,0.0134,True,37,20,27,10,2,4,0,36,20,26,10,2,4,0,-1,0,-1,0,-1
full_entangle_L2_ring,full_entangle,level2_ring,Optimize1qGatesDecomposition,2026-08-29T17:11:16.356823,31,0.071,True,36,20,26,10,2,4,0,32,17,22,10,2,4,0,-4,-3,-4,0,-1
full_entangle_L2_ring,full_entangle,level2_ring,CommutativeCancellation,2026-08-29T17:11:16.356959,32,0.0601,False,32,17,22,10,2,4,0,32,17,22,10,2,4,0,0,0,0,0,-1
full_entangle_L2_ring,full_entangle,level2_ring,ContractIdleWiresInControlFlow,2026-08-29T17:11:16.357041,33,0.0048,False,32,17,22,10,2,4,0,32,17,22,10,2,4,0,0,0,0,0,-1
full_entangle_L2_ring,full_entangle,level2_ring,GatesInBasis,2026-08-29T17:11:16.357139,34,0.0076,False,32,17,22,10,2,4,0,32,17,22,10,2,4,0,0,0,0,0,-1
full_entangle_L2_ring,full_entangle,level2_ring,Size,2026-08-29T17:11:16.357201,35,0.0029,False,32,17,22,10,2,4,0,32,17,22,10,2,4,0,0,0,0,0,-1
full_entangle_L2_ring,full_entangle,level2_ring,Depth,2026-08-29T17:11:16.357256,36,0.0045,False,32,17,22,10,2,4,0,32,17,22,10,2,4,0,0,0,0,0,-1
full_entangle_L2_ring,full_entangle,level2_ring,FixedPoint,2026-08-29T17:11:16.357319,37,0.0076,False,32,17,22,10,2,4,0,32,17,22,10,2,4,0,0,0,0,0,-1
full_entangle_L2_ring,full_entangle,level2_ring,FixedPoint,2026-08-29T17:11:16.357376,38,0.0048,False,32,17,22,10,2,4,0,32,17,22,10,2,4,0,0,0,0,0,-1
full_entangle_L2_ring,full_entangle,level2_ring,RemoveIdentityEquivalent,2026-08-29T17:11:16.357440,39,0.0091,True,32,17,22,10,2,4,0,30,17,20,10,2,4,0,-2,0,-2,0,-1
full_entangle_L2_ring,full_entangle,level2_ring,Optimize1qGatesDecomposition,2026-08-29T17:11:16.357555,40,0.0494,False,30,17,20,10,2,4,0,30,17,20,10,2,4,0,0,0,0,0,-1
full_entangle_L2_ring,full_entangle,level2_ring,CommutativeCancellation,2026-08-29T17:11:16.357680,41,0.0503,False,30,17,20,10,2,4,0,30,17,20,10,2,4,0,0,0,0,0,-1
full_entangle_L2_ring,full_entangle,level2_ring,ContractIdleWiresInControlFlow,2026-08-29T17:11:16.357745,42,0.0041,False,30,17,20,10,2,4,0,30,17,20,10,2,4,0,0,0,0,0,-1
full_entangle_L2_ring,full_entangle,level2_ring,GatesInBasis,2026-08-29T17:11:16.357804,43,0.0057,False,30,17,20,10,2,4,0,30,17,20,10,2,4,0,0,0,0,0,-1
full_entangle_L2_ring,full_entangle,level2_ring,Size,2026-08-29T17:11:16.357859,44,0.0033,False,30,17,20,10,2,4,0,30,17,20,10,2,4,0,0,0,0,0,-1
full_entangle_L2_ring,full_entangle,level2_ring,Depth,2026-08-29T17:11:16.357917,45,0.0048,False,30,17,20,10,2,4,0,30,17,20,10,2,4,0,0,0,0,0,-1
full_entangle_L2_ring,full_entangle,level2_ring,FixedPoint,2026-08-29T17:11:16.357975,46,0.0057,False,30,17,20,10,2,4,0,30,17,20,10,2,4,0,0,0,0,0,-1
full_entangle_L2_ring,full_entangle,level2_ring,FixedPoint,2026-08-29T17:11:16.358049,47,0.0048,False,30,17,20,10,2,4,0,30,17,20,10,2,4,0,0,0,0,0,-1
full_entangle_L2_ring,full_entangle,level2_ring,RemoveIdentityEquivalent,2026-08-29T17:11:16.358132,48,0.0093,False,30,17,20,10,2,4,0,30,17,20,10,2,4,0,0,0,0,0,-1
full_entangle_L2_ring,full_entangle,level2_ring,Optimize1qGatesDecomposition,2026-08-29T17:11:16.358268,49,0.0637,False,30,17,20,10,2,4,0,30,17,20,10,2,4,0,0,0,0,0,-1
full_entangle_L2_ring,full_entangle,level2_ring,CommutativeCancellation,2026-08-29T17:11:16.358425,50,0.0844,False,30,17,20,10,2,4,0,30,17,20,10,2,4,0,0,0,0,0,-1
full_entangle_L2_ring,full_entangle,level2_ring,ContractIdleWiresInControlFlow,2026-08-29T17:11:16.358506,51,0.0043,False,30,17,20,10,2,4,0,30,17,20,10,2,4,0,0,0,0,0,-1
full_entangle_L2_ring,full_entangle,level2_ring,GatesInBasis,2026-08-29T17:11:16.358582,52,0.0088,False,30,17,20,10,2,4,0,30,17,20,10,2,4,0,0,0,0,0,-1
full_entangle_L2_ring,full_entangle,level2_ring,Size,2026-08-29T17:11:16.358646,53,0.005,False,30,17,20,10,2,4,0,30,17,20,10,2,4,0,0,0,0,0,-1
full_entangle_L2_ring,full_entangle,level2_ring,Depth,2026-08-29T17:11:16.358703,54,0.0062,False,30,17,20,10,2,4,0,30,17,20,10,2,4,0,0,0,0,0,-1
full_entangle_L2_ring,full_entangle,level2_ring,FixedPoint,2026-08-29T17:11:16.358796,55,0.0093,False,30,17,20,10,2,4,0,30,17,20,10,2,4,0,0,0,0,0,-1
full_entangle_L2_ring,full_entangle,level2_ring,FixedPoint,2026-08-29T17:11:16.358850,56,0.0048,False,30,17,20,10,2,4,0,30,17,20,10,2,4,0,0,0,0,0,-1
full_entangle_L2_ring,full_entangle,level2_ring,ContainsInstruction,2026-08-29T17:11:16.358916,57,0.0081,False,30,17,20,10,2,4,0,30,17,20,10,2,4,0,0,0,0,0,-1
full_entangle_L3_none,full_entangle,level3_none,ContainsInstruction,2026-08-29T17:11:16.365171,0,0.0138,False,10,6,4,6,2,4,0,10,6,4,6,2,4,0,0,0,0,0,65.4
full_entangle_L3_none,full_entangle,level3_none,UnitarySynthesis,2026-08-29T17:11:16.365249,1,0.0076,False,10,6,4,6,2,4,0,10,6,4,6,2,4,0,0,0,0,0,-1
full_entangle_L3_none,full_entangle,level3_none,HighLevelSynthesis,2026-08-29T17:11:16.365292,2,0.0076,False,10,6,4,6,2,4,0,10,6,4,6,2,4,0,0,0,0,0,-1
full_entangle_L3_none,full_entangle,level3_none,BasisTranslator,2026-08-29T17:11:16.365346,3,0.0205,False,10,6,4,6,2,4,0,10,6,4,6,2,4,0,0,0,0,0,-1
full_entangle_L3_none,full_entangle,level3_none,ElidePermutations,2026-08-29T17:11:16.365392,4,0.0119,False,10,6,4,6,2,4,0,10,6,4,6,2,4,0,0,0,0,0,-1
full_entangle_L3_none,full_entangle,level3_none,RemoveDiagonalGatesBeforeMeasure,2026-08-29T17:11:16.365433,5,0.0081,False,10,6,4,6,2,4,0,10,6,4,6,2,4,0,0,0,0,0,-1
full_entangle_L3_none,full_entangle,level3_none,RemoveIdentityEquivalent,2026-08-29T17:11:16.365475,6,0.0095,False,10,6,4,6,2,4,0,10,6,4,6,2,4,0,0,0,0,0,-1
full_entangle_L3_none,full_entangle,level3_none,InverseCancellation,2026-08-29T17:11:16.365522,7,0.0145,False,10,6,4,6,2,4,0,10,6,4,6,2,4,0,0,0,0,0,-1
full_entangle_L3_none,full_entangle,level3_none,ContractIdleWiresInControlFlow,2026-08-29T17:11:16.365558,8,0.0045,False,10,6,4,6,2,4,0,10,6,4,6,2,4,0,0,0,0,0,-1
full_entangle_L3_none,full_entangle,level3_none,CommutativeCancellation,2026-08-29T17:11:16.365717,9,0.1171,False,10,6,4,6,2,4,0,10,6,4,6,2,4,0,0,0,0,0,-1
full_entangle_L3_none,full_entangle,level3_none,ConsolidateBlocks,2026-08-29T17:11:16.365852,10,0.0918,False,10,6,4,6,2,4,0,10,6,4,6,2,4,0,0,0,0,0,-1
full_entangle_L3_none,full_entangle,level3_none,Split2QUnitaries,2026-08-29T17:11:16.365891,11,0.0045,False,10,6,4,6,2,4,0,10,6,4,6,2,4,0,0,0,0,0,-1
full_entangle_L3_none,full_entangle,level3_none,UnitarySynthesis,2026-08-29T17:11:16.365931,12,0.0055,False,10,6,4,6,2,4,0,10,6,4,6,2,4,0,0,0,0,0,-1
full_entangle_L3_none,full_entangle,level3_none,HighLevelSynthesis,2026-08-29T17:11:16.365969,13,0.0076,False,10,6,4,6,2,4,0,10,6,4,6,2,4,0,0,0,0,0,-1
full_entangle_L3_none,full_entangle,level3_none,BasisTranslator,2026-08-29T17:11:16.366306,14,0.2866,True,10,6,4,6,2,4,0,22,12,16,6,2,4,0,12,6,12,0,-1
full_entangle_L3_none,full_entangle,level3_none,Size,2026-08-29T17:11:16.366360,15,0.006,False,22,12,16,6,2,4,0,22,12,16,6,2,4,0,0,0,0,0,-1
full_entangle_L3_none,full_entangle,level3_none,Depth,2026-08-29T17:11:16.366409,16,0.0052,False,22,12,16,6,2,4,0,22,12,16,6,2,4,0,0,0,0,0,-1
full_entangle_L3_none,full_entangle,level3_none,MinimumPoint,2026-08-29T17:11:16.366481,17,0.0143,False,22,12,16,6,2,4,0,22,12,16,6,2,4,0,0,0,0,0,-1
full_entangle_L3_none,full_entangle,level3_none,TwoQubitPeepholeOptimization,2026-08-29T17:11:16.366781,18,0.211,False,22,12,16,6,2,4,0,22,12,16,6,2,4,0,0,0,0,0,-1
full_entangle_L3_none,full_entangle,level3_none,RemoveIdentityEquivalent,2026-08-29T17:11:16.366850,19,0.0093,False,22,12,16,6,2,4,0,22,12,16,6,2,4,0,0,0,0,0,-1
full_entangle_L3_none,full_entangle,level3_none,Optimize1qGatesDecomposition,2026-08-29T17:11:16.366985,20,0.0789,True,22,12,16,6,2,4,0,16,9,10,6,2,4,0,-6,-3,-6,0,-1
full_entangle_L3_none,full_entangle,level3_none,CommutativeCancellation,2026-08-29T17:11:16.367097,21,0.0579,False,16,9,10,6,2,4,0,16,9,10,6,2,4,0,0,0,0,0,-1
full_entangle_L3_none,full_entangle,level3_none,ContractIdleWiresInControlFlow,2026-08-29T17:11:16.367145,22,0.0052,False,16,9,10,6,2,4,0,16,9,10,6,2,4,0,0,0,0,0,-1
full_entangle_L3_none,full_entangle,level3_none,GatesInBasis,2026-08-29T17:11:16.367197,23,0.0081,False,16,9,10,6,2,4,0,16,9,10,6,2,4,0,0,0,0,0,-1
full_entangle_L3_none,full_entangle,level3_none,Size,2026-08-29T17:11:16.367245,24,0.0043,False,16,9,10,6,2,4,0,16,9,10,6,2,4,0,0,0,0,0,-1
full_entangle_L3_none,full_entangle,level3_none,Depth,2026-08-29T17:11:16.367283,25,0.0045,False,16,9,10,6,2,4,0,16,9,10,6,2,4,0,0,0,0,0,-1
full_entangle_L3_none,full_entangle,level3_none,MinimumPoint,2026-08-29T17:11:16.367359,26,0.0391,False,16,9,10,6,2,4,0,16,9,10,6,2,4,0,0,0,0,0,-1
full_entangle_L3_none,full_entangle,level3_none,TwoQubitPeepholeOptimization,2026-08-29T17:11:16.367511,27,0.0894,False,16,9,10,6,2,4,0,16,9,10,6,2,4,0,0,0,0,0,-1
full_entangle_L3_none,full_entangle,level3_none,RemoveIdentityEquivalent,2026-08-29T17:11:16.367563,28,0.0093,True,16,9,10,6,2,4,0,10,7,4,6,2,4,0,-6,-2,-6,0,-1
full_entangle_L3_none,full_entangle,level3_none,Optimize1qGatesDecomposition,2026-08-29T17:11:16.367649,29,0.0403,False,10,7,4,6,2,4,0,10,7,4,6,2,4,0,0,0,0,0,-1
full_entangle_L3_none,full_entangle,level3_none,CommutativeCancellation,2026-08-29T17:11:16.367730,30,0.0365,False,10,7,4,6,2,4,0,10,7,4,6,2,4,0,0,0,0,0,-1
full_entangle_L3_none,full_entangle,level3_none,ContractIdleWiresInControlFlow,2026-08-29T17:11:16.367767,31,0.0041,False,10,7,4,6,2,4,0,10,7,4,6,2,4,0,0,0,0,0,-1
full_entangle_L3_none,full_entangle,level3_none,GatesInBasis,2026-08-29T17:11:16.367803,32,0.0045,False,10,7,4,6,2,4,0,10,7,4,6,2,4,0,0,0,0,0,-1
full_entangle_L3_none,full_entangle,level3_none,Size,2026-08-29T17:11:16.367842,33,0.0038,False,10,7,4,6,2,4,0,10,7,4,6,2,4,0,0,0,0,0,-1
full_entangle_L3_none,full_entangle,level3_none,Depth,2026-08-29T17:11:16.367873,34,0.0045,False,10,7,4,6,2,4,0,10,7,4,6,2,4,0,0,0,0,0,-1
full_entangle_L3_none,full_entangle,level3_none,MinimumPoint,2026-08-29T17:11:16.367928,35,0.0255,False,10,7,4,6,2,4,0,10,7,4,6,2,4,0,0,0,0,0,-1
full_entangle_L3_none,full_entangle,level3_none,TwoQubitPeepholeOptimization,2026-08-29T17:11:16.368080,36,0.0904,False,10,7,4,6,2,4,0,10,7,4,6,2,4,0,0,0,0,0,-1
full_entangle_L3_none,full_entangle,level3_none,RemoveIdentityEquivalent,2026-08-29T17:11:16.368128,37,0.0052,False,10,7,4,6,2,4,0,10,7,4,6,2,4,0,0,0,0,0,-1
full_entangle_L3_none,full_entangle,level3_none,Optimize1qGatesDecomposition,2026-08-29T17:11:16.368212,38,0.047,False,10,7,4,6,2,4,0,10,7,4,6,2,4,0,0,0,0,0,-1
full_entangle_L3_none,full_entangle,level3_none,CommutativeCancellation,2026-08-29T17:11:16.368307,39,0.0577,False,10,7,4,6,2,4,0,10,7,4,6,2,4,0,0,0,0,0,-1
full_entangle_L3_none,full_entangle,level3_none,ContractIdleWiresInControlFlow,2026-08-29T17:11:16.368348,40,0.0038,False,10,7,4,6,2,4,0,10,7,4,6,2,4,0,0,0,0,0,-1
full_entangle_L3_none,full_entangle,level3_none,GatesInBasis,2026-08-29T17:11:16.368384,41,0.0048,False,10,7,4,6,2,4,0,10,7,4,6,2,4,0,0,0,0,0,-1
full_entangle_L3_none,full_entangle,level3_none,Size,2026-08-29T17:11:16.368420,42,0.0038,False,10,7,4,6,2,4,0,10,7,4,6,2,4,0,0,0,0,0,-1
full_entangle_L3_none,full_entangle,level3_none,Depth,2026-08-29T17:11:16.368451,43,0.0038,False,10,7,4,6,2,4,0,10,7,4,6,2,4,0,0,0,0,0,-1
full_entangle_L3_none,full_entangle,level3_none,MinimumPoint,2026-08-29T17:11:16.368490,44,0.006,False,10,7,4,6,2,4,0,10,7,4,6,2,4,0,0,0,0,0,-1
full_entangle_L3_none,full_entangle,level3_none,ContainsInstruction,2026-08-29T17:11:16.368534,45,0.0072,False,10,7,4,6,2,4,0,10,7,4,6,2,4,0,0,0,0,0,-1
full_entangle_L3_linear,full_entangle,level3_linear,ContainsInstruction,2026-08-29T17:11:16.375217,0,0.0179,False,10,6,4,6,2,4,0,10,6,4,6,2,4,0,0,0,0,0,86.0
full_entangle_L3_linear,full_entangle,level3_linear,UnitarySynthesis,2026-08-29T17:11:16.375295,1,0.0086,False,10,6,4,6,2,4,0,10,6,4,6,2,4,0,0,0,0,0,-1
full_entangle_L3_linear,full_entangle,level3_linear,HighLevelSynthesis,2026-08-29T17:11:16.375341,2,0.0076,False,10,6,4,6,2,4,0,10,6,4,6,2,4,0,0,0,0,0,-1
full_entangle_L3_linear,full_entangle,level3_linear,BasisTranslator,2026-08-29T17:11:16.375426,3,0.0243,False,10,6,4,6,2,4,0,10,6,4,6,2,4,0,0,0,0,0,-1
full_entangle_L3_linear,full_entangle,level3_linear,ElidePermutations,2026-08-29T17:11:16.375469,4,0.0086,False,10,6,4,6,2,4,0,10,6,4,6,2,4,0,0,0,0,0,-1
full_entangle_L3_linear,full_entangle,level3_linear,RemoveDiagonalGatesBeforeMeasure,2026-08-29T17:11:16.375510,5,0.0074,False,10,6,4,6,2,4,0,10,6,4,6,2,4,0,0,0,0,0,-1
full_entangle_L3_linear,full_entangle,level3_linear,RemoveIdentityEquivalent,2026-08-29T17:11:16.375553,6,0.0091,False,10,6,4,6,2,4,0,10,6,4,6,2,4,0,0,0,0,0,-1
full_entangle_L3_linear,full_entangle,level3_linear,InverseCancellation,2026-08-29T17:11:16.375601,7,0.0153,False,10,6,4,6,2,4,0,10,6,4,6,2,4,0,0,0,0,0,-1
full_entangle_L3_linear,full_entangle,level3_linear,ContractIdleWiresInControlFlow,2026-08-29T17:11:16.375667,8,0.0052,False,10,6,4,6,2,4,0,10,6,4,6,2,4,0,0,0,0,0,-1
full_entangle_L3_linear,full_entangle,level3_linear,CommutativeCancellation,2026-08-29T17:11:16.375811,9,0.0925,False,10,6,4,6,2,4,0,10,6,4,6,2,4,0,0,0,0,0,-1
full_entangle_L3_linear,full_entangle,level3_linear,ConsolidateBlocks,2026-08-29T17:11:16.375940,10,0.0875,False,10,6,4,6,2,4,0,10,6,4,6,2,4,0,0,0,0,0,-1
full_entangle_L3_linear,full_entangle,level3_linear,Split2QUnitaries,2026-08-29T17:11:16.375980,11,0.0055,False,10,6,4,6,2,4,0,10,6,4,6,2,4,0,0,0,0,0,-1
full_entangle_L3_linear,full_entangle,level3_linear,SetLayout,2026-08-29T17:11:16.376031,12,0.0055,False,10,6,4,6,2,4,0,10,6,4,6,2,4,0,0,0,0,0,-1
full_entangle_L3_linear,full_entangle,level3_linear,VF2Layout,2026-08-29T17:11:16.376144,13,0.0727,False,10,6,4,6,2,4,0,10,6,4,6,2,4,0,0,0,0,0,-1
full_entangle_L3_linear,full_entangle,level3_linear,BarrierBeforeFinalMeasurements,2026-08-29T17:11:16.376195,14,0.0076,False,10,6,4,6,2,4,0,10,6,4,6,2,4,0,0,0,0,0,-1
full_entangle_L3_linear,full_entangle,level3_linear,SabreLayout,2026-08-29T17:11:16.376631,15,0.3772,True,10,6,4,6,2,4,0,13,9,4,9,3,4,0,3,3,0,3,-1
full_entangle_L3_linear,full_entangle,level3_linear,CheckMap,2026-08-29T17:11:16.376711,16,0.0148,False,13,9,4,9,3,4,0,13,9,4,9,3,4,0,0,0,0,0,-1
full_entangle_L3_linear,full_entangle,level3_linear,VF2PostLayout,2026-08-29T17:11:16.376827,17,0.0713,False,13,9,4,9,3,4,0,13,9,4,9,3,4,0,0,0,0,0,-1
full_entangle_L3_linear,full_entangle,level3_linear,ApplyLayout,2026-08-29T17:11:16.376966,18,0.0956,False,13,9,4,9,3,4,0,13,9,4,9,3,4,0,0,0,0,0,-1
full_entangle_L3_linear,full_entangle,level3_linear,FilterOpNodes,2026-08-29T17:11:16.377039,19,0.0188,False,13,9,4,9,3,4,0,13,9,4,9,3,4,0,0,0,0,0,-1
full_entangle_L3_linear,full_entangle,level3_linear,UnitarySynthesis,2026-08-29T17:11:16.377088,20,0.0083,False,13,9,4,9,3,4,0,13,9,4,9,3,4,0,0,0,0,0,-1
full_entangle_L3_linear,full_entangle,level3_linear,HighLevelSynthesis,2026-08-29T17:11:16.377133,21,0.0098,False,13,9,4,9,3,4,0,13,9,4,9,3,4,0,0,0,0,0,-1
full_entangle_L3_linear,full_entangle,level3_linear,BasisTranslator,2026-08-29T17:11:16.377536,22,0.3302,True,13,9,4,9,3,4,0,31,22,16,15,2,4,0,18,13,12,6,-1
full_entangle_L3_linear,full_entangle,level3_linear,CheckGateDirection,2026-08-29T17:11:16.377606,23,0.0095,False,31,22,16,15,2,4,0,31,22,16,15,2,4,0,0,0,0,0,-1
full_entangle_L3_linear,full_entangle,level3_linear,GateDirection,2026-08-29T17:11:16.377723,24,0.0381,True,31,22,16,15,2,4,0,51,32,36,15,3,4,0,20,10,20,0,-1
full_entangle_L3_linear,full_entangle,level3_linear,BasisTranslator,2026-08-29T17:11:16.377883,25,0.0794,True,51,32,36,15,3,4,0,51,32,36,15,2,4,0,0,0,0,0,-1
full_entangle_L3_linear,full_entangle,level3_linear,Size,2026-08-29T17:11:16.377971,26,0.006,False,51,32,36,15,2,4,0,51,32,36,15,2,4,0,0,0,0,0,-1
full_entangle_L3_linear,full_entangle,level3_linear,Depth,2026-08-29T17:11:16.378057,27,0.0067,False,51,32,36,15,2,4,0,51,32,36,15,2,4,0,0,0,0,0,-1
full_entangle_L3_linear,full_entangle,level3_linear,MinimumPoint,2026-08-29T17:11:16.378147,28,0.0155,False,51,32,36,15,2,4,0,51,32,36,15,2,4,0,0,0,0,0,-1
full_entangle_L3_linear,full_entangle,level3_linear,TwoQubitPeepholeOptimization,2026-08-29T17:11:16.378434,29,0.2034,True,51,32,36,15,2,4,0,39,24,28,11,2,4,0,-12,-8,-8,-4,-1
full_entangle_L3_linear,full_entangle,level3_linear,RemoveIdentityEquivalent,2026-08-29T17:11:16.378538,30,0.0134,True,39,24,28,11,2,4,0,38,24,27,11,2,4,0,-1,0,-1,0,-1
full_entangle_L3_linear,full_entangle,level3_linear,Optimize1qGatesDecomposition,2026-08-29T17:11:16.378701,31,0.0896,True,38,24,27,11,2,4,0,35,21,24,11,2,4,0,-3,-3,-3,0,-1
full_entangle_L3_linear,full_entangle,level3_linear,CommutativeCancellation,2026-08-29T17:11:16.378846,32,0.0696,False,35,21,24,11,2,4,0,35,21,24,11,2,4,0,0,0,0,0,-1
full_entangle_L3_linear,full_entangle,level3_linear,ContractIdleWiresInControlFlow,2026-08-29T17:11:16.378918,33,0.005,False,35,21,24,11,2,4,0,35,21,24,11,2,4,0,0,0,0,0,-1
full_entangle_L3_linear,full_entangle,level3_linear,GatesInBasis,2026-08-29T17:11:16.378981,34,0.0081,False,35,21,24,11,2,4,0,35,21,24,11,2,4,0,0,0,0,0,-1
full_entangle_L3_linear,full_entangle,level3_linear,Size,2026-08-29T17:11:16.379057,35,0.0043,False,35,21,24,11,2,4,0,35,21,24,11,2,4,0,0,0,0,0,-1
full_entangle_L3_linear,full_entangle,level3_linear,Depth,2026-08-29T17:11:16.379124,36,0.0052,False,35,21,24,11,2,4,0,35,21,24,11,2,4,0,0,0,0,0,-1
full_entangle_L3_linear,full_entangle,level3_linear,MinimumPoint,2026-08-29T17:11:16.379220,37,0.0429,False,35,21,24,11,2,4,0,35,21,24,11,2,4,0,0,0,0,0,-1
full_entangle_L3_linear,full_entangle,level3_linear,TwoQubitPeepholeOptimization,2026-08-29T17:11:16.379404,38,0.0954,False,35,21,24,11,2,4,0,35,21,24,11,2,4,0,0,0,0,0,-1
full_entangle_L3_linear,full_entangle,level3_linear,RemoveIdentityEquivalent,2026-08-29T17:11:16.379487,39,0.01,True,35,21,24,11,2,4,0,34,21,23,11,2,4,0,-1,0,-1,0,-1
full_entangle_L3_linear,full_entangle,level3_linear,Optimize1qGatesDecomposition,2026-08-29T17:11:16.379709,40,0.138,False,34,21,23,11,2,4,0,34,21,23,11,2,4,0,0,0,0,0,-1
full_entangle_L3_linear,full_entangle,level3_linear,CommutativeCancellation,2026-08-29T17:11:16.379840,41,0.0603,False,34,21,23,11,2,4,0,34,21,23,11,2,4,0,0,0,0,0,-1
full_entangle_L3_linear,full_entangle,level3_linear,ContractIdleWiresInControlFlow,2026-08-29T17:11:16.379909,42,0.0055,False,34,21,23,11,2,4,0,34,21,23,11,2,4,0,0,0,0,0,-1
full_entangle_L3_linear,full_entangle,level3_linear,GatesInBasis,2026-08-29T17:11:16.379981,43,0.0081,False,34,21,23,11,2,4,0,34,21,23,11,2,4,0,0,0,0,0,-1
full_entangle_L3_linear,full_entangle,level3_linear,Size,2026-08-29T17:11:16.380064,44,0.005,False,34,21,23,11,2,4,0,34,21,23,11,2,4,0,0,0,0,0,-1
full_entangle_L3_linear,full_entangle,level3_linear,Depth,2026-08-29T17:11:16.380126,45,0.006,False,34,21,23,11,2,4,0,34,21,23,11,2,4,0,0,0,0,0,-1
full_entangle_L3_linear,full_entangle,level3_linear,MinimumPoint,2026-08-29T17:11:16.380228,46,0.0443,False,34,21,23,11,2,4,0,34,21,23,11,2,4,0,0,0,0,0,-1
full_entangle_L3_linear,full_entangle,level3_linear,TwoQubitPeepholeOptimization,2026-08-29T17:11:16.380414,47,0.1099,False,34,21,23,11,2,4,0,34,21,23,11,2,4,0,0,0,0,0,-1
full_entangle_L3_linear,full_entangle,level3_linear,RemoveIdentityEquivalent,2026-08-29T17:11:16.380493,48,0.0105,False,34,21,23,11,2,4,0,34,21,23,11,2,4,0,0,0,0,0,-1
full_entangle_L3_linear,full_entangle,level3_linear,Optimize1qGatesDecomposition,2026-08-29T17:11:16.380618,49,0.0584,False,34,21,23,11,2,4,0,34,21,23,11,2,4,0,0,0,0,0,-1
full_entangle_L3_linear,full_entangle,level3_linear,CommutativeCancellation,2026-08-29T17:11:16.380748,50,0.0646,False,34,21,23,11,2,4,0,34,21,23,11,2,4,0,0,0,0,0,-1
full_entangle_L3_linear,full_entangle,level3_linear,ContractIdleWiresInControlFlow,2026-08-29T17:11:16.380812,51,0.0036,False,34,21,23,11,2,4,0,34,21,23,11,2,4,0,0,0,0,0,-1
full_entangle_L3_linear,full_entangle,level3_linear,GatesInBasis,2026-08-29T17:11:16.380880,52,0.0062,False,34,21,23,11,2,4,0,34,21,23,11,2,4,0,0,0,0,0,-1
full_entangle_L3_linear,full_entangle,level3_linear,Size,2026-08-29T17:11:16.380941,53,0.0043,False,34,21,23,11,2,4,0,34,21,23,11,2,4,0,0,0,0,0,-1
full_entangle_L3_linear,full_entangle,level3_linear,Depth,2026-08-29T17:11:16.381000,54,0.0052,False,34,21,23,11,2,4,0,34,21,23,11,2,4,0,0,0,0,0,-1
full_entangle_L3_linear,full_entangle,level3_linear,MinimumPoint,2026-08-29T17:11:16.381082,55,0.0122,False,34,21,23,11,2,4,0,34,21,23,11,2,4,0,0,0,0,0,-1
full_entangle_L3_linear,full_entangle,level3_linear,VF2PostLayout,2026-08-29T17:11:16.381209,56,0.0556,False,34,21,23,11,2,4,0,34,21,23,11,2,4,0,0,0,0,0,-1
full_entangle_L3_linear,full_entangle,level3_linear,ContainsInstruction,2026-08-29T17:11:16.381275,57,0.0067,False,34,21,23,11,2,4,0,34,21,23,11,2,4,0,0,0,0,0,-1
full_entangle_L3_ring,full_entangle,level3_ring,ContainsInstruction,2026-08-29T17:11:16.387848,0,0.0124,False,10,6,4,6,2,4,0,10,6,4,6,2,4,0,0,0,0,0,93.62
full_entangle_L3_ring,full_entangle,level3_ring,UnitarySynthesis,2026-08-29T17:11:16.387924,1,0.0074,False,10,6,4,6,2,4,0,10,6,4,6,2,4,0,0,0,0,0,-1
full_entangle_L3_ring,full_entangle,level3_ring,HighLevelSynthesis,2026-08-29T17:11:16.387971,2,0.0079,False,10,6,4,6,2,4,0,10,6,4,6,2,4,0,0,0,0,0,-1
full_entangle_L3_ring,full_entangle,level3_ring,BasisTranslator,2026-08-29T17:11:16.388049,3,0.0439,False,10,6,4,6,2,4,0,10,6,4,6,2,4,0,0,0,0,0,-1
full_entangle_L3_ring,full_entangle,level3_ring,ElidePermutations,2026-08-29T17:11:16.388091,4,0.0081,False,10,6,4,6,2,4,0,10,6,4,6,2,4,0,0,0,0,0,-1
full_entangle_L3_ring,full_entangle,level3_ring,RemoveDiagonalGatesBeforeMeasure,2026-08-29T17:11:16.388131,5,0.0076,False,10,6,4,6,2,4,0,10,6,4,6,2,4,0,0,0,0,0,-1
full_entangle_L3_ring,full_entangle,level3_ring,RemoveIdentityEquivalent,2026-08-29T17:11:16.388173,6,0.0091,False,10,6,4,6,2,4,0,10,6,4,6,2,4,0,0,0,0,0,-1
full_entangle_L3_ring,full_entangle,level3_ring,InverseCancellation,2026-08-29T17:11:16.388219,7,0.0145,False,10,6,4,6,2,4,0,10,6,4,6,2,4,0,0,0,0,0,-1
full_entangle_L3_ring,full_entangle,level3_ring,ContractIdleWiresInControlFlow,2026-08-29T17:11:16.388257,8,0.0055,False,10,6,4,6,2,4,0,10,6,4,6,2,4,0,0,0,0,0,-1
full_entangle_L3_ring,full_entangle,level3_ring,CommutativeCancellation,2026-08-29T17:11:16.388374,9,0.0753,False,10,6,4,6,2,4,0,10,6,4,6,2,4,0,0,0,0,0,-1
full_entangle_L3_ring,full_entangle,level3_ring,ConsolidateBlocks,2026-08-29T17:11:16.388512,10,0.0994,False,10,6,4,6,2,4,0,10,6,4,6,2,4,0,0,0,0,0,-1
full_entangle_L3_ring,full_entangle,level3_ring,Split2QUnitaries,2026-08-29T17:11:16.388554,11,0.0052,False,10,6,4,6,2,4,0,10,6,4,6,2,4,0,0,0,0,0,-1
full_entangle_L3_ring,full_entangle,level3_ring,SetLayout,2026-08-29T17:11:16.388593,12,0.0055,False,10,6,4,6,2,4,0,10,6,4,6,2,4,0,0,0,0,0,-1
full_entangle_L3_ring,full_entangle,level3_ring,VF2Layout,2026-08-29T17:11:16.388707,13,0.0682,False,10,6,4,6,2,4,0,10,6,4,6,2,4,0,0,0,0,0,-1
full_entangle_L3_ring,full_entangle,level3_ring,BarrierBeforeFinalMeasurements,2026-08-29T17:11:16.388756,14,0.0072,False,10,6,4,6,2,4,0,10,6,4,6,2,4,0,0,0,0,0,-1
full_entangle_L3_ring,full_entangle,level3_ring,SabreLayout,2026-08-29T17:11:16.389262,15,0.4585,True,10,6,4,6,2,4,0,12,7,4,8,3,4,0,2,1,0,2,-1
full_entangle_L3_ring,full_entangle,level3_ring,CheckMap,2026-08-29T17:11:16.389339,16,0.0145,False,12,7,4,8,3,4,0,12,7,4,8,3,4,0,0,0,0,0,-1
full_entangle_L3_ring,full_entangle,level3_ring,VF2PostLayout,2026-08-29T17:11:16.389428,17,0.0381,False,12,7,4,8,3,4,0,12,7,4,8,3,4,0,0,0,0,0,-1
full_entangle_L3_ring,full_entangle,level3_ring,FilterOpNodes,2026-08-29T17:11:16.389487,18,0.0186,False,12,7,4,8,3,4,0,12,7,4,8,3,4,0,0,0,0,0,-1
full_entangle_L3_ring,full_entangle,level3_ring,UnitarySynthesis,2026-08-29T17:11:16.389531,19,0.0072,False,12,7,4,8,3,4,0,12,7,4,8,3,4,0,0,0,0,0,-1
full_entangle_L3_ring,full_entangle,level3_ring,HighLevelSynthesis,2026-08-29T17:11:16.389574,20,0.0088,False,12,7,4,8,3,4,0,12,7,4,8,3,4,0,0,0,0,0,-1
full_entangle_L3_ring,full_entangle,level3_ring,BasisTranslator,2026-08-29T17:11:16.389963,21,0.3214,True,12,7,4,8,3,4,0,28,19,16,12,2,4,0,16,12,12,4,-1
full_entangle_L3_ring,full_entangle,level3_ring,CheckGateDirection,2026-08-29T17:11:16.390043,22,0.0093,False,28,19,16,12,2,4,0,28,19,16,12,2,4,0,0,0,0,0,-1
full_entangle_L3_ring,full_entangle,level3_ring,GateDirection,2026-08-29T17:11:16.390175,23,0.0372,True,28,19,16,12,2,4,0,56,31,44,12,3,4,0,28,12,28,0,-1
full_entangle_L3_ring,full_entangle,level3_ring,BasisTranslator,2026-08-29T17:11:16.390335,24,0.082,True,56,31,44,12,3,4,0,56,31,44,12,2,4,0,0,0,0,0,-1
full_entangle_L3_ring,full_entangle,level3_ring,Size,2026-08-29T17:11:16.390433,25,0.0067,False,56,31,44,12,2,4,0,56,31,44,12,2,4,0,0,0,0,0,-1
full_entangle_L3_ring,full_entangle,level3_ring,Depth,2026-08-29T17:11:16.390508,26,0.006,False,56,31,44,12,2,4,0,56,31,44,12,2,4,0,0,0,0,0,-1
full_entangle_L3_ring,full_entangle,level3_ring,MinimumPoint,2026-08-29T17:11:16.390600,27,0.0172,False,56,31,44,12,2,4,0,56,31,44,12,2,4,0,0,0,0,0,-1
full_entangle_L3_ring,full_entangle,level3_ring,TwoQubitPeepholeOptimization,2026-08-29T17:11:16.390844,28,0.1483,True,56,31,44,12,2,4,0,40,20,30,10,2,4,0,-16,-11,-14,-2,-1
full_entangle_L3_ring,full_entangle,level3_ring,RemoveIdentityEquivalent,2026-08-29T17:11:16.390933,29,0.0143,True,40,20,30,10,2,4,0,39,20,29,10,2,4,0,-1,0,-1,0,-1
full_entangle_L3_ring,full_entangle,level3_ring,Optimize1qGatesDecomposition,2026-08-29T17:11:16.391096,30,0.0832,True,39,20,29,10,2,4,0,33,17,23,10,2,4,0,-6,-3,-6,0,-1
full_entangle_L3_ring,full_entangle,level3_ring,CommutativeCancellation,2026-08-29T17:11:16.391231,31,0.0589,False,33,17,23,10,2,4,0,33,17,23,10,2,4,0,0,0,0,0,-1
full_entangle_L3_ring,full_entangle,level3_ring,ContractIdleWiresInControlFlow,2026-08-29T17:11:16.391298,32,0.005,False,33,17,23,10,2,4,0,33,17,23,10,2,4,0,0,0,0,0,-1
full_entangle_L3_ring,full_entangle,level3_ring,GatesInBasis,2026-08-29T17:11:16.391371,33,0.0095,False,33,17,23,10,2,4,0,33,17,23,10,2,4,0,0,0,0,0,-1
full_entangle_L3_ring,full_entangle,level3_ring,Size,2026-08-29T17:11:16.391435,34,0.0052,False,33,17,23,10,2,4,0,33,17,23,10,2,4,0,0,0,0,0,-1
full_entangle_L3_ring,full_entangle,level3_ring,Depth,2026-08-29T17:11:16.391493,35,0.0052,False,33,17,23,10,2,4,0,33,17,23,10,2,4,0,0,0,0,0,-1
full_entangle_L3_ring,full_entangle,level3_ring,MinimumPoint,2026-08-29T17:11:16.391591,36,0.0455,False,33,17,23,10,2,4,0,33,17,23,10,2,4,0,0,0,0,0,-1
full_entangle_L3_ring,full_entangle,level3_ring,TwoQubitPeepholeOptimization,2026-08-29T17:11:16.391798,37,0.138,False,33,17,23,10,2,4,0,33,17,23,10,2,4,0,0,0,0,0,-1
full_entangle_L3_ring,full_entangle,level3_ring,RemoveIdentityEquivalent,2026-08-29T17:11:16.391870,38,0.0105,True,33,17,23,10,2,4,0,31,17,21,10,2,4,0,-2,0,-2,0,-1
full_entangle_L3_ring,full_entangle,level3_ring,Optimize1qGatesDecomposition,2026-08-29T17:11:16.392020,39,0.0684,False,31,17,21,10,2,4,0,31,17,21,10,2,4,0,0,0,0,0,-1
full_entangle_L3_ring,full_entangle,level3_ring,CommutativeCancellation,2026-08-29T17:11:16.392205,40,0.0541,False,31,17,21,10,2,4,0,31,17,21,10,2,4,0,0,0,0,0,-1
full_entangle_L3_ring,full_entangle,level3_ring,ContractIdleWiresInControlFlow,2026-08-29T17:11:16.392266,41,0.0041,False,31,17,21,10,2,4,0,31,17,21,10,2,4,0,0,0,0,0,-1
full_entangle_L3_ring,full_entangle,level3_ring,GatesInBasis,2026-08-29T17:11:16.392329,42,0.0067,False,31,17,21,10,2,4,0,31,17,21,10,2,4,0,0,0,0,0,-1
full_entangle_L3_ring,full_entangle,level3_ring,Size,2026-08-29T17:11:16.392389,43,0.0048,False,31,17,21,10,2,4,0,31,17,21,10,2,4,0,0,0,0,0,-1
full_entangle_L3_ring,full_entangle,level3_ring,Depth,2026-08-29T17:11:16.392442,44,0.0057,False,31,17,21,10,2,4,0,31,17,21,10,2,4,0,0,0,0,0,-1
full_entangle_L3_ring,full_entangle,level3_ring,MinimumPoint,2026-08-29T17:11:16.392524,45,0.0274,False,31,17,21,10,2,4,0,31,17,21,10,2,4,0,0,0,0,0,-1
full_entangle_L3_ring,full_entangle,level3_ring,TwoQubitPeepholeOptimization,2026-08-29T17:11:16.392688,46,0.0927,False,31,17,21,10,2,4,0,31,17,21,10,2,4,0,0,0,0,0,-1
full_entangle_L3_ring,full_entangle,level3_ring,RemoveIdentityEquivalent,2026-08-29T17:11:16.392759,47,0.0095,False,31,17,21,10,2,4,0,31,17,21,10,2,4,0,0,0,0,0,-1
full_entangle_L3_ring,full_entangle,level3_ring,Optimize1qGatesDecomposition,2026-08-29T17:11:16.392891,48,0.0491,False,31,17,21,10,2,4,0,31,17,21,10,2,4,0,0,0,0,0,-1
full_entangle_L3_ring,full_entangle,level3_ring,CommutativeCancellation,2026-08-29T17:11:16.393006,49,0.0508,False,31,17,21,10,2,4,0,31,17,21,10,2,4,0,0,0,0,0,-1
full_entangle_L3_ring,full_entangle,level3_ring,ContractIdleWiresInControlFlow,2026-08-29T17:11:16.393087,50,0.0055,False,31,17,21,10,2,4,0,31,17,21,10,2,4,0,0,0,0,0,-1
full_entangle_L3_ring,full_entangle,level3_ring,GatesInBasis,2026-08-29T17:11:16.393150,51,0.0062,False,31,17,21,10,2,4,0,31,17,21,10,2,4,0,0,0,0,0,-1
full_entangle_L3_ring,full_entangle,level3_ring,Size,2026-08-29T17:11:16.393216,52,0.0055,False,31,17,21,10,2,4,0,31,17,21,10,2,4,0,0,0,0,0,-1
full_entangle_L3_ring,full_entangle,level3_ring,Depth,2026-08-29T17:11:16.393266,53,0.0048,False,31,17,21,10,2,4,0,31,17,21,10,2,4,0,0,0,0,0,-1
full_entangle_L3_ring,full_entangle,level3_ring,MinimumPoint,2026-08-29T17:11:16.393326,54,0.0069,False,31,17,21,10,2,4,0,31,17,21,10,2,4,0,0,0,0,0,-1
full_entangle_L3_ring,full_entangle,level3_ring,VF2PostLayout,2026-08-29T17:11:16.393445,55,0.0546,False,31,17,21,10,2,4,0,31,17,21,10,2,4,0,0,0,0,0,-1
full_entangle_L3_ring,full_entangle,level3_ring,ContainsInstruction,2026-08-29T17:11:16.393511,56,0.0067,False,31,17,21,10,2,4,0,31,17,21,10,2,4,0,0,0,0,0,-1
redundant_L0_none,redundant,level0_none,ContainsInstruction,2026-08-29T17:11:16.396524,0,0.0155,False,22,10,16,6,3,4,0,22,10,16,6,3,4,0,0,0,0,0,15.46
redundant_L0_none,redundant,level0_none,UnitarySynthesis,2026-08-29T17:11:16.396612,1,0.0086,False,22,10,16,6,3,4,0,22,10,16,6,3,4,0,0,0,0,0,-1
redundant_L0_none,redundant,level0_none,HighLevelSynthesis,2026-08-29T17:11:16.396670,2,0.011,False,22,10,16,6,3,4,0,22,10,16,6,3,4,0,0,0,0,0,-1
redundant_L0_none,redundant,level0_none,BasisTranslator,2026-08-29T17:11:16.396920,3,0.1967,True,22,10,16,6,3,4,0,22,10,16,6,2,4,0,0,0,0,0,-1
redundant_L0_none,redundant,level0_none,ContainsInstruction,2026-08-29T17:11:16.396971,4,0.0055,False,22,10,16,6,2,4,0,22,10,16,6,2,4,0,0,0,0,0,-1
redundant_L0_linear,redundant,level0_linear,ContainsInstruction,2026-08-29T17:11:16.400309,0,0.0114,False,22,10,16,6,3,4,0,22,10,16,6,3,4,0,0,0,0,0,30.52
redundant_L0_linear,redundant,level0_linear,UnitarySynthesis,2026-08-29T17:11:16.400384,1,0.0069,False,22,10,16,6,3,4,0,22,10,16,6,3,4,0,0,0,0,0,-1
redundant_L0_linear,redundant,level0_linear,HighLevelSynthesis,2026-08-29T17:11:16.400439,2,0.0072,False,22,10,16,6,3,4,0,22,10,16,6,3,4,0,0,0,0,0,-1
redundant_L0_linear,redundant,level0_linear,BasisTranslator,2026-08-29T17:11:16.400503,3,0.021,False,22,10,16,6,3,4,0,22,10,16,6,3,4,0,0,0,0,0,-1
redundant_L0_linear,redundant,level0_linear,SetLayout,2026-08-29T17:11:16.400552,4,0.0048,False,22,10,16,6,3,4,0,22,10,16,6,3,4,0,0,0,0,0,-1
redundant_L0_linear,redundant,level0_linear,TrivialLayout,2026-08-29T17:11:16.400668,5,0.0539,False,22,10,16,6,3,4,0,22,10,16,6,3,4,0,0,0,0,0,-1
redundant_L0_linear,redundant,level0_linear,FullAncillaAllocation,2026-08-29T17:11:16.400738,6,0.0174,False,22,10,16,6,3,4,0,22,10,16,6,3,4,0,0,0,0,0,-1
redundant_L0_linear,redundant,level0_linear,EnlargeWithAncilla,2026-08-29T17:11:16.400788,7,0.0095,False,22,10,16,6,3,4,0,22,10,16,6,3,4,0,0,0,0,0,-1
redundant_L0_linear,redundant,level0_linear,ApplyLayout,2026-08-29T17:11:16.400905,8,0.0706,False,22,10,16,6,3,4,0,22,10,16,6,3,4,0,0,0,0,0,-1
redundant_L0_linear,redundant,level0_linear,CheckMap,2026-08-29T17:11:16.400964,9,0.0136,False,22,10,16,6,3,4,0,22,10,16,6,3,4,0,0,0,0,0,-1
redundant_L0_linear,redundant,level0_linear,FilterOpNodes,2026-08-29T17:11:16.401046,10,0.0234,False,22,10,16,6,3,4,0,22,10,16,6,3,4,0,0,0,0,0,-1
redundant_L0_linear,redundant,level0_linear,UnitarySynthesis,2026-08-29T17:11:16.401096,11,0.006,False,22,10,16,6,3,4,0,22,10,16,6,3,4,0,0,0,0,0,-1
redundant_L0_linear,redundant,level0_linear,HighLevelSynthesis,2026-08-29T17:11:16.401148,12,0.0117,False,22,10,16,6,3,4,0,22,10,16,6,3,4,0,0,0,0,0,-1
redundant_L0_linear,redundant,level0_linear,BasisTranslator,2026-08-29T17:11:16.401423,13,0.2265,True,22,10,16,6,3,4,0,22,10,16,6,2,4,0,0,0,0,0,-1
redundant_L0_linear,redundant,level0_linear,CheckGateDirection,2026-08-29T17:11:16.401489,14,0.0105,False,22,10,16,6,2,4,0,22,10,16,6,2,4,0,0,0,0,0,-1
redundant_L0_linear,redundant,level0_linear,ContainsInstruction,2026-08-29T17:11:16.401541,15,0.0074,False,22,10,16,6,2,4,0,22,10,16,6,2,4,0,0,0,0,0,-1
redundant_L0_ring,redundant,level0_ring,ContainsInstruction,2026-08-29T17:11:16.405112,0,0.0131,False,22,10,16,6,3,4,0,22,10,16,6,3,4,0,0,0,0,0,30.52
redundant_L0_ring,redundant,level0_ring,UnitarySynthesis,2026-08-29T17:11:16.405202,1,0.0069,False,22,10,16,6,3,4,0,22,10,16,6,3,4,0,0,0,0,0,-1
redundant_L0_ring,redundant,level0_ring,HighLevelSynthesis,2026-08-29T17:11:16.405258,2,0.0072,False,22,10,16,6,3,4,0,22,10,16,6,3,4,0,0,0,0,0,-1
redundant_L0_ring,redundant,level0_ring,BasisTranslator,2026-08-29T17:11:16.405325,3,0.0231,False,22,10,16,6,3,4,0,22,10,16,6,3,4,0,0,0,0,0,-1
redundant_L0_ring,redundant,level0_ring,SetLayout,2026-08-29T17:11:16.405373,4,0.0048,False,22,10,16,6,3,4,0,22,10,16,6,3,4,0,0,0,0,0,-1
redundant_L0_ring,redundant,level0_ring,TrivialLayout,2026-08-29T17:11:16.405490,5,0.052,False,22,10,16,6,3,4,0,22,10,16,6,3,4,0,0,0,0,0,-1
redundant_L0_ring,redundant,level0_ring,FullAncillaAllocation,2026-08-29T17:11:16.405559,6,0.0155,False,22,10,16,6,3,4,0,22,10,16,6,3,4,0,0,0,0,0,-1
redundant_L0_ring,redundant,level0_ring,EnlargeWithAncilla,2026-08-29T17:11:16.405610,7,0.0093,False,22,10,16,6,3,4,0,22,10,16,6,3,4,0,0,0,0,0,-1
redundant_L0_ring,redundant,level0_ring,ApplyLayout,2026-08-29T17:11:16.405737,8,0.0737,False,22,10,16,6,3,4,0,22,10,16,6,3,4,0,0,0,0,0,-1
redundant_L0_ring,redundant,level0_ring,CheckMap,2026-08-29T17:11:16.405795,9,0.0134,False,22,10,16,6,3,4,0,22,10,16,6,3,4,0,0,0,0,0,-1
redundant_L0_ring,redundant,level0_ring,FilterOpNodes,2026-08-29T17:11:16.405862,10,0.0238,False,22,10,16,6,3,4,0,22,10,16,6,3,4,0,0,0,0,0,-1
redundant_L0_ring,redundant,level0_ring,UnitarySynthesis,2026-08-29T17:11:16.405910,11,0.0055,False,22,10,16,6,3,4,0,22,10,16,6,3,4,0,0,0,0,0,-1
redundant_L0_ring,redundant,level0_ring,HighLevelSynthesis,2026-08-29T17:11:16.405983,12,0.011,False,22,10,16,6,3,4,0,22,10,16,6,3,4,0,0,0,0,0,-1
redundant_L0_ring,redundant,level0_ring,BasisTranslator,2026-08-29T17:11:16.406245,13,0.2103,True,22,10,16,6,3,4,0,22,10,16,6,2,4,0,0,0,0,0,-1
redundant_L0_ring,redundant,level0_ring,CheckGateDirection,2026-08-29T17:11:16.406300,14,0.0083,False,22,10,16,6,2,4,0,22,10,16,6,2,4,0,0,0,0,0,-1
redundant_L0_ring,redundant,level0_ring,ContainsInstruction,2026-08-29T17:11:16.406351,15,0.006,False,22,10,16,6,2,4,0,22,10,16,6,2,4,0,0,0,0,0,-1
redundant_L1_none,redundant,level1_none,ContainsInstruction,2026-08-29T17:11:16.410086,0,0.0129,False,22,10,16,6,3,4,0,22,10,16,6,3,4,0,0,0,0,0,32.54
redundant_L1_none,redundant,level1_none,InverseCancellation,2026-08-29T17:11:16.410171,1,0.0265,True,22,10,16,6,3,4,0,0,0,0,0,0,4,0,-22,-10,-16,-6,-1
redundant_L1_none,redundant,level1_none,ContractIdleWiresInControlFlow,2026-08-29T17:11:16.410206,2,0.0057,False,0,0,0,0,0,4,0,0,0,0,0,0,4,0,0,0,0,0,-1
redundant_L1_none,redundant,level1_none,UnitarySynthesis,2026-08-29T17:11:16.410234,3,0.0062,False,0,0,0,0,0,4,0,0,0,0,0,0,4,0,0,0,0,0,-1
redundant_L1_none,redundant,level1_none,HighLevelSynthesis,2026-08-29T17:11:16.410275,4,0.0055,False,0,0,0,0,0,4,0,0,0,0,0,0,4,0,0,0,0,0,-1
redundant_L1_none,redundant,level1_none,BasisTranslator,2026-08-29T17:11:16.410316,5,0.0205,False,0,0,0,0,0,4,0,0,0,0,0,0,4,0,0,0,0,0,-1
redundant_L1_none,redundant,level1_none,Size,2026-08-29T17:11:16.410343,6,0.0057,False,0,0,0,0,0,4,0,0,0,0,0,0,4,0,0,0,0,0,-1
redundant_L1_none,redundant,level1_none,Depth,2026-08-29T17:11:16.410366,7,0.005,False,0,0,0,0,0,4,0,0,0,0,0,0,4,0,0,0,0,0,-1
redundant_L1_none,redundant,level1_none,FixedPoint,2026-08-29T17:11:16.410398,8,0.0112,False,0,0,0,0,0,4,0,0,0,0,0,0,4,0,0,0,0,0,-1
redundant_L1_none,redundant,level1_none,FixedPoint,2026-08-29T17:11:16.410421,9,0.005,False,0,0,0,0,0,4,0,0,0,0,0,0,4,0,0,0,0,0,-1
redundant_L1_none,redundant,level1_none,Optimize1qGatesDecomposition,2026-08-29T17:11:16.410470,10,0.0205,False,0,0,0,0,0,4,0,0,0,0,0,0,4,0,0,0,0,0,-1
redundant_L1_none,redundant,level1_none,InverseCancellation,2026-08-29T17:11:16.410504,11,0.005,False,0,0,0,0,0,4,0,0,0,0,0,0,4,0,0,0,0,0,-1
redundant_L1_none,redundant,level1_none,ContractIdleWiresInControlFlow,2026-08-29T17:11:16.410529,12,0.0029,False,0,0,0,0,0,4,0,0,0,0,0,0,4,0,0,0,0,0,-1
redundant_L1_none,redundant,level1_none,GatesInBasis,2026-08-29T17:11:16.410558,13,0.006,False,0,0,0,0,0,4,0,0,0,0,0,0,4,0,0,0,0,0,-1
redundant_L1_none,redundant,level1_none,Size,2026-08-29T17:11:16.410582,14,0.0033,False,0,0,0,0,0,4,0,0,0,0,0,0,4,0,0,0,0,0,-1
redundant_L1_none,redundant,level1_none,Depth,2026-08-29T17:11:16.410602,15,0.0038,False,0,0,0,0,0,4,0,0,0,0,0,0,4,0,0,0,0,0,-1
redundant_L1_none,redundant,level1_none,FixedPoint,2026-08-29T17:11:16.410627,16,0.0057,False,0,0,0,0,0,4,0,0,0,0,0,0,4,0,0,0,0,0,-1
redundant_L1_none,redundant,level1_none,FixedPoint,2026-08-29T17:11:16.410648,17,0.0045,False,0,0,0,0,0,4,0,0,0,0,0,0,4,0,0,0,0,0,-1
redundant_L1_none,redundant,level1_none,ContainsInstruction,2026-08-29T17:11:16.410671,18,0.0043,False,0,0,0,0,0,4,0,0,0,0,0,0,4,0,0,0,0,0,-1
redundant_L1_linear,redundant,level1_linear,ContainsInstruction,2026-08-29T17:11:16.415527,0,0.0119,False,22,10,16,6,3,4,0,22,10,16,6,3,4,0,0,0,0,0,48.04
redundant_L1_linear,redundant,level1_linear,UnitarySynthesis,2026-08-29T17:11:16.415623,1,0.0076,False,22,10,16,6,3,4,0,22,10,16,6,3,4,0,0,0,0,0,-1
redundant_L1_linear,redundant,level1_linear,HighLevelSynthesis,2026-08-29T17:11:16.415687,2,0.0076,False,22,10,16,6,3,4,0,22,10,16,6,3,4,0,0,0,0,0,-1
redundant_L1_linear,redundant,level1_linear,BasisTranslator,2026-08-29T17:11:16.415758,3,0.0241,False,22,10,16,6,3,4,0,22,10,16,6,3,4,0,0,0,0,0,-1
redundant_L1_linear,redundant,level1_linear,InverseCancellation,2026-08-29T17:11:16.415806,4,0.0243,True,22,10,16,6,3,4,0,0,0,0,0,0,4,0,-22,-10,-16,-6,-1
redundant_L1_linear,redundant,level1_linear,ContractIdleWiresInControlFlow,2026-08-29T17:11:16.415836,5,0.0055,False,0,0,0,0,0,4,0,0,0,0,0,0,4,0,0,0,0,0,-1
redundant_L1_linear,redundant,level1_linear,SetLayout,2026-08-29T17:11:16.415861,6,0.0045,False,0,0,0,0,0,4,0,0,0,0,0,0,4,0,0,0,0,0,-1
redundant_L1_linear,redundant,level1_linear,TrivialLayout,2026-08-29T17:11:16.415937,7,0.0541,False,0,0,0,0,0,4,0,0,0,0,0,0,4,0,0,0,0,0,-1
redundant_L1_linear,redundant,level1_linear,CheckMap,2026-08-29T17:11:16.415977,8,0.0134,False,0,0,0,0,0,4,0,0,0,0,0,0,4,0,0,0,0,0,-1
redundant_L1_linear,redundant,level1_linear,FullAncillaAllocation,2026-08-29T17:11:16.416040,9,0.0322,False,0,0,0,0,0,4,0,0,0,0,0,0,4,0,0,0,0,0,-1
redundant_L1_linear,redundant,level1_linear,EnlargeWithAncilla,2026-08-29T17:11:16.416072,10,0.01,False,0,0,0,0,0,4,0,0,0,0,0,0,4,0,0,0,0,0,-1
redundant_L1_linear,redundant,level1_linear,ApplyLayout,2026-08-29T17:11:16.416183,11,0.0844,False,0,0,0,0,0,4,0,0,0,0,0,0,4,0,0,0,0,0,-1
redundant_L1_linear,redundant,level1_linear,CheckMap,2026-08-29T17:11:16.416217,12,0.0081,False,0,0,0,0,0,4,0,0,0,0,0,0,4,0,0,0,0,0,-1
redundant_L1_linear,redundant,level1_linear,FilterOpNodes,2026-08-29T17:11:16.416250,13,0.0072,False,0,0,0,0,0,4,0,0,0,0,0,0,4,0,0,0,0,0,-1
redundant_L1_linear,redundant,level1_linear,UnitarySynthesis,2026-08-29T17:11:16.416280,14,0.0043,False,0,0,0,0,0,4,0,0,0,0,0,0,4,0,0,0,0,0,-1
redundant_L1_linear,redundant,level1_linear,HighLevelSynthesis,2026-08-29T17:11:16.416303,15,0.0038,False,0,0,0,0,0,4,0,0,0,0,0,0,4,0,0,0,0,0,-1
redundant_L1_linear,redundant,level1_linear,BasisTranslator,2026-08-29T17:11:16.416337,16,0.0138,False,0,0,0,0,0,4,0,0,0,0,0,0,4,0,0,0,0,0,-1
redundant_L1_linear,redundant,level1_linear,CheckGateDirection,2026-08-29T17:11:16.416364,17,0.0067,False,0,0,0,0,0,4,0,0,0,0,0,0,4,0,0,0,0,0,-1
redundant_L1_linear,redundant,level1_linear,Size,2026-08-29T17:11:16.416392,18,0.0052,False,0,0,0,0,0,4,0,0,0,0,0,0,4,0,0,0,0,0,-1
redundant_L1_linear,redundant,level1_linear,Depth,2026-08-29T17:11:16.416414,19,0.005,False,0,0,0,0,0,4,0,0,0,0,0,0,4,0,0,0,0,0,-1
redundant_L1_linear,redundant,level1_linear,FixedPoint,2026-08-29T17:11:16.416442,20,0.0122,False,0,0,0,0,0,4,0,0,0,0,0,0,4,0,0,0,0,0,-1
redundant_L1_linear,redundant,level1_linear,FixedPoint,2026-08-29T17:11:16.416464,21,0.005,False,0,0,0,0,0,4,0,0,0,0,0,0,4,0,0,0,0,0,-1
redundant_L1_linear,redundant,level1_linear,Optimize1qGatesDecomposition,2026-08-29T17:11:16.416508,22,0.0207,False,0,0,0,0,0,4,0,0,0,0,0,0,4,0,0,0,0,0,-1
redundant_L1_linear,redundant,level1_linear,InverseCancellation,2026-08-29T17:11:16.416535,23,0.005,False,0,0,0,0,0,4,0,0,0,0,0,0,4,0,0,0,0,0,-1
redundant_L1_linear,redundant,level1_linear,ContractIdleWiresInControlFlow,2026-08-29T17:11:16.416558,24,0.0043,False,0,0,0,0,0,4,0,0,0,0,0,0,4,0,0,0,0,0,-1
redundant_L1_linear,redundant,level1_linear,GatesInBasis,2026-08-29T17:11:16.416585,25,0.0055,False,0,0,0,0,0,4,0,0,0,0,0,0,4,0,0,0,0,0,-1
redundant_L1_linear,redundant,level1_linear,Size,2026-08-29T17:11:16.416608,26,0.0033,False,0,0,0,0,0,4,0,0,0,0,0,0,4,0,0,0,0,0,-1
redundant_L1_linear,redundant,level1_linear,Depth,2026-08-29T17:11:16.416627,27,0.0038,False,0,0,0,0,0,4,0,0,0,0,0,0,4,0,0,0,0,0,-1
redundant_L1_linear,redundant,level1_linear,FixedPoint,2026-08-29T17:11:16.416651,28,0.0062,False,0,0,0,0,0,4,0,0,0,0,0,0,4,0,0,0,0,0,-1
redundant_L1_linear,redundant,level1_linear,FixedPoint,2026-08-29T17:11:16.416671,29,0.0043,False,0,0,0,0,0,4,0,0,0,0,0,0,4,0,0,0,0,0,-1
redundant_L1_linear,redundant,level1_linear,ContainsInstruction,2026-08-29T17:11:16.416694,30,0.005,False,0,0,0,0,0,4,0,0,0,0,0,0,4,0,0,0,0,0,-1
redundant_L1_ring,redundant,level1_ring,ContainsInstruction,2026-08-29T17:11:16.421620,0,0.0131,False,22,10,16,6,3,4,0,22,10,16,6,3,4,0,0,0,0,0,48.04
redundant_L1_ring,redundant,level1_ring,UnitarySynthesis,2026-08-29T17:11:16.421727,1,0.0105,False,22,10,16,6,3,4,0,22,10,16,6,3,4,0,0,0,0,0,-1
redundant_L1_ring,redundant,level1_ring,HighLevelSynthesis,2026-08-29T17:11:16.421795,2,0.0083,False,22,10,16,6,3,4,0,22,10,16,6,3,4,0,0,0,0,0,-1
redundant_L1_ring,redundant,level1_ring,BasisTranslator,2026-08-29T17:11:16.421876,3,0.0267,False,22,10,16,6,3,4,0,22,10,16,6,3,4,0,0,0,0,0,-1
redundant_L1_ring,redundant,level1_ring,InverseCancellation,2026-08-29T17:11:16.421924,4,0.0238,True,22,10,16,6,3,4,0,0,0,0,0,0,4,0,-22,-10,-16,-6,-1
redundant_L1_ring,redundant,level1_ring,ContractIdleWiresInControlFlow,2026-08-29T17:11:16.421955,5,0.0055,False,0,0,0,0,0,4,0,0,0,0,0,0,4,0,0,0,0,0,-1
redundant_L1_ring,redundant,level1_ring,SetLayout,2026-08-29T17:11:16.421982,6,0.0048,False,0,0,0,0,0,4,0,0,0,0,0,0,4,0,0,0,0,0,-1
redundant_L1_ring,redundant,level1_ring,TrivialLayout,2026-08-29T17:11:16.422078,7,0.0715,False,0,0,0,0,0,4,0,0,0,0,0,0,4,0,0,0,0,0,-1
redundant_L1_ring,redundant,level1_ring,CheckMap,2026-08-29T17:11:16.422126,8,0.0138,False,0,0,0,0,0,4,0,0,0,0,0,0,4,0,0,0,0,0,-1
redundant_L1_ring,redundant,level1_ring,FullAncillaAllocation,2026-08-29T17:11:16.422180,9,0.0219,False,0,0,0,0,0,4,0,0,0,0,0,0,4,0,0,0,0,0,-1
redundant_L1_ring,redundant,level1_ring,EnlargeWithAncilla,2026-08-29T17:11:16.422212,10,0.0103,False,0,0,0,0,0,4,0,0,0,0,0,0,4,0,0,0,0,0,-1
redundant_L1_ring,redundant,level1_ring,ApplyLayout,2026-08-29T17:11:16.422316,11,0.0737,False,0,0,0,0,0,4,0,0,0,0,0,0,4,0,0,0,0,0,-1
redundant_L1_ring,redundant,level1_ring,CheckMap,2026-08-29T17:11:16.422351,12,0.0088,False,0,0,0,0,0,4,0,0,0,0,0,0,4,0,0,0,0,0,-1
redundant_L1_ring,redundant,level1_ring,FilterOpNodes,2026-08-29T17:11:16.422384,13,0.0074,False,0,0,0,0,0,4,0,0,0,0,0,0,4,0,0,0,0,0,-1
redundant_L1_ring,redundant,level1_ring,UnitarySynthesis,2026-08-29T17:11:16.422427,14,0.005,False,0,0,0,0,0,4,0,0,0,0,0,0,4,0,0,0,0,0,-1
redundant_L1_ring,redundant,level1_ring,HighLevelSynthesis,2026-08-29T17:11:16.422452,15,0.0048,False,0,0,0,0,0,4,0,0,0,0,0,0,4,0,0,0,0,0,-1
redundant_L1_ring,redundant,level1_ring,BasisTranslator,2026-08-29T17:11:16.422489,16,0.0167,False,0,0,0,0,0,4,0,0,0,0,0,0,4,0,0,0,0,0,-1
redundant_L1_ring,redundant,level1_ring,CheckGateDirection,2026-08-29T17:11:16.422520,17,0.0076,False,0,0,0,0,0,4,0,0,0,0,0,0,4,0,0,0,0,0,-1
redundant_L1_ring,redundant,level1_ring,Size,2026-08-29T17:11:16.422550,18,0.0052,False,0,0,0,0,0,4,0,0,0,0,0,0,4,0,0,0,0,0,-1
redundant_L1_ring,redundant,level1_ring,Depth,2026-08-29T17:11:16.422572,19,0.0045,False,0,0,0,0,0,4,0,0,0,0,0,0,4,0,0,0,0,0,-1
redundant_L1_ring,redundant,level1_ring,FixedPoint,2026-08-29T17:11:16.422606,20,0.0134,False,0,0,0,0,0,4,0,0,0,0,0,0,4,0,0,0,0,0,-1
redundant_L1_ring,redundant,level1_ring,FixedPoint,2026-08-29T17:11:16.422630,21,0.0043,False,0,0,0,0,0,4,0,0,0,0,0,0,4,0,0,0,0,0,-1
redundant_L1_ring,redundant,level1_ring,Optimize1qGatesDecomposition,2026-08-29T17:11:16.422681,22,0.0186,False,0,0,0,0,0,4,0,0,0,0,0,0,4,0,0,0,0,0,-1
redundant_L1_ring,redundant,level1_ring,InverseCancellation,2026-08-29T17:11:16.422711,23,0.006,False,0,0,0,0,0,4,0,0,0,0,0,0,4,0,0,0,0,0,-1
redundant_L1_ring,redundant,level1_ring,ContractIdleWiresInControlFlow,2026-08-29T17:11:16.422740,24,0.0041,False,0,0,0,0,0,4,0,0,0,0,0,0,4,0,0,0,0,0,-1
redundant_L1_ring,redundant,level1_ring,GatesInBasis,2026-08-29T17:11:16.422767,25,0.0062,False,0,0,0,0,0,4,0,0,0,0,0,0,4,0,0,0,0,0,-1
redundant_L1_ring,redundant,level1_ring,Size,2026-08-29T17:11:16.422791,26,0.0033,False,0,0,0,0,0,4,0,0,0,0,0,0,4,0,0,0,0,0,-1
redundant_L1_ring,redundant,level1_ring,Depth,2026-08-29T17:11:16.422815,27,0.0033,False,0,0,0,0,0,4,0,0,0,0,0,0,4,0,0,0,0,0,-1
redundant_L1_ring,redundant,level1_ring,FixedPoint,2026-08-29T17:11:16.422837,28,0.0057,False,0,0,0,0,0,4,0,0,0,0,0,0,4,0,0,0,0,0,-1
redundant_L1_ring,redundant,level1_ring,FixedPoint,2026-08-29T17:11:16.422860,29,0.005,False,0,0,0,0,0,4,0,0,0,0,0,0,4,0,0,0,0,0,-1
redundant_L1_ring,redundant,level1_ring,ContainsInstruction,2026-08-29T17:11:16.422887,30,0.006,False,0,0,0,0,0,4,0,0,0,0,0,0,4,0,0,0,0,0,-1
redundant_L2_none,redundant,level2_none,ContainsInstruction,2026-08-29T17:11:16.429871,0,0.0155,False,22,10,16,6,3,4,0,22,10,16,6,3,4,0,0,0,0,0,58.17
redundant_L2_none,redundant,level2_none,UnitarySynthesis,2026-08-29T17:11:16.429964,1,0.0074,False,22,10,16,6,3,4,0,22,10,16,6,3,4,0,0,0,0,0,-1
redundant_L2_none,redundant,level2_none,HighLevelSynthesis,2026-08-29T17:11:16.430032,2,0.0088,False,22,10,16,6,3,4,0,22,10,16,6,3,4,0,0,0,0,0,-1
redundant_L2_none,redundant,level2_none,BasisTranslator,2026-08-29T17:11:16.430099,3,0.0224,False,22,10,16,6,3,4,0,22,10,16,6,3,4,0,0,0,0,0,-1
redundant_L2_none,redundant,level2_none,ElidePermutations,2026-08-29T17:11:16.430161,4,0.0086,False,22,10,16,6,3,4,0,22,10,16,6,3,4,0,0,0,0,0,-1
redundant_L2_none,redundant,level2_none,RemoveDiagonalGatesBeforeMeasure,2026-08-29T17:11:16.430211,5,0.0083,False,22,10,16,6,3,4,0,22,10,16,6,3,4,0,0,0,0,0,-1
redundant_L2_none,redundant,level2_none,RemoveIdentityEquivalent,2026-08-29T17:11:16.430261,6,0.0093,False,22,10,16,6,3,4,0,22,10,16,6,3,4,0,0,0,0,0,-1
redundant_L2_none,redundant,level2_none,InverseCancellation,2026-08-29T17:11:16.430304,7,0.0222,True,22,10,16,6,3,4,0,0,0,0,0,0,4,0,-22,-10,-16,-6,-1
redundant_L2_none,redundant,level2_none,ContractIdleWiresInControlFlow,2026-08-29T17:11:16.430354,8,0.0045,False,0,0,0,0,0,4,0,0,0,0,0,0,4,0,0,0,0,0,-1
redundant_L2_none,redundant,level2_none,CommutativeCancellation,2026-08-29T17:11:16.430427,9,0.0486,False,0,0,0,0,0,4,0,0,0,0,0,0,4,0,0,0,0,0,-1
redundant_L2_none,redundant,level2_none,ConsolidateBlocks,2026-08-29T17:11:16.430490,10,0.0343,False,0,0,0,0,0,4,0,0,0,0,0,0,4,0,0,0,0,0,-1
redundant_L2_none,redundant,level2_none,Split2QUnitaries,2026-08-29T17:11:16.430520,11,0.0043,False,0,0,0,0,0,4,0,0,0,0,0,0,4,0,0,0,0,0,-1
redundant_L2_none,redundant,level2_none,UnitarySynthesis,2026-08-29T17:11:16.430548,12,0.0043,False,0,0,0,0,0,4,0,0,0,0,0,0,4,0,0,0,0,0,-1
redundant_L2_none,redundant,level2_none,HighLevelSynthesis,2026-08-29T17:11:16.430571,13,0.0033,False,0,0,0,0,0,4,0,0,0,0,0,0,4,0,0,0,0,0,-1
redundant_L2_none,redundant,level2_none,BasisTranslator,2026-08-29T17:11:16.430603,14,0.0119,False,0,0,0,0,0,4,0,0,0,0,0,0,4,0,0,0,0,0,-1
redundant_L2_none,redundant,level2_none,TwoQubitPeepholeOptimization,2026-08-29T17:11:16.430630,15,0.0072,False,0,0,0,0,0,4,0,0,0,0,0,0,4,0,0,0,0,0,-1
redundant_L2_none,redundant,level2_none,Size,2026-08-29T17:11:16.430659,16,0.0052,False,0,0,0,0,0,4,0,0,0,0,0,0,4,0,0,0,0,0,-1
redundant_L2_none,redundant,level2_none,Depth,2026-08-29T17:11:16.430681,17,0.005,False,0,0,0,0,0,4,0,0,0,0,0,0,4,0,0,0,0,0,-1
redundant_L2_none,redundant,level2_none,FixedPoint,2026-08-29T17:11:16.430709,18,0.0107,False,0,0,0,0,0,4,0,0,0,0,0,0,4,0,0,0,0,0,-1
redundant_L2_none,redundant,level2_none,FixedPoint,2026-08-29T17:11:16.430734,19,0.0048,False,0,0,0,0,0,4,0,0,0,0,0,0,4,0,0,0,0,0,-1
redundant_L2_none,redundant,level2_none,RemoveIdentityEquivalent,2026-08-29T17:11:16.430765,20,0.0041,False,0,0,0,0,0,4,0,0,0,0,0,0,4,0,0,0,0,0,-1
redundant_L2_none,redundant,level2_none,Optimize1qGatesDecomposition,2026-08-29T17:11:16.430804,21,0.0145,False,0,0,0,0,0,4,0,0,0,0,0,0,4,0,0,0,0,0,-1
redundant_L2_none,redundant,level2_none,CommutativeCancellation,2026-08-29T17:11:16.430858,22,0.0315,False,0,0,0,0,0,4,0,0,0,0,0,0,4,0,0,0,0,0,-1
redundant_L2_none,redundant,level2_none,ContractIdleWiresInControlFlow,2026-08-29T17:11:16.430888,23,0.0038,False,0,0,0,0,0,4,0,0,0,0,0,0,4,0,0,0,0,0,-1
redundant_L2_none,redundant,level2_none,GatesInBasis,2026-08-29T17:11:16.430917,24,0.0055,False,0,0,0,0,0,4,0,0,0,0,0,0,4,0,0,0,0,0,-1
redundant_L2_none,redundant,level2_none,Size,2026-08-29T17:11:16.430951,25,0.0033,False,0,0,0,0,0,4,0,0,0,0,0,0,4,0,0,0,0,0,-1
redundant_L2_none,redundant,level2_none,Depth,2026-08-29T17:11:16.430971,26,0.0033,False,0,0,0,0,0,4,0,0,0,0,0,0,4,0,0,0,0,0,-1
redundant_L2_none,redundant,level2_none,FixedPoint,2026-08-29T17:11:16.430992,27,0.0055,False,0,0,0,0,0,4,0,0,0,0,0,0,4,0,0,0,0,0,-1
redundant_L2_none,redundant,level2_none,FixedPoint,2026-08-29T17:11:16.431025,28,0.0043,False,0,0,0,0,0,4,0,0,0,0,0,0,4,0,0,0,0,0,-1
redundant_L2_none,redundant,level2_none,ContainsInstruction,2026-08-29T17:11:16.431052,29,0.0052,False,0,0,0,0,0,4,0,0,0,0,0,0,4,0,0,0,0,0,-1
redundant_L2_linear,redundant,level2_linear,ContainsInstruction,2026-08-29T17:11:16.437575,0,0.0134,False,22,10,16,6,3,4,0,22,10,16,6,3,4,0,0,0,0,0,56.61
redundant_L2_linear,redundant,level2_linear,UnitarySynthesis,2026-08-29T17:11:16.437671,1,0.0076,False,22,10,16,6,3,4,0,22,10,16,6,3,4,0,0,0,0,0,-1
redundant_L2_linear,redundant,level2_linear,HighLevelSynthesis,2026-08-29T17:11:16.437735,2,0.0081,False,22,10,16,6,3,4,0,22,10,16,6,3,4,0,0,0,0,0,-1
redundant_L2_linear,redundant,level2_linear,BasisTranslator,2026-08-29T17:11:16.437803,3,0.0248,False,22,10,16,6,3,4,0,22,10,16,6,3,4,0,0,0,0,0,-1
redundant_L2_linear,redundant,level2_linear,ElidePermutations,2026-08-29T17:11:16.437854,4,0.0079,False,22,10,16,6,3,4,0,22,10,16,6,3,4,0,0,0,0,0,-1
redundant_L2_linear,redundant,level2_linear,RemoveDiagonalGatesBeforeMeasure,2026-08-29T17:11:16.437904,5,0.0079,False,22,10,16,6,3,4,0,22,10,16,6,3,4,0,0,0,0,0,-1
redundant_L2_linear,redundant,level2_linear,RemoveIdentityEquivalent,2026-08-29T17:11:16.437955,6,0.0091,False,22,10,16,6,3,4,0,22,10,16,6,3,4,0,0,0,0,0,-1
redundant_L2_linear,redundant,level2_linear,InverseCancellation,2026-08-29T17:11:16.437996,7,0.0198,True,22,10,16,6,3,4,0,0,0,0,0,0,4,0,-22,-10,-16,-6,-1
redundant_L2_linear,redundant,level2_linear,ContractIdleWiresInControlFlow,2026-08-29T17:11:16.438035,8,0.005,False,0,0,0,0,0,4,0,0,0,0,0,0,4,0,0,0,0,0,-1
redundant_L2_linear,redundant,level2_linear,CommutativeCancellation,2026-08-29T17:11:16.438125,9,0.0668,False,0,0,0,0,0,4,0,0,0,0,0,0,4,0,0,0,0,0,-1
redundant_L2_linear,redundant,level2_linear,ConsolidateBlocks,2026-08-29T17:11:16.438186,10,0.0331,False,0,0,0,0,0,4,0,0,0,0,0,0,4,0,0,0,0,0,-1
redundant_L2_linear,redundant,level2_linear,Split2QUnitaries,2026-08-29T17:11:16.438214,11,0.0055,False,0,0,0,0,0,4,0,0,0,0,0,0,4,0,0,0,0,0,-1
redundant_L2_linear,redundant,level2_linear,SetLayout,2026-08-29T17:11:16.438240,12,0.006,False,0,0,0,0,0,4,0,0,0,0,0,0,4,0,0,0,0,0,-1
redundant_L2_linear,redundant,level2_linear,VF2Layout,2026-08-29T17:11:16.438418,13,0.155,False,0,0,0,0,0,4,0,0,0,0,0,0,4,0,0,0,0,0,-1
redundant_L2_linear,redundant,level2_linear,FullAncillaAllocation,2026-08-29T17:11:16.438468,14,0.0191,False,0,0,0,0,0,4,0,0,0,0,0,0,4,0,0,0,0,0,-1
redundant_L2_linear,redundant,level2_linear,EnlargeWithAncilla,2026-08-29T17:11:16.438501,15,0.0112,False,0,0,0,0,0,4,0,0,0,0,0,0,4,0,0,0,0,0,-1
redundant_L2_linear,redundant,level2_linear,ApplyLayout,2026-08-29T17:11:16.438595,16,0.0694,False,0,0,0,0,0,4,0,0,0,0,0,0,4,0,0,0,0,0,-1
redundant_L2_linear,redundant,level2_linear,CheckMap,2026-08-29T17:11:16.438634,17,0.0129,False,0,0,0,0,0,4,0,0,0,0,0,0,4,0,0,0,0,0,-1
redundant_L2_linear,redundant,level2_linear,FilterOpNodes,2026-08-29T17:11:16.438672,18,0.0064,False,0,0,0,0,0,4,0,0,0,0,0,0,4,0,0,0,0,0,-1
redundant_L2_linear,redundant,level2_linear,UnitarySynthesis,2026-08-29T17:11:16.438699,19,0.0057,False,0,0,0,0,0,4,0,0,0,0,0,0,4,0,0,0,0,0,-1
redundant_L2_linear,redundant,level2_linear,HighLevelSynthesis,2026-08-29T17:11:16.438723,20,0.005,False,0,0,0,0,0,4,0,0,0,0,0,0,4,0,0,0,0,0,-1
redundant_L2_linear,redundant,level2_linear,BasisTranslator,2026-08-29T17:11:16.438759,21,0.0148,False,0,0,0,0,0,4,0,0,0,0,0,0,4,0,0,0,0,0,-1
redundant_L2_linear,redundant,level2_linear,CheckGateDirection,2026-08-29T17:11:16.438789,22,0.0076,False,0,0,0,0,0,4,0,0,0,0,0,0,4,0,0,0,0,0,-1
redundant_L2_linear,redundant,level2_linear,TwoQubitPeepholeOptimization,2026-08-29T17:11:16.438818,23,0.0081,False,0,0,0,0,0,4,0,0,0,0,0,0,4,0,0,0,0,0,-1
redundant_L2_linear,redundant,level2_linear,Size,2026-08-29T17:11:16.438847,24,0.006,False,0,0,0,0,0,4,0,0,0,0,0,0,4,0,0,0,0,0,-1
redundant_L2_linear,redundant,level2_linear,Depth,2026-08-29T17:11:16.438869,25,0.005,False,0,0,0,0,0,4,0,0,0,0,0,0,4,0,0,0,0,0,-1
redundant_L2_linear,redundant,level2_linear,FixedPoint,2026-08-29T17:11:16.438897,26,0.011,False,0,0,0,0,0,4,0,0,0,0,0,0,4,0,0,0,0,0,-1
redundant_L2_linear,redundant,level2_linear,FixedPoint,2026-08-29T17:11:16.438921,27,0.005,False,0,0,0,0,0,4,0,0,0,0,0,0,4,0,0,0,0,0,-1
redundant_L2_linear,redundant,level2_linear,RemoveIdentityEquivalent,2026-08-29T17:11:16.438949,28,0.0048,False,0,0,0,0,0,4,0,0,0,0,0,0,4,0,0,0,0,0,-1
redundant_L2_linear,redundant,level2_linear,Optimize1qGatesDecomposition,2026-08-29T17:11:16.438989,29,0.0148,False,0,0,0,0,0,4,0,0,0,0,0,0,4,0,0,0,0,0,-1
redundant_L2_linear,redundant,level2_linear,CommutativeCancellation,2026-08-29T17:11:16.439079,30,0.0463,False,0,0,0,0,0,4,0,0,0,0,0,0,4,0,0,0,0,0,-1
redundant_L2_linear,redundant,level2_linear,ContractIdleWiresInControlFlow,2026-08-29T17:11:16.439110,31,0.0043,False,0,0,0,0,0,4,0,0,0,0,0,0,4,0,0,0,0,0,-1
redundant_L2_linear,redundant,level2_linear,GatesInBasis,2026-08-29T17:11:16.439139,32,0.0057,False,0,0,0,0,0,4,0,0,0,0,0,0,4,0,0,0,0,0,-1
redundant_L2_linear,redundant,level2_linear,Size,2026-08-29T17:11:16.439163,33,0.0038,False,0,0,0,0,0,4,0,0,0,0,0,0,4,0,0,0,0,0,-1
redundant_L2_linear,redundant,level2_linear,Depth,2026-08-29T17:11:16.439187,34,0.0038,False,0,0,0,0,0,4,0,0,0,0,0,0,4,0,0,0,0,0,-1
redundant_L2_linear,redundant,level2_linear,FixedPoint,2026-08-29T17:11:16.439208,35,0.0067,False,0,0,0,0,0,4,0,0,0,0,0,0,4,0,0,0,0,0,-1
redundant_L2_linear,redundant,level2_linear,FixedPoint,2026-08-29T17:11:16.439228,36,0.0045,False,0,0,0,0,0,4,0,0,0,0,0,0,4,0,0,0,0,0,-1
redundant_L2_linear,redundant,level2_linear,ContainsInstruction,2026-08-29T17:11:16.439272,37,0.0055,False,0,0,0,0,0,4,0,0,0,0,0,0,4,0,0,0,0,0,-1
redundant_L2_ring,redundant,level2_ring,ContainsInstruction,2026-08-29T17:11:16.446477,0,0.016,False,22,10,16,6,3,4,0,22,10,16,6,3,4,0,0,0,0,0,56.56
redundant_L2_ring,redundant,level2_ring,UnitarySynthesis,2026-08-29T17:11:16.446578,1,0.0093,False,22,10,16,6,3,4,0,22,10,16,6,3,4,0,0,0,0,0,-1
redundant_L2_ring,redundant,level2_ring,HighLevelSynthesis,2026-08-29T17:11:16.446643,2,0.0091,False,22,10,16,6,3,4,0,22,10,16,6,3,4,0,0,0,0,0,-1
redundant_L2_ring,redundant,level2_ring,BasisTranslator,2026-08-29T17:11:16.446713,3,0.0269,False,22,10,16,6,3,4,0,22,10,16,6,3,4,0,0,0,0,0,-1
redundant_L2_ring,redundant,level2_ring,ElidePermutations,2026-08-29T17:11:16.446764,4,0.0088,False,22,10,16,6,3,4,0,22,10,16,6,3,4,0,0,0,0,0,-1
redundant_L2_ring,redundant,level2_ring,RemoveDiagonalGatesBeforeMeasure,2026-08-29T17:11:16.446813,5,0.0081,False,22,10,16,6,3,4,0,22,10,16,6,3,4,0,0,0,0,0,-1
redundant_L2_ring,redundant,level2_ring,RemoveIdentityEquivalent,2026-08-29T17:11:16.446863,6,0.0103,False,22,10,16,6,3,4,0,22,10,16,6,3,4,0,0,0,0,0,-1
redundant_L2_ring,redundant,level2_ring,InverseCancellation,2026-08-29T17:11:16.446912,7,0.0217,True,22,10,16,6,3,4,0,0,0,0,0,0,4,0,-22,-10,-16,-6,-1
redundant_L2_ring,redundant,level2_ring,ContractIdleWiresInControlFlow,2026-08-29T17:11:16.446940,8,0.0055,False,0,0,0,0,0,4,0,0,0,0,0,0,4,0,0,0,0,0,-1
redundant_L2_ring,redundant,level2_ring,CommutativeCancellation,2026-08-29T17:11:16.447026,9,0.0505,False,0,0,0,0,0,4,0,0,0,0,0,0,4,0,0,0,0,0,-1
redundant_L2_ring,redundant,level2_ring,ConsolidateBlocks,2026-08-29T17:11:16.447093,10,0.0339,False,0,0,0,0,0,4,0,0,0,0,0,0,4,0,0,0,0,0,-1
redundant_L2_ring,redundant,level2_ring,Split2QUnitaries,2026-08-29T17:11:16.447119,11,0.005,False,0,0,0,0,0,4,0,0,0,0,0,0,4,0,0,0,0,0,-1
redundant_L2_ring,redundant,level2_ring,SetLayout,2026-08-29T17:11:16.447147,12,0.0052,False,0,0,0,0,0,4,0,0,0,0,0,0,4,0,0,0,0,0,-1
redundant_L2_ring,redundant,level2_ring,VF2Layout,2026-08-29T17:11:16.447298,13,0.1283,False,0,0,0,0,0,4,0,0,0,0,0,0,4,0,0,0,0,0,-1
redundant_L2_ring,redundant,level2_ring,FullAncillaAllocation,2026-08-29T17:11:16.447349,14,0.0184,False,0,0,0,0,0,4,0,0,0,0,0,0,4,0,0,0,0,0,-1
redundant_L2_ring,redundant,level2_ring,EnlargeWithAncilla,2026-08-29T17:11:16.447385,15,0.0114,False,0,0,0,0,0,4,0,0,0,0,0,0,4,0,0,0,0,0,-1
redundant_L2_ring,redundant,level2_ring,ApplyLayout,2026-08-29T17:11:16.447483,16,0.0734,False,0,0,0,0,0,4,0,0,0,0,0,0,4,0,0,0,0,0,-1
redundant_L2_ring,redundant,level2_ring,CheckMap,2026-08-29T17:11:16.447521,17,0.0119,False,0,0,0,0,0,4,0,0,0,0,0,0,4,0,0,0,0,0,-1
redundant_L2_ring,redundant,level2_ring,FilterOpNodes,2026-08-29T17:11:16.447555,18,0.0062,False,0,0,0,0,0,4,0,0,0,0,0,0,4,0,0,0,0,0,-1
redundant_L2_ring,redundant,level2_ring,UnitarySynthesis,2026-08-29T17:11:16.447585,19,0.005,False,0,0,0,0,0,4,0,0,0,0,0,0,4,0,0,0,0,0,-1
redundant_L2_ring,redundant,level2_ring,HighLevelSynthesis,2026-08-29T17:11:16.447609,20,0.005,False,0,0,0,0,0,4,0,0,0,0,0,0,4,0,0,0,0,0,-1
redundant_L2_ring,redundant,level2_ring,BasisTranslator,2026-08-29T17:11:16.447644,21,0.016,False,0,0,0,0,0,4,0,0,0,0,0,0,4,0,0,0,0,0,-1
redundant_L2_ring,redundant,level2_ring,CheckGateDirection,2026-08-29T17:11:16.447676,22,0.0081,False,0,0,0,0,0,4,0,0,0,0,0,0,4,0,0,0,0,0,-1
redundant_L2_ring,redundant,level2_ring,TwoQubitPeepholeOptimization,2026-08-29T17:11:16.447705,23,0.0081,False,0,0,0,0,0,4,0,0,0,0,0,0,4,0,0,0,0,0,-1
redundant_L2_ring,redundant,level2_ring,Size,2026-08-29T17:11:16.447731,24,0.0055,False,0,0,0,0,0,4,0,0,0,0,0,0,4,0,0,0,0,0,-1
redundant_L2_ring,redundant,level2_ring,Depth,2026-08-29T17:11:16.447752,25,0.0048,False,0,0,0,0,0,4,0,0,0,0,0,0,4,0,0,0,0,0,-1
redundant_L2_ring,redundant,level2_ring,FixedPoint,2026-08-29T17:11:16.447784,26,0.0124,False,0,0,0,0,0,4,0,0,0,0,0,0,4,0,0,0,0,0,-1
redundant_L2_ring,redundant,level2_ring,FixedPoint,2026-08-29T17:11:16.447805,27,0.0048,False,0,0,0,0,0,4,0,0,0,0,0,0,4,0,0,0,0,0,-1
redundant_L2_ring,redundant,level2_ring,RemoveIdentityEquivalent,2026-08-29T17:11:16.447832,28,0.0052,False,0,0,0,0,0,4,0,0,0,0,0,0,4,0,0,0,0,0,-1
redundant_L2_ring,redundant,level2_ring,Optimize1qGatesDecomposition,2026-08-29T17:11:16.447873,29,0.0148,False,0,0,0,0,0,4,0,0,0,0,0,0,4,0,0,0,0,0,-1
redundant_L2_ring,redundant,level2_ring,CommutativeCancellation,2026-08-29T17:11:16.447963,30,0.0658,False,0,0,0,0,0,4,0,0,0,0,0,0,4,0,0,0,0,0,-1
redundant_L2_ring,redundant,level2_ring,ContractIdleWiresInControlFlow,2026-08-29T17:11:16.447998,31,0.0048,False,0,0,0,0,0,4,0,0,0,0,0,0,4,0,0,0,0,0,-1
redundant_L2_ring,redundant,level2_ring,GatesInBasis,2026-08-29T17:11:16.448038,32,0.0064,False,0,0,0,0,0,4,0,0,0,0,0,0,4,0,0,0,0,0,-1
redundant_L2_ring,redundant,level2_ring,Size,2026-08-29T17:11:16.448066,33,0.0038,False,0,0,0,0,0,4,0,0,0,0,0,0,4,0,0,0,0,0,-1
redundant_L2_ring,redundant,level2_ring,Depth,2026-08-29T17:11:16.448085,34,0.0033,False,0,0,0,0,0,4,0,0,0,0,0,0,4,0,0,0,0,0,-1
redundant_L2_ring,redundant,level2_ring,FixedPoint,2026-08-29T17:11:16.448107,35,0.0055,False,0,0,0,0,0,4,0,0,0,0,0,0,4,0,0,0,0,0,-1
redundant_L2_ring,redundant,level2_ring,FixedPoint,2026-08-29T17:11:16.448129,36,0.0045,False,0,0,0,0,0,4,0,0,0,0,0,0,4,0,0,0,0,0,-1
redundant_L2_ring,redundant,level2_ring,ContainsInstruction,2026-08-29T17:11:16.448154,37,0.0055,False,0,0,0,0,0,4,0,0,0,0,0,0,4,0,0,0,0,0,-1
redundant_L3_none,redundant,level3_none,ContainsInstruction,2026-08-29T17:11:16.454000,0,0.0131,False,22,10,16,6,3,4,0,22,10,16,6,3,4,0,0,0,0,0,54.76
redundant_L3_none,redundant,level3_none,UnitarySynthesis,2026-08-29T17:11:16.454097,1,0.0081,False,22,10,16,6,3,4,0,22,10,16,6,3,4,0,0,0,0,0,-1
redundant_L3_none,redundant,level3_none,HighLevelSynthesis,2026-08-29T17:11:16.454150,2,0.0072,False,22,10,16,6,3,4,0,22,10,16,6,3,4,0,0,0,0,0,-1
redundant_L3_none,redundant,level3_none,BasisTranslator,2026-08-29T17:11:16.454213,3,0.02,False,22,10,16,6,3,4,0,22,10,16,6,3,4,0,0,0,0,0,-1
redundant_L3_none,redundant,level3_none,ElidePermutations,2026-08-29T17:11:16.454265,4,0.0079,False,22,10,16,6,3,4,0,22,10,16,6,3,4,0,0,0,0,0,-1
redundant_L3_none,redundant,level3_none,RemoveDiagonalGatesBeforeMeasure,2026-08-29T17:11:16.454314,5,0.0076,False,22,10,16,6,3,4,0,22,10,16,6,3,4,0,0,0,0,0,-1
redundant_L3_none,redundant,level3_none,RemoveIdentityEquivalent,2026-08-29T17:11:16.454365,6,0.01,False,22,10,16,6,3,4,0,22,10,16,6,3,4,0,0,0,0,0,-1
redundant_L3_none,redundant,level3_none,InverseCancellation,2026-08-29T17:11:16.454407,7,0.0198,True,22,10,16,6,3,4,0,0,0,0,0,0,4,0,-22,-10,-16,-6,-1
redundant_L3_none,redundant,level3_none,ContractIdleWiresInControlFlow,2026-08-29T17:11:16.454433,8,0.0045,False,0,0,0,0,0,4,0,0,0,0,0,0,4,0,0,0,0,0,-1
redundant_L3_none,redundant,level3_none,CommutativeCancellation,2026-08-29T17:11:16.454517,9,0.0606,False,0,0,0,0,0,4,0,0,0,0,0,0,4,0,0,0,0,0,-1
redundant_L3_none,redundant,level3_none,ConsolidateBlocks,2026-08-29T17:11:16.454595,10,0.0367,False,0,0,0,0,0,4,0,0,0,0,0,0,4,0,0,0,0,0,-1
redundant_L3_none,redundant,level3_none,Split2QUnitaries,2026-08-29T17:11:16.454622,11,0.0055,False,0,0,0,0,0,4,0,0,0,0,0,0,4,0,0,0,0,0,-1
redundant_L3_none,redundant,level3_none,UnitarySynthesis,2026-08-29T17:11:16.454647,12,0.0055,False,0,0,0,0,0,4,0,0,0,0,0,0,4,0,0,0,0,0,-1
redundant_L3_none,redundant,level3_none,HighLevelSynthesis,2026-08-29T17:11:16.454669,13,0.0041,False,0,0,0,0,0,4,0,0,0,0,0,0,4,0,0,0,0,0,-1
redundant_L3_none,redundant,level3_none,BasisTranslator,2026-08-29T17:11:16.454706,14,0.0143,False,0,0,0,0,0,4,0,0,0,0,0,0,4,0,0,0,0,0,-1
redundant_L3_none,redundant,level3_none,Size,2026-08-29T17:11:16.454732,15,0.0057,False,0,0,0,0,0,4,0,0,0,0,0,0,4,0,0,0,0,0,-1
redundant_L3_none,redundant,level3_none,Depth,2026-08-29T17:11:16.454754,16,0.005,False,0,0,0,0,0,4,0,0,0,0,0,0,4,0,0,0,0,0,-1
redundant_L3_none,redundant,level3_none,MinimumPoint,2026-08-29T17:11:16.454788,17,0.0148,False,0,0,0,0,0,4,0,0,0,0,0,0,4,0,0,0,0,0,-1
redundant_L3_none,redundant,level3_none,TwoQubitPeepholeOptimization,2026-08-29T17:11:16.454832,18,0.0126,False,0,0,0,0,0,4,0,0,0,0,0,0,4,0,0,0,0,0,-1
redundant_L3_none,redundant,level3_none,RemoveIdentityEquivalent,2026-08-29T17:11:16.454859,19,0.0048,False,0,0,0,0,0,4,0,0,0,0,0,0,4,0,0,0,0,0,-1
redundant_L3_none,redundant,level3_none,Optimize1qGatesDecomposition,2026-08-29T17:11:16.454896,20,0.0153,False,0,0,0,0,0,4,0,0,0,0,0,0,4,0,0,0,0,0,-1
redundant_L3_none,redundant,level3_none,CommutativeCancellation,2026-08-29T17:11:16.454961,21,0.0429,False,0,0,0,0,0,4,0,0,0,0,0,0,4,0,0,0,0,0,-1
redundant_L3_none,redundant,level3_none,ContractIdleWiresInControlFlow,2026-08-29T17:11:16.454990,22,0.0031,False,0,0,0,0,0,4,0,0,0,0,0,0,4,0,0,0,0,0,-1
redundant_L3_none,redundant,level3_none,GatesInBasis,2026-08-29T17:11:16.455033,23,0.0179,False,0,0,0,0,0,4,0,0,0,0,0,0,4,0,0,0,0,0,-1
redundant_L3_none,redundant,level3_none,Size,2026-08-29T17:11:16.455059,24,0.0033,False,0,0,0,0,0,4,0,0,0,0,0,0,4,0,0,0,0,0,-1
redundant_L3_none,redundant,level3_none,Depth,2026-08-29T17:11:16.455079,25,0.0033,False,0,0,0,0,0,4,0,0,0,0,0,0,4,0,0,0,0,0,-1
redundant_L3_none,redundant,level3_none,MinimumPoint,2026-08-29T17:11:16.455134,26,0.0379,False,0,0,0,0,0,4,0,0,0,0,0,0,4,0,0,0,0,0,-1
redundant_L3_none,redundant,level3_none,TwoQubitPeepholeOptimization,2026-08-29T17:11:16.455167,27,0.0062,False,0,0,0,0,0,4,0,0,0,0,0,0,4,0,0,0,0,0,-1
redundant_L3_none,redundant,level3_none,RemoveIdentityEquivalent,2026-08-29T17:11:16.455192,28,0.0043,False,0,0,0,0,0,4,0,0,0,0,0,0,4,0,0,0,0,0,-1
redundant_L3_none,redundant,level3_none,Optimize1qGatesDecomposition,2026-08-29T17:11:16.455223,29,0.0095,False,0,0,0,0,0,4,0,0,0,0,0,0,4,0,0,0,0,0,-1
redundant_L3_none,redundant,level3_none,CommutativeCancellation,2026-08-29T17:11:16.455276,30,0.03,False,0,0,0,0,0,4,0,0,0,0,0,0,4,0,0,0,0,0,-1
redundant_L3_none,redundant,level3_none,ContractIdleWiresInControlFlow,2026-08-29T17:11:16.455306,31,0.0041,False,0,0,0,0,0,4,0,0,0,0,0,0,4,0,0,0,0,0,-1
redundant_L3_none,redundant,level3_none,GatesInBasis,2026-08-29T17:11:16.455329,32,0.0033,False,0,0,0,0,0,4,0,0,0,0,0,0,4,0,0,0,0,0,-1
redundant_L3_none,redundant,level3_none,Size,2026-08-29T17:11:16.455355,33,0.0029,False,0,0,0,0,0,4,0,0,0,0,0,0,4,0,0,0,0,0,-1
redundant_L3_none,redundant,level3_none,Depth,2026-08-29T17:11:16.455374,34,0.0031,False,0,0,0,0,0,4,0,0,0,0,0,0,4,0,0,0,0,0,-1
redundant_L3_none,redundant,level3_none,MinimumPoint,2026-08-29T17:11:16.455397,35,0.0069,False,0,0,0,0,0,4,0,0,0,0,0,0,4,0,0,0,0,0,-1
redundant_L3_none,redundant,level3_none,ContainsInstruction,2026-08-29T17:11:16.455426,36,0.0057,False,0,0,0,0,0,4,0,0,0,0,0,0,4,0,0,0,0,0,-1
redundant_L3_linear,redundant,level3_linear,ContainsInstruction,2026-08-29T17:11:16.462023,0,0.0134,False,22,10,16,6,3,4,0,22,10,16,6,3,4,0,0,0,0,0,67.3
redundant_L3_linear,redundant,level3_linear,UnitarySynthesis,2026-08-29T17:11:16.462128,1,0.0083,False,22,10,16,6,3,4,0,22,10,16,6,3,4,0,0,0,0,0,-1
redundant_L3_linear,redundant,level3_linear,HighLevelSynthesis,2026-08-29T17:11:16.462193,2,0.0074,False,22,10,16,6,3,4,0,22,10,16,6,3,4,0,0,0,0,0,-1
redundant_L3_linear,redundant,level3_linear,BasisTranslator,2026-08-29T17:11:16.462260,3,0.0238,False,22,10,16,6,3,4,0,22,10,16,6,3,4,0,0,0,0,0,-1
redundant_L3_linear,redundant,level3_linear,ElidePermutations,2026-08-29T17:11:16.462311,4,0.0076,False,22,10,16,6,3,4,0,22,10,16,6,3,4,0,0,0,0,0,-1
redundant_L3_linear,redundant,level3_linear,RemoveDiagonalGatesBeforeMeasure,2026-08-29T17:11:16.462360,5,0.0081,False,22,10,16,6,3,4,0,22,10,16,6,3,4,0,0,0,0,0,-1
redundant_L3_linear,redundant,level3_linear,RemoveIdentityEquivalent,2026-08-29T17:11:16.462433,6,0.0103,False,22,10,16,6,3,4,0,22,10,16,6,3,4,0,0,0,0,0,-1
redundant_L3_linear,redundant,level3_linear,InverseCancellation,2026-08-29T17:11:16.462491,7,0.026,True,22,10,16,6,3,4,0,0,0,0,0,0,4,0,-22,-10,-16,-6,-1
redundant_L3_linear,redundant,level3_linear,ContractIdleWiresInControlFlow,2026-08-29T17:11:16.462529,8,0.006,False,0,0,0,0,0,4,0,0,0,0,0,0,4,0,0,0,0,0,-1
redundant_L3_linear,redundant,level3_linear,CommutativeCancellation,2026-08-29T17:11:16.462633,9,0.077,False,0,0,0,0,0,4,0,0,0,0,0,0,4,0,0,0,0,0,-1
redundant_L3_linear,redundant,level3_linear,ConsolidateBlocks,2026-08-29T17:11:16.462711,10,0.0429,False,0,0,0,0,0,4,0,0,0,0,0,0,4,0,0,0,0,0,-1
redundant_L3_linear,redundant,level3_linear,Split2QUnitaries,2026-08-29T17:11:16.462745,11,0.0062,False,0,0,0,0,0,4,0,0,0,0,0,0,4,0,0,0,0,0,-1
redundant_L3_linear,redundant,level3_linear,SetLayout,2026-08-29T17:11:16.462776,12,0.0062,False,0,0,0,0,0,4,0,0,0,0,0,0,4,0,0,0,0,0,-1
redundant_L3_linear,redundant,level3_linear,VF2Layout,2026-08-29T17:11:16.462946,13,0.1414,False,0,0,0,0,0,4,0,0,0,0,0,0,4,0,0,0,0,0,-1
redundant_L3_linear,redundant,level3_linear,FullAncillaAllocation,2026-08-29T17:11:16.462999,14,0.0186,False,0,0,0,0,0,4,0,0,0,0,0,0,4,0,0,0,0,0,-1
redundant_L3_linear,redundant,level3_linear,EnlargeWithAncilla,2026-08-29T17:11:16.463051,15,0.011,False,0,0,0,0,0,4,0,0,0,0,0,0,4,0,0,0,0,0,-1
redundant_L3_linear,redundant,level3_linear,ApplyLayout,2026-08-29T17:11:16.463152,16,0.0749,False,0,0,0,0,0,4,0,0,0,0,0,0,4,0,0,0,0,0,-1
redundant_L3_linear,redundant,level3_linear,CheckMap,2026-08-29T17:11:16.463194,17,0.0126,False,0,0,0,0,0,4,0,0,0,0,0,0,4,0,0,0,0,0,-1
redundant_L3_linear,redundant,level3_linear,FilterOpNodes,2026-08-29T17:11:16.463231,18,0.0081,False,0,0,0,0,0,4,0,0,0,0,0,0,4,0,0,0,0,0,-1
redundant_L3_linear,redundant,level3_linear,UnitarySynthesis,2026-08-29T17:11:16.463259,19,0.0067,False,0,0,0,0,0,4,0,0,0,0,0,0,4,0,0,0,0,0,-1
redundant_L3_linear,redundant,level3_linear,HighLevelSynthesis,2026-08-29T17:11:16.463298,20,0.005,False,0,0,0,0,0,4,0,0,0,0,0,0,4,0,0,0,0,0,-1
redundant_L3_linear,redundant,level3_linear,BasisTranslator,2026-08-29T17:11:16.463343,21,0.0207,False,0,0,0,0,0,4,0,0,0,0,0,0,4,0,0,0,0,0,-1
redundant_L3_linear,redundant,level3_linear,CheckGateDirection,2026-08-29T17:11:16.463371,22,0.0074,False,0,0,0,0,0,4,0,0,0,0,0,0,4,0,0,0,0,0,-1
redundant_L3_linear,redundant,level3_linear,Size,2026-08-29T17:11:16.463398,23,0.0062,False,0,0,0,0,0,4,0,0,0,0,0,0,4,0,0,0,0,0,-1
redundant_L3_linear,redundant,level3_linear,Depth,2026-08-29T17:11:16.463422,24,0.005,False,0,0,0,0,0,4,0,0,0,0,0,0,4,0,0,0,0,0,-1
redundant_L3_linear,redundant,level3_linear,MinimumPoint,2026-08-29T17:11:16.463457,25,0.0148,False,0,0,0,0,0,4,0,0,0,0,0,0,4,0,0,0,0,0,-1
redundant_L3_linear,redundant,level3_linear,TwoQubitPeepholeOptimization,2026-08-29T17:11:16.463495,26,0.0095,False,0,0,0,0,0,4,0,0,0,0,0,0,4,0,0,0,0,0,-1
redundant_L3_linear,redundant,level3_linear,RemoveIdentityEquivalent,2026-08-29T17:11:16.463524,27,0.0064,False,0,0,0,0,0,4,0,0,0,0,0,0,4,0,0,0,0,0,-1
redundant_L3_linear,redundant,level3_linear,Optimize1qGatesDecomposition,2026-08-29T17:11:16.463567,28,0.0186,False,0,0,0,0,0,4,0,0,0,0,0,0,4,0,0,0,0,0,-1
redundant_L3_linear,redundant,level3_linear,CommutativeCancellation,2026-08-29T17:11:16.463645,29,0.0534,False,0,0,0,0,0,4,0,0,0,0,0,0,4,0,0,0,0,0,-1
redundant_L3_linear,redundant,level3_linear,ContractIdleWiresInControlFlow,2026-08-29T17:11:16.463677,30,0.0043,False,0,0,0,0,0,4,0,0,0,0,0,0,4,0,0,0,0,0,-1
redundant_L3_linear,redundant,level3_linear,GatesInBasis,2026-08-29T17:11:16.463708,31,0.0057,False,0,0,0,0,0,4,0,0,0,0,0,0,4,0,0,0,0,0,-1
redundant_L3_linear,redundant,level3_linear,Size,2026-08-29T17:11:16.463731,32,0.0038,False,0,0,0,0,0,4,0,0,0,0,0,0,4,0,0,0,0,0,-1
redundant_L3_linear,redundant,level3_linear,Depth,2026-08-29T17:11:16.463751,33,0.0038,False,0,0,0,0,0,4,0,0,0,0,0,0,4,0,0,0,0,0,-1
redundant_L3_linear,redundant,level3_linear,MinimumPoint,2026-08-29T17:11:16.463800,34,0.0288,False,0,0,0,0,0,4,0,0,0,0,0,0,4,0,0,0,0,0,-1
redundant_L3_linear,redundant,level3_linear,TwoQubitPeepholeOptimization,2026-08-29T17:11:16.463835,35,0.006,False,0,0,0,0,0,4,0,0,0,0,0,0,4,0,0,0,0,0,-1
redundant_L3_linear,redundant,level3_linear,RemoveIdentityEquivalent,2026-08-29T17:11:16.463859,36,0.0038,False,0,0,0,0,0,4,0,0,0,0,0,0,4,0,0,0,0,0,-1
redundant_L3_linear,redundant,level3_linear,Optimize1qGatesDecomposition,2026-08-29T17:11:16.463888,37,0.0093,False,0,0,0,0,0,4,0,0,0,0,0,0,4,0,0,0,0,0,-1
redundant_L3_linear,redundant,level3_linear,CommutativeCancellation,2026-08-29T17:11:16.463952,38,0.0398,False,0,0,0,0,0,4,0,0,0,0,0,0,4,0,0,0,0,0,-1
redundant_L3_linear,redundant,level3_linear,ContractIdleWiresInControlFlow,2026-08-29T17:11:16.463981,39,0.0038,False,0,0,0,0,0,4,0,0,0,0,0,0,4,0,0,0,0,0,-1
redundant_L3_linear,redundant,level3_linear,GatesInBasis,2026-08-29T17:11:16.464005,40,0.0038,False,0,0,0,0,0,4,0,0,0,0,0,0,4,0,0,0,0,0,-1
redundant_L3_linear,redundant,level3_linear,Size,2026-08-29T17:11:16.464041,41,0.0038,False,0,0,0,0,0,4,0,0,0,0,0,0,4,0,0,0,0,0,-1
redundant_L3_linear,redundant,level3_linear,Depth,2026-08-29T17:11:16.464062,42,0.0038,False,0,0,0,0,0,4,0,0,0,0,0,0,4,0,0,0,0,0,-1
redundant_L3_linear,redundant,level3_linear,MinimumPoint,2026-08-29T17:11:16.464085,43,0.0062,False,0,0,0,0,0,4,0,0,0,0,0,0,4,0,0,0,0,0,-1
redundant_L3_linear,redundant,level3_linear,VF2PostLayout,2026-08-29T17:11:16.464157,44,0.046,False,0,0,0,0,0,4,0,0,0,0,0,0,4,0,0,0,0,0,-1
redundant_L3_linear,redundant,level3_linear,ContainsInstruction,2026-08-29T17:11:16.464186,45,0.0062,False,0,0,0,0,0,4,0,0,0,0,0,0,4,0,0,0,0,0,-1
redundant_L3_ring,redundant,level3_ring,ContainsInstruction,2026-08-29T17:11:16.470837,0,0.0131,False,22,10,16,6,3,4,0,22,10,16,6,3,4,0,0,0,0,0,80.75
redundant_L3_ring,redundant,level3_ring,UnitarySynthesis,2026-08-29T17:11:16.470926,1,0.0079,False,22,10,16,6,3,4,0,22,10,16,6,3,4,0,0,0,0,0,-1
redundant_L3_ring,redundant,level3_ring,HighLevelSynthesis,2026-08-29T17:11:16.470983,2,0.0083,False,22,10,16,6,3,4,0,22,10,16,6,3,4,0,0,0,0,0,-1
redundant_L3_ring,redundant,level3_ring,BasisTranslator,2026-08-29T17:11:16.471068,3,0.041,False,22,10,16,6,3,4,0,22,10,16,6,3,4,0,0,0,0,0,-1
redundant_L3_ring,redundant,level3_ring,ElidePermutations,2026-08-29T17:11:16.471119,4,0.0083,False,22,10,16,6,3,4,0,22,10,16,6,3,4,0,0,0,0,0,-1
redundant_L3_ring,redundant,level3_ring,RemoveDiagonalGatesBeforeMeasure,2026-08-29T17:11:16.471169,5,0.0083,False,22,10,16,6,3,4,0,22,10,16,6,3,4,0,0,0,0,0,-1
redundant_L3_ring,redundant,level3_ring,RemoveIdentityEquivalent,2026-08-29T17:11:16.471220,6,0.01,False,22,10,16,6,3,4,0,22,10,16,6,3,4,0,0,0,0,0,-1
redundant_L3_ring,redundant,level3_ring,InverseCancellation,2026-08-29T17:11:16.471264,7,0.021,True,22,10,16,6,3,4,0,0,0,0,0,0,4,0,-22,-10,-16,-6,-1
redundant_L3_ring,redundant,level3_ring,ContractIdleWiresInControlFlow,2026-08-29T17:11:16.471292,8,0.0043,False,0,0,0,0,0,4,0,0,0,0,0,0,4,0,0,0,0,0,-1
redundant_L3_ring,redundant,level3_ring,CommutativeCancellation,2026-08-29T17:11:16.471381,9,0.061,False,0,0,0,0,0,4,0,0,0,0,0,0,4,0,0,0,0,0,-1
redundant_L3_ring,redundant,level3_ring,ConsolidateBlocks,2026-08-29T17:11:16.471446,10,0.0353,False,0,0,0,0,0,4,0,0,0,0,0,0,4,0,0,0,0,0,-1
redundant_L3_ring,redundant,level3_ring,Split2QUnitaries,2026-08-29T17:11:16.471475,11,0.0055,False,0,0,0,0,0,4,0,0,0,0,0,0,4,0,0,0,0,0,-1
redundant_L3_ring,redundant,level3_ring,SetLayout,2026-08-29T17:11:16.471502,12,0.0057,False,0,0,0,0,0,4,0,0,0,0,0,0,4,0,0,0,0,0,-1
redundant_L3_ring,redundant,level3_ring,VF2Layout,2026-08-29T17:11:16.471662,13,0.1373,False,0,0,0,0,0,4,0,0,0,0,0,0,4,0,0,0,0,0,-1
redundant_L3_ring,redundant,level3_ring,FullAncillaAllocation,2026-08-29T17:11:16.471714,14,0.0188,False,0,0,0,0,0,4,0,0,0,0,0,0,4,0,0,0,0,0,-1
redundant_L3_ring,redundant,level3_ring,EnlargeWithAncilla,2026-08-29T17:11:16.471746,15,0.0105,False,0,0,0,0,0,4,0,0,0,0,0,0,4,0,0,0,0,0,-1
redundant_L3_ring,redundant,level3_ring,ApplyLayout,2026-08-29T17:11:16.471855,16,0.0741,False,0,0,0,0,0,4,0,0,0,0,0,0,4,0,0,0,0,0,-1
redundant_L3_ring,redundant,level3_ring,CheckMap,2026-08-29T17:11:16.471894,17,0.0129,False,0,0,0,0,0,4,0,0,0,0,0,0,4,0,0,0,0,0,-1
redundant_L3_ring,redundant,level3_ring,FilterOpNodes,2026-08-29T17:11:16.471930,18,0.0067,False,0,0,0,0,0,4,0,0,0,0,0,0,4,0,0,0,0,0,-1
redundant_L3_ring,redundant,level3_ring,UnitarySynthesis,2026-08-29T17:11:16.471957,19,0.005,False,0,0,0,0,0,4,0,0,0,0,0,0,4,0,0,0,0,0,-1
redundant_L3_ring,redundant,level3_ring,HighLevelSynthesis,2026-08-29T17:11:16.471981,20,0.0048,False,0,0,0,0,0,4,0,0,0,0,0,0,4,0,0,0,0,0,-1
redundant_L3_ring,redundant,level3_ring,BasisTranslator,2026-08-29T17:11:16.472031,21,0.0286,False,0,0,0,0,0,4,0,0,0,0,0,0,4,0,0,0,0,0,-1
redundant_L3_ring,redundant,level3_ring,CheckGateDirection,2026-08-29T17:11:16.472062,22,0.0081,False,0,0,0,0,0,4,0,0,0,0,0,0,4,0,0,0,0,0,-1
redundant_L3_ring,redundant,level3_ring,Size,2026-08-29T17:11:16.472088,23,0.0057,False,0,0,0,0,0,4,0,0,0,0,0,0,4,0,0,0,0,0,-1
redundant_L3_ring,redundant,level3_ring,Depth,2026-08-29T17:11:16.472111,24,0.005,False,0,0,0,0,0,4,0,0,0,0,0,0,4,0,0,0,0,0,-1
redundant_L3_ring,redundant,level3_ring,MinimumPoint,2026-08-29T17:11:16.472145,25,0.015,False,0,0,0,0,0,4,0,0,0,0,0,0,4,0,0,0,0,0,-1
redundant_L3_ring,redundant,level3_ring,TwoQubitPeepholeOptimization,2026-08-29T17:11:16.472181,26,0.0095,False,0,0,0,0,0,4,0,0,0,0,0,0,4,0,0,0,0,0,-1
redundant_L3_ring,redundant,level3_ring,RemoveIdentityEquivalent,2026-08-29T17:11:16.472209,27,0.005,False,0,0,0,0,0,4,0,0,0,0,0,0,4,0,0,0,0,0,-1
redundant_L3_ring,redundant,level3_ring,Optimize1qGatesDecomposition,2026-08-29T17:11:16.472247,28,0.0155,False,0,0,0,0,0,4,0,0,0,0,0,0,4,0,0,0,0,0,-1
redundant_L3_ring,redundant,level3_ring,CommutativeCancellation,2026-08-29T17:11:16.472310,29,0.036,False,0,0,0,0,0,4,0,0,0,0,0,0,4,0,0,0,0,0,-1
redundant_L3_ring,redundant,level3_ring,ContractIdleWiresInControlFlow,2026-08-29T17:11:16.472343,30,0.0041,False,0,0,0,0,0,4,0,0,0,0,0,0,4,0,0,0,0,0,-1
redundant_L3_ring,redundant,level3_ring,GatesInBasis,2026-08-29T17:11:16.472370,31,0.0062,False,0,0,0,0,0,4,0,0,0,0,0,0,4,0,0,0,0,0,-1
redundant_L3_ring,redundant,level3_ring,Size,2026-08-29T17:11:16.472395,32,0.0033,False,0,0,0,0,0,4,0,0,0,0,0,0,4,0,0,0,0,0,-1
redundant_L3_ring,redundant,level3_ring,Depth,2026-08-29T17:11:16.472425,33,0.0041,False,0,0,0,0,0,4,0,0,0,0,0,0,4,0,0,0,0,0,-1
redundant_L3_ring,redundant,level3_ring,MinimumPoint,2026-08-29T17:11:16.472469,34,0.026,False,0,0,0,0,0,4,0,0,0,0,0,0,4,0,0,0,0,0,-1
redundant_L3_ring,redundant,level3_ring,TwoQubitPeepholeOptimization,2026-08-29T17:11:16.472505,35,0.0062,False,0,0,0,0,0,4,0,0,0,0,0,0,4,0,0,0,0,0,-1
redundant_L3_ring,redundant,level3_ring,RemoveIdentityEquivalent,2026-08-29T17:11:16.472529,36,0.0043,False,0,0,0,0,0,4,0,0,0,0,0,0,4,0,0,0,0,0,-1
redundant_L3_ring,redundant,level3_ring,Optimize1qGatesDecomposition,2026-08-29T17:11:16.472558,37,0.0095,False,0,0,0,0,0,4,0,0,0,0,0,0,4,0,0,0,0,0,-1
redundant_L3_ring,redundant,level3_ring,CommutativeCancellation,2026-08-29T17:11:16.472615,38,0.031,False,0,0,0,0,0,4,0,0,0,0,0,0,4,0,0,0,0,0,-1
redundant_L3_ring,redundant,level3_ring,ContractIdleWiresInControlFlow,2026-08-29T17:11:16.472644,39,0.0038,False,0,0,0,0,0,4,0,0,0,0,0,0,4,0,0,0,0,0,-1
redundant_L3_ring,redundant,level3_ring,GatesInBasis,2026-08-29T17:11:16.472668,40,0.0038,False,0,0,0,0,0,4,0,0,0,0,0,0,4,0,0,0,0,0,-1
redundant_L3_ring,redundant,level3_ring,Size,2026-08-29T17:11:16.472695,41,0.0033,False,0,0,0,0,0,4,0,0,0,0,0,0,4,0,0,0,0,0,-1
redundant_L3_ring,redundant,level3_ring,Depth,2026-08-29T17:11:16.472714,42,0.0038,False,0,0,0,0,0,4,0,0,0,0,0,0,4,0,0,0,0,0,-1
redundant_L3_ring,redundant,level3_ring,MinimumPoint,2026-08-29T17:11:16.472738,43,0.0067,False,0,0,0,0,0,4,0,0,0,0,0,0,4,0,0,0,0,0,-1
redundant_L3_ring,redundant,level3_ring,VF2PostLayout,2026-08-29T17:11:16.472809,44,0.0448,False,0,0,0,0,0,4,0,0,0,0,0,0,4,0,0,0,0,0,-1
redundant_L3_ring,redundant,level3_ring,ContainsInstruction,2026-08-29T17:11:16.472838,45,0.0064,False,0,0,0,0,0,4,0,0,0,0,0,0,4,0,0,0,0,0,-1
rotations_L0_none,rotations,level0_none,ContainsInstruction,2026-08-29T17:11:16.475890,0,0.0148,False,28,7,28,0,2,4,0,28,7,28,0,2,4,0,0,0,0,0,16.35
rotations_L0_none,rotations,level0_none,UnitarySynthesis,2026-08-29T17:11:16.475991,1,0.0105,False,28,7,28,0,2,4,0,28,7,28,0,2,4,0,0,0,0,0,-1
rotations_L0_none,rotations,level0_none,HighLevelSynthesis,2026-08-29T17:11:16.476106,2,0.0122,False,28,7,28,0,2,4,0,28,7,28,0,2,4,0,0,0,0,0,-1
rotations_L0_none,rotations,level0_none,BasisTranslator,2026-08-29T17:11:16.476500,3,0.3352,True,28,7,28,0,2,4,0,28,7,28,0,1,4,0,0,0,0,0,-1
rotations_L0_none,rotations,level0_none,ContainsInstruction,2026-08-29T17:11:16.476565,4,0.0062,False,28,7,28,0,1,4,0,28,7,28,0,1,4,0,0,0,0,0,-1
rotations_L0_linear,rotations,level0_linear,ContainsInstruction,2026-08-29T17:11:16.480021,0,0.0145,False,28,7,28,0,2,4,0,28,7,28,0,2,4,0,0,0,0,0,31.41
rotations_L0_linear,rotations,level0_linear,UnitarySynthesis,2026-08-29T17:11:16.480122,1,0.0083,False,28,7,28,0,2,4,0,28,7,28,0,2,4,0,0,0,0,0,-1
rotations_L0_linear,rotations,level0_linear,HighLevelSynthesis,2026-08-29T17:11:16.480187,2,0.0081,False,28,7,28,0,2,4,0,28,7,28,0,2,4,0,0,0,0,0,-1
rotations_L0_linear,rotations,level0_linear,BasisTranslator,2026-08-29T17:11:16.480261,3,0.0243,False,28,7,28,0,2,4,0,28,7,28,0,2,4,0,0,0,0,0,-1
rotations_L0_linear,rotations,level0_linear,SetLayout,2026-08-29T17:11:16.480320,4,0.0052,False,28,7,28,0,2,4,0,28,7,28,0,2,4,0,0,0,0,0,-1
rotations_L0_linear,rotations,level0_linear,TrivialLayout,2026-08-29T17:11:16.480428,5,0.0575,False,28,7,28,0,2,4,0,28,7,28,0,2,4,0,0,0,0,0,-1
rotations_L0_linear,rotations,level0_linear,FullAncillaAllocation,2026-08-29T17:11:16.480511,6,0.0167,False,28,7,28,0,2,4,0,28,7,28,0,2,4,0,0,0,0,0,-1
rotations_L0_linear,rotations,level0_linear,EnlargeWithAncilla,2026-08-29T17:11:16.480572,7,0.0107,False,28,7,28,0,2,4,0,28,7,28,0,2,4,0,0,0,0,0,-1
rotations_L0_linear,rotations,level0_linear,ApplyLayout,2026-08-29T17:11:16.480701,8,0.0746,False,28,7,28,0,2,4,0,28,7,28,0,2,4,0,0,0,0,0,-1
rotations_L0_linear,rotations,level0_linear,CheckMap,2026-08-29T17:11:16.480763,9,0.0136,False,28,7,28,0,2,4,0,28,7,28,0,2,4,0,0,0,0,0,-1
rotations_L0_linear,rotations,level0_linear,FilterOpNodes,2026-08-29T17:11:16.480867,10,0.0279,False,28,7,28,0,2,4,0,28,7,28,0,2,4,0,0,0,0,0,-1
rotations_L0_linear,rotations,level0_linear,UnitarySynthesis,2026-08-29T17:11:16.480919,11,0.0055,False,28,7,28,0,2,4,0,28,7,28,0,2,4,0,0,0,0,0,-1
rotations_L0_linear,rotations,level0_linear,HighLevelSynthesis,2026-08-29T17:11:16.480980,12,0.0088,False,28,7,28,0,2,4,0,28,7,28,0,2,4,0,0,0,0,0,-1
rotations_L0_linear,rotations,level0_linear,BasisTranslator,2026-08-29T17:11:16.481357,13,0.3278,True,28,7,28,0,2,4,0,28,7,28,0,1,4,0,0,0,0,0,-1
rotations_L0_linear,rotations,level0_linear,CheckGateDirection,2026-08-29T17:11:16.481425,14,0.0091,False,28,7,28,0,1,4,0,28,7,28,0,1,4,0,0,0,0,0,-1
rotations_L0_linear,rotations,level0_linear,ContainsInstruction,2026-08-29T17:11:16.481477,15,0.0069,False,28,7,28,0,1,4,0,28,7,28,0,1,4,0,0,0,0,0,-1
rotations_L0_ring,rotations,level0_ring,ContainsInstruction,2026-08-29T17:11:16.485035,0,0.0124,False,28,7,28,0,2,4,0,28,7,28,0,2,4,0,0,0,0,0,31.41
rotations_L0_ring,rotations,level0_ring,UnitarySynthesis,2026-08-29T17:11:16.485124,1,0.0076,False,28,7,28,0,2,4,0,28,7,28,0,2,4,0,0,0,0,0,-1
rotations_L0_ring,rotations,level0_ring,HighLevelSynthesis,2026-08-29T17:11:16.485187,2,0.0067,False,28,7,28,0,2,4,0,28,7,28,0,2,4,0,0,0,0,0,-1
rotations_L0_ring,rotations,level0_ring,BasisTranslator,2026-08-29T17:11:16.485260,3,0.0231,False,28,7,28,0,2,4,0,28,7,28,0,2,4,0,0,0,0,0,-1
rotations_L0_ring,rotations,level0_ring,SetLayout,2026-08-29T17:11:16.485311,4,0.0048,False,28,7,28,0,2,4,0,28,7,28,0,2,4,0,0,0,0,0,-1
rotations_L0_ring,rotations,level0_ring,TrivialLayout,2026-08-29T17:11:16.485408,5,0.0515,False,28,7,28,0,2,4,0,28,7,28,0,2,4,0,0,0,0,0,-1
rotations_L0_ring,rotations,level0_ring,FullAncillaAllocation,2026-08-29T17:11:16.485470,6,0.0148,False,28,7,28,0,2,4,0,28,7,28,0,2,4,0,0,0,0,0,-1
rotations_L0_ring,rotations,level0_ring,EnlargeWithAncilla,2026-08-29T17:11:16.485524,7,0.01,False,28,7,28,0,2,4,0,28,7,28,0,2,4,0,0,0,0,0,-1
rotations_L0_ring,rotations,level0_ring,ApplyLayout,2026-08-29T17:11:16.485651,8,0.0782,False,28,7,28,0,2,4,0,28,7,28,0,2,4,0,0,0,0,0,-1
rotations_L0_ring,rotations,level0_ring,CheckMap,2026-08-29T17:11:16.485711,9,0.0124,False,28,7,28,0,2,4,0,28,7,28,0,2,4,0,0,0,0,0,-1
rotations_L0_ring,rotations,level0_ring,FilterOpNodes,2026-08-29T17:11:16.485797,10,0.0281,False,28,7,28,0,2,4,0,28,7,28,0,2,4,0,0,0,0,0,-1
rotations_L0_ring,rotations,level0_ring,UnitarySynthesis,2026-08-29T17:11:16.485856,11,0.0055,False,28,7,28,0,2,4,0,28,7,28,0,2,4,0,0,0,0,0,-1
rotations_L0_ring,rotations,level0_ring,HighLevelSynthesis,2026-08-29T17:11:16.485917,12,0.0098,False,28,7,28,0,2,4,0,28,7,28,0,2,4,0,0,0,0,0,-1
rotations_L0_ring,rotations,level0_ring,BasisTranslator,2026-08-29T17:11:16.486343,13,0.3722,True,28,7,28,0,2,4,0,28,7,28,0,1,4,0,0,0,0,0,-1
rotations_L0_ring,rotations,level0_ring,CheckGateDirection,2026-08-29T17:11:16.486409,14,0.0095,False,28,7,28,0,1,4,0,28,7,28,0,1,4,0,0,0,0,0,-1
rotations_L0_ring,rotations,level0_ring,ContainsInstruction,2026-08-29T17:11:16.486461,15,0.0067,False,28,7,28,0,1,4,0,28,7,28,0,1,4,0,0,0,0,0,-1
rotations_L1_none,rotations,level1_none,ContainsInstruction,2026-08-29T17:11:16.490090,0,0.0124,False,28,7,28,0,2,4,0,28,7,28,0,2,4,0,0,0,0,0,41.98
rotations_L1_none,rotations,level1_none,InverseCancellation,2026-08-29T17:11:16.490187,1,0.01,False,28,7,28,0,2,4,0,28,7,28,0,2,4,0,0,0,0,0,-1
rotations_L1_none,rotations,level1_none,ContractIdleWiresInControlFlow,2026-08-29T17:11:16.490249,2,0.005,False,28,7,28,0,2,4,0,28,7,28,0,2,4,0,0,0,0,0,-1
rotations_L1_none,rotations,level1_none,UnitarySynthesis,2026-08-29T17:11:16.490310,3,0.0067,False,28,7,28,0,2,4,0,28,7,28,0,2,4,0,0,0,0,0,-1
rotations_L1_none,rotations,level1_none,HighLevelSynthesis,2026-08-29T17:11:16.490375,4,0.0119,False,28,7,28,0,2,4,0,28,7,28,0,2,4,0,0,0,0,0,-1
rotations_L1_none,rotations,level1_none,BasisTranslator,2026-08-29T17:11:16.490791,5,0.3319,True,28,7,28,0,2,4,0,28,7,28,0,1,4,0,0,0,0,0,-1
rotations_L1_none,rotations,level1_none,Size,2026-08-29T17:11:16.490855,6,0.0062,False,28,7,28,0,1,4,0,28,7,28,0,1,4,0,0,0,0,0,-1
rotations_L1_none,rotations,level1_none,Depth,2026-08-29T17:11:16.490910,7,0.005,False,28,7,28,0,1,4,0,28,7,28,0,1,4,0,0,0,0,0,-1
rotations_L1_none,rotations,level1_none,FixedPoint,2026-08-29T17:11:16.490970,8,0.011,False,28,7,28,0,1,4,0,28,7,28,0,1,4,0,0,0,0,0,-1
rotations_L1_none,rotations,level1_none,FixedPoint,2026-08-29T17:11:16.491030,9,0.0052,False,28,7,28,0,1,4,0,28,7,28,0,1,4,0,0,0,0,0,-1
rotations_L1_none,rotations,level1_none,Optimize1qGatesDecomposition,2026-08-29T17:11:16.491204,10,0.1352,True,28,7,28,0,1,4,0,4,1,4,0,1,4,0,-24,-6,-24,0,-1
rotations_L1_none,rotations,level1_none,InverseCancellation,2026-08-29T17:11:16.491257,11,0.0074,False,4,1,4,0,1,4,0,4,1,4,0,1,4,0,0,0,0,0,-1
rotations_L1_none,rotations,level1_none,ContractIdleWiresInControlFlow,2026-08-29T17:11:16.491294,12,0.0036,False,4,1,4,0,1,4,0,4,1,4,0,1,4,0,0,0,0,0,-1
rotations_L1_none,rotations,level1_none,GatesInBasis,2026-08-29T17:11:16.491325,13,0.0067,False,4,1,4,0,1,4,0,4,1,4,0,1,4,0,0,0,0,0,-1
rotations_L1_none,rotations,level1_none,Size,2026-08-29T17:11:16.491356,14,0.0038,False,4,1,4,0,1,4,0,4,1,4,0,1,4,0,0,0,0,0,-1
rotations_L1_none,rotations,level1_none,Depth,2026-08-29T17:11:16.491384,15,0.0041,False,4,1,4,0,1,4,0,4,1,4,0,1,4,0,0,0,0,0,-1
rotations_L1_none,rotations,level1_none,FixedPoint,2026-08-29T17:11:16.491411,16,0.0062,False,4,1,4,0,1,4,0,4,1,4,0,1,4,0,0,0,0,0,-1
rotations_L1_none,rotations,level1_none,FixedPoint,2026-08-29T17:11:16.491434,17,0.0048,False,4,1,4,0,1,4,0,4,1,4,0,1,4,0,0,0,0,0,-1
rotations_L1_none,rotations,level1_none,Optimize1qGatesDecomposition,2026-08-29T17:11:16.491544,18,0.0722,False,4,1,4,0,1,4,0,4,1,4,0,1,4,0,0,0,0,0,-1
rotations_L1_none,rotations,level1_none,InverseCancellation,2026-08-29T17:11:16.491583,19,0.005,False,4,1,4,0,1,4,0,4,1,4,0,1,4,0,0,0,0,0,-1
rotations_L1_none,rotations,level1_none,ContractIdleWiresInControlFlow,2026-08-29T17:11:16.491617,20,0.0038,False,4,1,4,0,1,4,0,4,1,4,0,1,4,0,0,0,0,0,-1
rotations_L1_none,rotations,level1_none,GatesInBasis,2026-08-29T17:11:16.491646,21,0.0038,False,4,1,4,0,1,4,0,4,1,4,0,1,4,0,0,0,0,0,-1
rotations_L1_none,rotations,level1_none,Size,2026-08-29T17:11:16.491676,22,0.0033,False,4,1,4,0,1,4,0,4,1,4,0,1,4,0,0,0,0,0,-1
rotations_L1_none,rotations,level1_none,Depth,2026-08-29T17:11:16.491699,23,0.0036,False,4,1,4,0,1,4,0,4,1,4,0,1,4,0,0,0,0,0,-1
rotations_L1_none,rotations,level1_none,FixedPoint,2026-08-29T17:11:16.491724,24,0.005,False,4,1,4,0,1,4,0,4,1,4,0,1,4,0,0,0,0,0,-1
rotations_L1_none,rotations,level1_none,FixedPoint,2026-08-29T17:11:16.491748,25,0.0043,False,4,1,4,0,1,4,0,4,1,4,0,1,4,0,0,0,0,0,-1
rotations_L1_none,rotations,level1_none,ContainsInstruction,2026-08-29T17:11:16.491780,26,0.0055,False,4,1,4,0,1,4,0,4,1,4,0,1,4,0,0,0,0,0,-1
rotations_L1_linear,rotations,level1_linear,ContainsInstruction,2026-08-29T17:11:16.496824,0,0.0143,False,28,7,28,0,2,4,0,28,7,28,0,2,4,0,0,0,0,0,57.53
rotations_L1_linear,rotations,level1_linear,UnitarySynthesis,2026-08-29T17:11:16.496929,1,0.0081,False,28,7,28,0,2,4,0,28,7,28,0,2,4,0,0,0,0,0,-1
rotations_L1_linear,rotations,level1_linear,HighLevelSynthesis,2026-08-29T17:11:16.496993,2,0.0105,False,28,7,28,0,2,4,0,28,7,28,0,2,4,0,0,0,0,0,-1
rotations_L1_linear,rotations,level1_linear,BasisTranslator,2026-08-29T17:11:16.497084,3,0.0243,False,28,7,28,0,2,4,0,28,7,28,0,2,4,0,0,0,0,0,-1
rotations_L1_linear,rotations,level1_linear,InverseCancellation,2026-08-29T17:11:16.497146,4,0.0105,False,28,7,28,0,2,4,0,28,7,28,0,2,4,0,0,0,0,0,-1
rotations_L1_linear,rotations,level1_linear,ContractIdleWiresInControlFlow,2026-08-29T17:11:16.497197,5,0.0048,False,28,7,28,0,2,4,0,28,7,28,0,2,4,0,0,0,0,0,-1
rotations_L1_linear,rotations,level1_linear,SetLayout,2026-08-29T17:11:16.497258,6,0.005,False,28,7,28,0,2,4,0,28,7,28,0,2,4,0,0,0,0,0,-1
rotations_L1_linear,rotations,level1_linear,TrivialLayout,2026-08-29T17:11:16.497378,7,0.0648,False,28,7,28,0,2,4,0,28,7,28,0,2,4,0,0,0,0,0,-1
rotations_L1_linear,rotations,level1_linear,CheckMap,2026-08-29T17:11:16.497440,8,0.0145,False,28,7,28,0,2,4,0,28,7,28,0,2,4,0,0,0,0,0,-1
rotations_L1_linear,rotations,level1_linear,FullAncillaAllocation,2026-08-29T17:11:16.497533,9,0.0277,False,28,7,28,0,2,4,0,28,7,28,0,2,4,0,0,0,0,0,-1
rotations_L1_linear,rotations,level1_linear,EnlargeWithAncilla,2026-08-29T17:11:16.497593,10,0.0105,False,28,7,28,0,2,4,0,28,7,28,0,2,4,0,0,0,0,0,-1
rotations_L1_linear,rotations,level1_linear,ApplyLayout,2026-08-29T17:11:16.497736,11,0.0844,False,28,7,28,0,2,4,0,28,7,28,0,2,4,0,0,0,0,0,-1
rotations_L1_linear,rotations,level1_linear,CheckMap,2026-08-29T17:11:16.497803,12,0.0091,False,28,7,28,0,2,4,0,28,7,28,0,2,4,0,0,0,0,0,-1
rotations_L1_linear,rotations,level1_linear,FilterOpNodes,2026-08-29T17:11:16.497887,13,0.0257,False,28,7,28,0,2,4,0,28,7,28,0,2,4,0,0,0,0,0,-1
rotations_L1_linear,rotations,level1_linear,UnitarySynthesis,2026-08-29T17:11:16.497938,14,0.006,False,28,7,28,0,2,4,0,28,7,28,0,2,4,0,0,0,0,0,-1
rotations_L1_linear,rotations,level1_linear,HighLevelSynthesis,2026-08-29T17:11:16.498003,15,0.0093,False,28,7,28,0,2,4,0,28,7,28,0,2,4,0,0,0,0,0,-1
rotations_L1_linear,rotations,level1_linear,BasisTranslator,2026-08-29T17:11:16.498400,16,0.329,True,28,7,28,0,2,4,0,28,7,28,0,1,4,0,0,0,0,0,-1
rotations_L1_linear,rotations,level1_linear,CheckGateDirection,2026-08-29T17:11:16.498473,17,0.0088,False,28,7,28,0,1,4,0,28,7,28,0,1,4,0,0,0,0,0,-1
rotations_L1_linear,rotations,level1_linear,Size,2026-08-29T17:11:16.498534,18,0.0052,False,28,7,28,0,1,4,0,28,7,28,0,1,4,0,0,0,0,0,-1
rotations_L1_linear,rotations,level1_linear,Depth,2026-08-29T17:11:16.498589,19,0.0057,False,28,7,28,0,1,4,0,28,7,28,0,1,4,0,0,0,0,0,-1
rotations_L1_linear,rotations,level1_linear,FixedPoint,2026-08-29T17:11:16.498653,20,0.0117,False,28,7,28,0,1,4,0,28,7,28,0,1,4,0,0,0,0,0,-1
rotations_L1_linear,rotations,level1_linear,FixedPoint,2026-08-29T17:11:16.498708,21,0.0052,False,28,7,28,0,1,4,0,28,7,28,0,1,4,0,0,0,0,0,-1
rotations_L1_linear,rotations,level1_linear,Optimize1qGatesDecomposition,2026-08-29T17:11:16.498840,22,0.0935,True,28,7,28,0,1,4,0,4,1,4,0,1,4,0,-24,-6,-24,0,-1
rotations_L1_linear,rotations,level1_linear,InverseCancellation,2026-08-29T17:11:16.498893,23,0.0083,False,4,1,4,0,1,4,0,4,1,4,0,1,4,0,0,0,0,0,-1
rotations_L1_linear,rotations,level1_linear,ContractIdleWiresInControlFlow,2026-08-29T17:11:16.498927,24,0.0043,False,4,1,4,0,1,4,0,4,1,4,0,1,4,0,0,0,0,0,-1
rotations_L1_linear,rotations,level1_linear,GatesInBasis,2026-08-29T17:11:16.498957,25,0.0057,False,4,1,4,0,1,4,0,4,1,4,0,1,4,0,0,0,0,0,-1
rotations_L1_linear,rotations,level1_linear,Size,2026-08-29T17:11:16.498988,26,0.0036,False,4,1,4,0,1,4,0,4,1,4,0,1,4,0,0,0,0,0,-1
rotations_L1_linear,rotations,level1_linear,Depth,2026-08-29T17:11:16.499025,27,0.0036,False,4,1,4,0,1,4,0,4,1,4,0,1,4,0,0,0,0,0,-1
rotations_L1_linear,rotations,level1_linear,FixedPoint,2026-08-29T17:11:16.499055,28,0.0074,False,4,1,4,0,1,4,0,4,1,4,0,1,4,0,0,0,0,0,-1
rotations_L1_linear,rotations,level1_linear,FixedPoint,2026-08-29T17:11:16.499080,29,0.0048,False,4,1,4,0,1,4,0,4,1,4,0,1,4,0,0,0,0,0,-1
rotations_L1_linear,rotations,level1_linear,Optimize1qGatesDecomposition,2026-08-29T17:11:16.499169,30,0.0527,False,4,1,4,0,1,4,0,4,1,4,0,1,4,0,0,0,0,0,-1
rotations_L1_linear,rotations,level1_linear,InverseCancellation,2026-08-29T17:11:16.499202,31,0.0043,False,4,1,4,0,1,4,0,4,1,4,0,1,4,0,0,0,0,0,-1
rotations_L1_linear,rotations,level1_linear,ContractIdleWiresInControlFlow,2026-08-29T17:11:16.499235,32,0.0033,False,4,1,4,0,1,4,0,4,1,4,0,1,4,0,0,0,0,0,-1
rotations_L1_linear,rotations,level1_linear,GatesInBasis,2026-08-29T17:11:16.499262,33,0.0038,False,4,1,4,0,1,4,0,4,1,4,0,1,4,0,0,0,0,0,-1
rotations_L1_linear,rotations,level1_linear,Size,2026-08-29T17:11:16.499288,34,0.0033,False,4,1,4,0,1,4,0,4,1,4,0,1,4,0,0,0,0,0,-1
rotations_L1_linear,rotations,level1_linear,Depth,2026-08-29T17:11:16.499314,35,0.0036,False,4,1,4,0,1,4,0,4,1,4,0,1,4,0,0,0,0,0,-1
rotations_L1_linear,rotations,level1_linear,FixedPoint,2026-08-29T17:11:16.499339,36,0.0057,False,4,1,4,0,1,4,0,4,1,4,0,1,4,0,0,0,0,0,-1
rotations_L1_linear,rotations,level1_linear,FixedPoint,2026-08-29T17:11:16.499363,37,0.0045,False,4,1,4,0,1,4,0,4,1,4,0,1,4,0,0,0,0,0,-1
rotations_L1_linear,rotations,level1_linear,ContainsInstruction,2026-08-29T17:11:16.499393,38,0.006,False,4,1,4,0,1,4,0,4,1,4,0,1,4,0,0,0,0,0,-1
rotations_L1_ring,rotations,level1_ring,ContainsInstruction,2026-08-29T17:11:16.504490,0,0.0136,False,28,7,28,0,2,4,0,28,7,28,0,2,4,0,0,0,0,0,57.53
rotations_L1_ring,rotations,level1_ring,UnitarySynthesis,2026-08-29T17:11:16.504587,1,0.0079,False,28,7,28,0,2,4,0,28,7,28,0,2,4,0,0,0,0,0,-1
rotations_L1_ring,rotations,level1_ring,HighLevelSynthesis,2026-08-29T17:11:16.504652,2,0.0074,False,28,7,28,0,2,4,0,28,7,28,0,2,4,0,0,0,0,0,-1
rotations_L1_ring,rotations,level1_ring,BasisTranslator,2026-08-29T17:11:16.504732,3,0.025,False,28,7,28,0,2,4,0,28,7,28,0,2,4,0,0,0,0,0,-1
rotations_L1_ring,rotations,level1_ring,InverseCancellation,2026-08-29T17:11:16.504795,4,0.0091,False,28,7,28,0,2,4,0,28,7,28,0,2,4,0,0,0,0,0,-1
rotations_L1_ring,rotations,level1_ring,ContractIdleWiresInControlFlow,2026-08-29T17:11:16.504853,5,0.0043,False,28,7,28,0,2,4,0,28,7,28,0,2,4,0,0,0,0,0,-1
rotations_L1_ring,rotations,level1_ring,SetLayout,2026-08-29T17:11:16.504909,6,0.0045,False,28,7,28,0,2,4,0,28,7,28,0,2,4,0,0,0,0,0,-1
rotations_L1_ring,rotations,level1_ring,TrivialLayout,2026-08-29T17:11:16.505027,7,0.0582,False,28,7,28,0,2,4,0,28,7,28,0,2,4,0,0,0,0,0,-1
rotations_L1_ring,rotations,level1_ring,CheckMap,2026-08-29T17:11:16.505087,8,0.0131,False,28,7,28,0,2,4,0,28,7,28,0,2,4,0,0,0,0,0,-1
rotations_L1_ring,rotations,level1_ring,FullAncillaAllocation,2026-08-29T17:11:16.505193,9,0.0417,False,28,7,28,0,2,4,0,28,7,28,0,2,4,0,0,0,0,0,-1
rotations_L1_ring,rotations,level1_ring,EnlargeWithAncilla,2026-08-29T17:11:16.505256,10,0.011,False,28,7,28,0,2,4,0,28,7,28,0,2,4,0,0,0,0,0,-1
rotations_L1_ring,rotations,level1_ring,ApplyLayout,2026-08-29T17:11:16.505397,11,0.0842,False,28,7,28,0,2,4,0,28,7,28,0,2,4,0,0,0,0,0,-1
rotations_L1_ring,rotations,level1_ring,CheckMap,2026-08-29T17:11:16.505465,12,0.0081,False,28,7,28,0,2,4,0,28,7,28,0,2,4,0,0,0,0,0,-1
rotations_L1_ring,rotations,level1_ring,FilterOpNodes,2026-08-29T17:11:16.505548,13,0.0262,False,28,7,28,0,2,4,0,28,7,28,0,2,4,0,0,0,0,0,-1
rotations_L1_ring,rotations,level1_ring,UnitarySynthesis,2026-08-29T17:11:16.505600,14,0.0055,False,28,7,28,0,2,4,0,28,7,28,0,2,4,0,0,0,0,0,-1
rotations_L1_ring,rotations,level1_ring,HighLevelSynthesis,2026-08-29T17:11:16.505661,15,0.0088,False,28,7,28,0,2,4,0,28,7,28,0,2,4,0,0,0,0,0,-1
rotations_L1_ring,rotations,level1_ring,BasisTranslator,2026-08-29T17:11:16.506055,16,0.3221,True,28,7,28,0,2,4,0,28,7,28,0,1,4,0,0,0,0,0,-1
rotations_L1_ring,rotations,level1_ring,CheckGateDirection,2026-08-29T17:11:16.506126,17,0.0086,False,28,7,28,0,1,4,0,28,7,28,0,1,4,0,0,0,0,0,-1
rotations_L1_ring,rotations,level1_ring,Size,2026-08-29T17:11:16.506190,18,0.006,False,28,7,28,0,1,4,0,28,7,28,0,1,4,0,0,0,0,0,-1
rotations_L1_ring,rotations,level1_ring,Depth,2026-08-29T17:11:16.506245,19,0.0057,False,28,7,28,0,1,4,0,28,7,28,0,1,4,0,0,0,0,0,-1
rotations_L1_ring,rotations,level1_ring,FixedPoint,2026-08-29T17:11:16.506307,20,0.0119,False,28,7,28,0,1,4,0,28,7,28,0,1,4,0,0,0,0,0,-1
rotations_L1_ring,rotations,level1_ring,FixedPoint,2026-08-29T17:11:16.506363,21,0.0048,False,28,7,28,0,1,4,0,28,7,28,0,1,4,0,0,0,0,0,-1
rotations_L1_ring,rotations,level1_ring,Optimize1qGatesDecomposition,2026-08-29T17:11:16.506506,22,0.103,True,28,7,28,0,1,4,0,4,1,4,0,1,4,0,-24,-6,-24,0,-1
rotations_L1_ring,rotations,level1_ring,InverseCancellation,2026-08-29T17:11:16.506555,23,0.0069,False,4,1,4,0,1,4,0,4,1,4,0,1,4,0,0,0,0,0,-1
rotations_L1_ring,rotations,level1_ring,ContractIdleWiresInControlFlow,2026-08-29T17:11:16.506594,24,0.0043,False,4,1,4,0,1,4,0,4,1,4,0,1,4,0,0,0,0,0,-1
rotations_L1_ring,rotations,level1_ring,GatesInBasis,2026-08-29T17:11:16.506625,25,0.006,False,4,1,4,0,1,4,0,4,1,4,0,1,4,0,0,0,0,0,-1
rotations_L1_ring,rotations,level1_ring,Size,2026-08-29T17:11:16.506654,26,0.0033,False,4,1,4,0,1,4,0,4,1,4,0,1,4,0,0,0,0,0,-1
rotations_L1_ring,rotations,level1_ring,Depth,2026-08-29T17:11:16.506678,27,0.0038,False,4,1,4,0,1,4,0,4,1,4,0,1,4,0,0,0,0,0,-1
rotations_L1_ring,rotations,level1_ring,FixedPoint,2026-08-29T17:11:16.506708,28,0.006,False,4,1,4,0,1,4,0,4,1,4,0,1,4,0,0,0,0,0,-1
rotations_L1_ring,rotations,level1_ring,FixedPoint,2026-08-29T17:11:16.506734,29,0.0045,False,4,1,4,0,1,4,0,4,1,4,0,1,4,0,0,0,0,0,-1
rotations_L1_ring,rotations,level1_ring,Optimize1qGatesDecomposition,2026-08-29T17:11:16.506829,30,0.0591,False,4,1,4,0,1,4,0,4,1,4,0,1,4,0,0,0,0,0,-1
rotations_L1_ring,rotations,level1_ring,InverseCancellation,2026-08-29T17:11:16.506867,31,0.0045,False,4,1,4,0,1,4,0,4,1,4,0,1,4,0,0,0,0,0,-1
rotations_L1_ring,rotations,level1_ring,ContractIdleWiresInControlFlow,2026-08-29T17:11:16.506897,32,0.0033,False,4,1,4,0,1,4,0,4,1,4,0,1,4,0,0,0,0,0,-1
rotations_L1_ring,rotations,level1_ring,GatesInBasis,2026-08-29T17:11:16.506929,33,0.0041,False,4,1,4,0,1,4,0,4,1,4,0,1,4,0,0,0,0,0,-1
rotations_L1_ring,rotations,level1_ring,Size,2026-08-29T17:11:16.506956,34,0.0038,False,4,1,4,0,1,4,0,4,1,4,0,1,4,0,0,0,0,0,-1
rotations_L1_ring,rotations,level1_ring,Depth,2026-08-29T17:11:16.506980,35,0.0033,False,4,1,4,0,1,4,0,4,1,4,0,1,4,0,0,0,0,0,-1
rotations_L1_ring,rotations,level1_ring,FixedPoint,2026-08-29T17:11:16.507019,36,0.0057,False,4,1,4,0,1,4,0,4,1,4,0,1,4,0,0,0,0,0,-1
rotations_L1_ring,rotations,level1_ring,FixedPoint,2026-08-29T17:11:16.507078,37,0.0052,False,4,1,4,0,1,4,0,4,1,4,0,1,4,0,0,0,0,0,-1
rotations_L1_ring,rotations,level1_ring,ContainsInstruction,2026-08-29T17:11:16.507108,38,0.006,False,4,1,4,0,1,4,0,4,1,4,0,1,4,0,0,0,0,0,-1
rotations_L2_none,rotations,level2_none,ContainsInstruction,2026-08-29T17:11:16.513149,0,0.0136,False,28,7,28,0,2,4,0,28,7,28,0,2,4,0,0,0,0,0,72.84
rotations_L2_none,rotations,level2_none,UnitarySynthesis,2026-08-29T17:11:16.513267,1,0.01,False,28,7,28,0,2,4,0,28,7,28,0,2,4,0,0,0,0,0,-1
rotations_L2_none,rotations,level2_none,HighLevelSynthesis,2026-08-29T17:11:16.513333,2,0.0086,False,28,7,28,0,2,4,0,28,7,28,0,2,4,0,0,0,0,0,-1
rotations_L2_none,rotations,level2_none,BasisTranslator,2026-08-29T17:11:16.513414,3,0.0272,False,28,7,28,0,2,4,0,28,7,28,0,2,4,0,0,0,0,0,-1
rotations_L2_none,rotations,level2_none,ElidePermutations,2026-08-29T17:11:16.513477,4,0.0095,False,28,7,28,0,2,4,0,28,7,28,0,2,4,0,0,0,0,0,-1
rotations_L2_none,rotations,level2_none,RemoveDiagonalGatesBeforeMeasure,2026-08-29T17:11:16.513537,5,0.0079,False,28,7,28,0,2,4,0,28,7,28,0,2,4,0,0,0,0,0,-1
rotations_L2_none,rotations,level2_none,RemoveIdentityEquivalent,2026-08-29T17:11:16.513625,6,0.0117,False,28,7,28,0,2,4,0,28,7,28,0,2,4,0,0,0,0,0,-1
rotations_L2_none,rotations,level2_none,InverseCancellation,2026-08-29T17:11:16.513686,7,0.0086,False,28,7,28,0,2,4,0,28,7,28,0,2,4,0,0,0,0,0,-1
rotations_L2_none,rotations,level2_none,ContractIdleWiresInControlFlow,2026-08-29T17:11:16.513745,8,0.0048,False,28,7,28,0,2,4,0,28,7,28,0,2,4,0,0,0,0,0,-1
rotations_L2_none,rotations,level2_none,CommutativeCancellation,2026-08-29T17:11:16.513912,9,0.1228,True,28,7,28,0,2,4,0,16,4,16,0,2,4,0,-12,-3,-12,0,-1
rotations_L2_none,rotations,level2_none,ConsolidateBlocks,2026-08-29T17:11:16.514006,10,0.0424,False,16,4,16,0,2,4,0,16,4,16,0,2,4,0,0,0,0,0,-1
rotations_L2_none,rotations,level2_none,Split2QUnitaries,2026-08-29T17:11:16.514063,11,0.006,False,16,4,16,0,2,4,0,16,4,16,0,2,4,0,0,0,0,0,-1
rotations_L2_none,rotations,level2_none,UnitarySynthesis,2026-08-29T17:11:16.514104,12,0.0052,False,16,4,16,0,2,4,0,16,4,16,0,2,4,0,0,0,0,0,-1
rotations_L2_none,rotations,level2_none,HighLevelSynthesis,2026-08-29T17:11:16.514150,13,0.0086,False,16,4,16,0,2,4,0,16,4,16,0,2,4,0,0,0,0,0,-1
rotations_L2_none,rotations,level2_none,BasisTranslator,2026-08-29T17:11:16.514475,14,0.2861,True,16,4,16,0,2,4,0,16,4,16,0,1,4,0,0,0,0,0,-1
rotations_L2_none,rotations,level2_none,TwoQubitPeepholeOptimization,2026-08-29T17:11:16.514527,15,0.011,False,16,4,16,0,1,4,0,16,4,16,0,1,4,0,0,0,0,0,-1
rotations_L2_none,rotations,level2_none,Size,2026-08-29T17:11:16.514575,16,0.0057,False,16,4,16,0,1,4,0,16,4,16,0,1,4,0,0,0,0,0,-1
rotations_L2_none,rotations,level2_none,Depth,2026-08-29T17:11:16.514612,17,0.0052,False,16,4,16,0,1,4,0,16,4,16,0,1,4,0,0,0,0,0,-1
rotations_L2_none,rotations,level2_none,FixedPoint,2026-08-29T17:11:16.514657,18,0.0134,False,16,4,16,0,1,4,0,16,4,16,0,1,4,0,0,0,0,0,-1
rotations_L2_none,rotations,level2_none,FixedPoint,2026-08-29T17:11:16.514696,19,0.0048,False,16,4,16,0,1,4,0,16,4,16,0,1,4,0,0,0,0,0,-1
rotations_L2_none,rotations,level2_none,RemoveIdentityEquivalent,2026-08-29T17:11:16.514750,20,0.0095,False,16,4,16,0,1,4,0,16,4,16,0,1,4,0,0,0,0,0,-1
rotations_L2_none,rotations,level2_none,Optimize1qGatesDecomposition,2026-08-29T17:11:16.514855,21,0.0672,True,16,4,16,0,1,4,0,4,1,4,0,1,4,0,-12,-3,-12,0,-1
rotations_L2_none,rotations,level2_none,CommutativeCancellation,2026-08-29T17:11:16.514954,22,0.0548,False,4,1,4,0,1,4,0,4,1,4,0,1,4,0,0,0,0,0,-1
rotations_L2_none,rotations,level2_none,ContractIdleWiresInControlFlow,2026-08-29T17:11:16.514996,23,0.005,False,4,1,4,0,1,4,0,4,1,4,0,1,4,0,0,0,0,0,-1
rotations_L2_none,rotations,level2_none,GatesInBasis,2026-08-29T17:11:16.515051,24,0.0083,False,4,1,4,0,1,4,0,4,1,4,0,1,4,0,0,0,0,0,-1
rotations_L2_none,rotations,level2_none,Size,2026-08-29T17:11:16.515085,25,0.0038,False,4,1,4,0,1,4,0,4,1,4,0,1,4,0,0,0,0,0,-1
rotations_L2_none,rotations,level2_none,Depth,2026-08-29T17:11:16.515109,26,0.0036,False,4,1,4,0,1,4,0,4,1,4,0,1,4,0,0,0,0,0,-1
rotations_L2_none,rotations,level2_none,FixedPoint,2026-08-29T17:11:16.515136,27,0.0067,False,4,1,4,0,1,4,0,4,1,4,0,1,4,0,0,0,0,0,-1
rotations_L2_none,rotations,level2_none,FixedPoint,2026-08-29T17:11:16.515163,28,0.0045,False,4,1,4,0,1,4,0,4,1,4,0,1,4,0,0,0,0,0,-1
rotations_L2_none,rotations,level2_none,RemoveIdentityEquivalent,2026-08-29T17:11:16.515198,29,0.0055,False,4,1,4,0,1,4,0,4,1,4,0,1,4,0,0,0,0,0,-1
rotations_L2_none,rotations,level2_none,Optimize1qGatesDecomposition,2026-08-29T17:11:16.515265,30,0.037,False,4,1,4,0,1,4,0,4,1,4,0,1,4,0,0,0,0,0,-1
rotations_L2_none,rotations,level2_none,CommutativeCancellation,2026-08-29T17:11:16.515332,31,0.0296,False,4,1,4,0,1,4,0,4,1,4,0,1,4,0,0,0,0,0,-1
rotations_L2_none,rotations,level2_none,ContractIdleWiresInControlFlow,2026-08-29T17:11:16.515378,32,0.0038,False,4,1,4,0,1,4,0,4,1,4,0,1,4,0,0,0,0,0,-1
rotations_L2_none,rotations,level2_none,GatesInBasis,2026-08-29T17:11:16.515405,33,0.0038,False,4,1,4,0,1,4,0,4,1,4,0,1,4,0,0,0,0,0,-1
rotations_L2_none,rotations,level2_none,Size,2026-08-29T17:11:16.515432,34,0.0033,False,4,1,4,0,1,4,0,4,1,4,0,1,4,0,0,0,0,0,-1
rotations_L2_none,rotations,level2_none,Depth,2026-08-29T17:11:16.515455,35,0.0038,False,4,1,4,0,1,4,0,4,1,4,0,1,4,0,0,0,0,0,-1
rotations_L2_none,rotations,level2_none,FixedPoint,2026-08-29T17:11:16.515481,36,0.0052,False,4,1,4,0,1,4,0,4,1,4,0,1,4,0,0,0,0,0,-1
rotations_L2_none,rotations,level2_none,FixedPoint,2026-08-29T17:11:16.515505,37,0.0043,False,4,1,4,0,1,4,0,4,1,4,0,1,4,0,0,0,0,0,-1
rotations_L2_none,rotations,level2_none,ContainsInstruction,2026-08-29T17:11:16.515534,38,0.0062,False,4,1,4,0,1,4,0,4,1,4,0,1,4,0,0,0,0,0,-1
rotations_L2_linear,rotations,level2_linear,ContainsInstruction,2026-08-29T17:11:16.522152,0,0.0129,False,28,7,28,0,2,4,0,28,7,28,0,2,4,0,0,0,0,0,67.21
rotations_L2_linear,rotations,level2_linear,UnitarySynthesis,2026-08-29T17:11:16.522254,1,0.0076,False,28,7,28,0,2,4,0,28,7,28,0,2,4,0,0,0,0,0,-1
rotations_L2_linear,rotations,level2_linear,HighLevelSynthesis,2026-08-29T17:11:16.522319,2,0.0083,False,28,7,28,0,2,4,0,28,7,28,0,2,4,0,0,0,0,0,-1
rotations_L2_linear,rotations,level2_linear,BasisTranslator,2026-08-29T17:11:16.522397,3,0.0238,False,28,7,28,0,2,4,0,28,7,28,0,2,4,0,0,0,0,0,-1
rotations_L2_linear,rotations,level2_linear,ElidePermutations,2026-08-29T17:11:16.522459,4,0.0093,False,28,7,28,0,2,4,0,28,7,28,0,2,4,0,0,0,0,0,-1
rotations_L2_linear,rotations,level2_linear,RemoveDiagonalGatesBeforeMeasure,2026-08-29T17:11:16.522519,5,0.0081,False,28,7,28,0,2,4,0,28,7,28,0,2,4,0,0,0,0,0,-1
rotations_L2_linear,rotations,level2_linear,RemoveIdentityEquivalent,2026-08-29T17:11:16.522581,6,0.0107,False,28,7,28,0,2,4,0,28,7,28,0,2,4,0,0,0,0,0,-1
rotations_L2_linear,rotations,level2_linear,InverseCancellation,2026-08-29T17:11:16.522642,7,0.0083,False,28,7,28,0,2,4,0,28,7,28,0,2,4,0,0,0,0,0,-1
rotations_L2_linear,rotations,level2_linear,ContractIdleWiresInControlFlow,2026-08-29T17:11:16.522690,8,0.0048,False,28,7,28,0,2,4,0,28,7,28,0,2,4,0,0,0,0,0,-1
rotations_L2_linear,rotations,level2_linear,CommutativeCancellation,2026-08-29T17:11:16.522875,9,0.1268,True,28,7,28,0,2,4,0,16,4,16,0,2,4,0,-12,-3,-12,0,-1
rotations_L2_linear,rotations,level2_linear,ConsolidateBlocks,2026-08-29T17:11:16.522957,10,0.0384,False,16,4,16,0,2,4,0,16,4,16,0,2,4,0,0,0,0,0,-1
rotations_L2_linear,rotations,level2_linear,Split2QUnitaries,2026-08-29T17:11:16.522998,11,0.0052,False,16,4,16,0,2,4,0,16,4,16,0,2,4,0,0,0,0,0,-1
rotations_L2_linear,rotations,level2_linear,SetLayout,2026-08-29T17:11:16.523051,12,0.005,False,16,4,16,0,2,4,0,16,4,16,0,2,4,0,0,0,0,0,-1
rotations_L2_linear,rotations,level2_linear,VF2Layout,2026-08-29T17:11:16.523218,13,0.1216,False,16,4,16,0,2,4,0,16,4,16,0,2,4,0,0,0,0,0,-1
rotations_L2_linear,rotations,level2_linear,FullAncillaAllocation,2026-08-29T17:11:16.523284,14,0.0176,False,16,4,16,0,2,4,0,16,4,16,0,2,4,0,0,0,0,0,-1
rotations_L2_linear,rotations,level2_linear,EnlargeWithAncilla,2026-08-29T17:11:16.523333,15,0.0105,False,16,4,16,0,2,4,0,16,4,16,0,2,4,0,0,0,0,0,-1
rotations_L2_linear,rotations,level2_linear,ApplyLayout,2026-08-29T17:11:16.523442,16,0.0663,False,16,4,16,0,2,4,0,16,4,16,0,2,4,0,0,0,0,0,-1
rotations_L2_linear,rotations,level2_linear,CheckMap,2026-08-29T17:11:16.523497,17,0.0136,False,16,4,16,0,2,4,0,16,4,16,0,2,4,0,0,0,0,0,-1
rotations_L2_linear,rotations,level2_linear,FilterOpNodes,2026-08-29T17:11:16.523560,18,0.0188,False,16,4,16,0,2,4,0,16,4,16,0,2,4,0,0,0,0,0,-1
rotations_L2_linear,rotations,level2_linear,UnitarySynthesis,2026-08-29T17:11:16.523607,19,0.0076,False,16,4,16,0,2,4,0,16,4,16,0,2,4,0,0,0,0,0,-1
rotations_L2_linear,rotations,level2_linear,HighLevelSynthesis,2026-08-29T17:11:16.523650,20,0.0086,False,16,4,16,0,2,4,0,16,4,16,0,2,4,0,0,0,0,0,-1
rotations_L2_linear,rotations,level2_linear,BasisTranslator,2026-08-29T17:11:16.524063,21,0.3729,True,16,4,16,0,2,4,0,16,4,16,0,1,4,0,0,0,0,0,-1
rotations_L2_linear,rotations,level2_linear,CheckGateDirection,2026-08-29T17:11:16.524116,22,0.0095,False,16,4,16,0,1,4,0,16,4,16,0,1,4,0,0,0,0,0,-1
rotations_L2_linear,rotations,level2_linear,TwoQubitPeepholeOptimization,2026-08-29T17:11:16.524164,23,0.011,False,16,4,16,0,1,4,0,16,4,16,0,1,4,0,0,0,0,0,-1
rotations_L2_linear,rotations,level2_linear,Size,2026-08-29T17:11:16.524209,24,0.006,False,16,4,16,0,1,4,0,16,4,16,0,1,4,0,0,0,0,0,-1
rotations_L2_linear,rotations,level2_linear,Depth,2026-08-29T17:11:16.524245,25,0.0045,False,16,4,16,0,1,4,0,16,4,16,0,1,4,0,0,0,0,0,-1
rotations_L2_linear,rotations,level2_linear,FixedPoint,2026-08-29T17:11:16.524310,26,0.0134,False,16,4,16,0,1,4,0,16,4,16,0,1,4,0,0,0,0,0,-1
rotations_L2_linear,rotations,level2_linear,FixedPoint,2026-08-29T17:11:16.524346,27,0.0048,False,16,4,16,0,1,4,0,16,4,16,0,1,4,0,0,0,0,0,-1
rotations_L2_linear,rotations,level2_linear,RemoveIdentityEquivalent,2026-08-29T17:11:16.524397,28,0.0114,False,16,4,16,0,1,4,0,16,4,16,0,1,4,0,0,0,0,0,-1
rotations_L2_linear,rotations,level2_linear,Optimize1qGatesDecomposition,2026-08-29T17:11:16.524523,29,0.0858,True,16,4,16,0,1,4,0,4,1,4,0,1,4,0,-12,-3,-12,0,-1
rotations_L2_linear,rotations,level2_linear,CommutativeCancellation,2026-08-29T17:11:16.524605,30,0.0415,False,4,1,4,0,1,4,0,4,1,4,0,1,4,0,0,0,0,0,-1
rotations_L2_linear,rotations,level2_linear,ContractIdleWiresInControlFlow,2026-08-29T17:11:16.524641,31,0.0055,False,4,1,4,0,1,4,0,4,1,4,0,1,4,0,0,0,0,0,-1
rotations_L2_linear,rotations,level2_linear,GatesInBasis,2026-08-29T17:11:16.524677,32,0.0062,False,4,1,4,0,1,4,0,4,1,4,0,1,4,0,0,0,0,0,-1
rotations_L2_linear,rotations,level2_linear,Size,2026-08-29T17:11:16.524708,33,0.0043,False,4,1,4,0,1,4,0,4,1,4,0,1,4,0,0,0,0,0,-1
rotations_L2_linear,rotations,level2_linear,Depth,2026-08-29T17:11:16.524732,34,0.0033,False,4,1,4,0,1,4,0,4,1,4,0,1,4,0,0,0,0,0,-1
rotations_L2_linear,rotations,level2_linear,FixedPoint,2026-08-29T17:11:16.524762,35,0.0067,False,4,1,4,0,1,4,0,4,1,4,0,1,4,0,0,0,0,0,-1
rotations_L2_linear,rotations,level2_linear,FixedPoint,2026-08-29T17:11:16.524787,36,0.0045,False,4,1,4,0,1,4,0,4,1,4,0,1,4,0,0,0,0,0,-1
rotations_L2_linear,rotations,level2_linear,RemoveIdentityEquivalent,2026-08-29T17:11:16.524820,37,0.0055,False,4,1,4,0,1,4,0,4,1,4,0,1,4,0,0,0,0,0,-1
rotations_L2_linear,rotations,level2_linear,Optimize1qGatesDecomposition,2026-08-29T17:11:16.524889,38,0.0358,False,4,1,4,0,1,4,0,4,1,4,0,1,4,0,0,0,0,0,-1
rotations_L2_linear,rotations,level2_linear,CommutativeCancellation,2026-08-29T17:11:16.524953,39,0.0298,False,4,1,4,0,1,4,0,4,1,4,0,1,4,0,0,0,0,0,-1
rotations_L2_linear,rotations,level2_linear,ContractIdleWiresInControlFlow,2026-08-29T17:11:16.524986,40,0.0033,False,4,1,4,0,1,4,0,4,1,4,0,1,4,0,0,0,0,0,-1
rotations_L2_linear,rotations,level2_linear,GatesInBasis,2026-08-29T17:11:16.525033,41,0.015,False,4,1,4,0,1,4,0,4,1,4,0,1,4,0,0,0,0,0,-1
rotations_L2_linear,rotations,level2_linear,Size,2026-08-29T17:11:16.525061,42,0.0038,False,4,1,4,0,1,4,0,4,1,4,0,1,4,0,0,0,0,0,-1
rotations_L2_linear,rotations,level2_linear,Depth,2026-08-29T17:11:16.525084,43,0.0033,False,4,1,4,0,1,4,0,4,1,4,0,1,4,0,0,0,0,0,-1
rotations_L2_linear,rotations,level2_linear,FixedPoint,2026-08-29T17:11:16.525111,44,0.0057,False,4,1,4,0,1,4,0,4,1,4,0,1,4,0,0,0,0,0,-1
rotations_L2_linear,rotations,level2_linear,FixedPoint,2026-08-29T17:11:16.525135,45,0.005,False,4,1,4,0,1,4,0,4,1,4,0,1,4,0,0,0,0,0,-1
rotations_L2_linear,rotations,level2_linear,ContainsInstruction,2026-08-29T17:11:16.525166,46,0.0067,False,4,1,4,0,1,4,0,4,1,4,0,1,4,0,0,0,0,0,-1
rotations_L2_ring,rotations,level2_ring,ContainsInstruction,2026-08-29T17:11:16.531878,0,0.0129,False,28,7,28,0,2,4,0,28,7,28,0,2,4,0,0,0,0,0,67.26
rotations_L2_ring,rotations,level2_ring,UnitarySynthesis,2026-08-29T17:11:16.531970,1,0.0095,False,28,7,28,0,2,4,0,28,7,28,0,2,4,0,0,0,0,0,-1
rotations_L2_ring,rotations,level2_ring,HighLevelSynthesis,2026-08-29T17:11:16.532041,2,0.0088,False,28,7,28,0,2,4,0,28,7,28,0,2,4,0,0,0,0,0,-1
rotations_L2_ring,rotations,level2_ring,BasisTranslator,2026-08-29T17:11:16.532125,3,0.031,False,28,7,28,0,2,4,0,28,7,28,0,2,4,0,0,0,0,0,-1
rotations_L2_ring,rotations,level2_ring,ElidePermutations,2026-08-29T17:11:16.532181,4,0.0095,False,28,7,28,0,2,4,0,28,7,28,0,2,4,0,0,0,0,0,-1
rotations_L2_ring,rotations,level2_ring,RemoveDiagonalGatesBeforeMeasure,2026-08-29T17:11:16.532234,5,0.0086,False,28,7,28,0,2,4,0,28,7,28,0,2,4,0,0,0,0,0,-1
rotations_L2_ring,rotations,level2_ring,RemoveIdentityEquivalent,2026-08-29T17:11:16.532290,6,0.0112,False,28,7,28,0,2,4,0,28,7,28,0,2,4,0,0,0,0,0,-1
rotations_L2_ring,rotations,level2_ring,InverseCancellation,2026-08-29T17:11:16.532344,7,0.0086,False,28,7,28,0,2,4,0,28,7,28,0,2,4,0,0,0,0,0,-1
rotations_L2_ring,rotations,level2_ring,ContractIdleWiresInControlFlow,2026-08-29T17:11:16.532402,8,0.0052,False,28,7,28,0,2,4,0,28,7,28,0,2,4,0,0,0,0,0,-1
rotations_L2_ring,rotations,level2_ring,CommutativeCancellation,2026-08-29T17:11:16.532564,9,0.1121,True,28,7,28,0,2,4,0,16,4,16,0,2,4,0,-12,-3,-12,0,-1
rotations_L2_ring,rotations,level2_ring,ConsolidateBlocks,2026-08-29T17:11:16.532659,10,0.0494,False,16,4,16,0,2,4,0,16,4,16,0,2,4,0,0,0,0,0,-1
rotations_L2_ring,rotations,level2_ring,Split2QUnitaries,2026-08-29T17:11:16.532702,11,0.0052,False,16,4,16,0,2,4,0,16,4,16,0,2,4,0,0,0,0,0,-1
rotations_L2_ring,rotations,level2_ring,SetLayout,2026-08-29T17:11:16.532746,12,0.0062,False,16,4,16,0,2,4,0,16,4,16,0,2,4,0,0,0,0,0,-1
rotations_L2_ring,rotations,level2_ring,VF2Layout,2026-08-29T17:11:16.532948,13,0.1602,False,16,4,16,0,2,4,0,16,4,16,0,2,4,0,0,0,0,0,-1
rotations_L2_ring,rotations,level2_ring,FullAncillaAllocation,2026-08-29T17:11:16.533032,14,0.0193,False,16,4,16,0,2,4,0,16,4,16,0,2,4,0,0,0,0,0,-1
rotations_L2_ring,rotations,level2_ring,EnlargeWithAncilla,2026-08-29T17:11:16.533084,15,0.0117,False,16,4,16,0,2,4,0,16,4,16,0,2,4,0,0,0,0,0,-1
rotations_L2_ring,rotations,level2_ring,ApplyLayout,2026-08-29T17:11:16.533214,16,0.0842,False,16,4,16,0,2,4,0,16,4,16,0,2,4,0,0,0,0,0,-1
rotations_L2_ring,rotations,level2_ring,CheckMap,2026-08-29T17:11:16.533270,17,0.0126,False,16,4,16,0,2,4,0,16,4,16,0,2,4,0,0,0,0,0,-1
rotations_L2_ring,rotations,level2_ring,FilterOpNodes,2026-08-29T17:11:16.533333,18,0.0181,False,16,4,16,0,2,4,0,16,4,16,0,2,4,0,0,0,0,0,-1
rotations_L2_ring,rotations,level2_ring,UnitarySynthesis,2026-08-29T17:11:16.533381,19,0.0072,False,16,4,16,0,2,4,0,16,4,16,0,2,4,0,0,0,0,0,-1
rotations_L2_ring,rotations,level2_ring,HighLevelSynthesis,2026-08-29T17:11:16.533428,20,0.0098,False,16,4,16,0,2,4,0,16,4,16,0,2,4,0,0,0,0,0,-1
rotations_L2_ring,rotations,level2_ring,BasisTranslator,2026-08-29T17:11:16.533782,21,0.3128,True,16,4,16,0,2,4,0,16,4,16,0,1,4,0,0,0,0,0,-1
rotations_L2_ring,rotations,level2_ring,CheckGateDirection,2026-08-29T17:11:16.533836,22,0.0093,False,16,4,16,0,1,4,0,16,4,16,0,1,4,0,0,0,0,0,-1
rotations_L2_ring,rotations,level2_ring,TwoQubitPeepholeOptimization,2026-08-29T17:11:16.533886,23,0.0105,False,16,4,16,0,1,4,0,16,4,16,0,1,4,0,0,0,0,0,-1
rotations_L2_ring,rotations,level2_ring,Size,2026-08-29T17:11:16.533927,24,0.0062,False,16,4,16,0,1,4,0,16,4,16,0,1,4,0,0,0,0,0,-1
rotations_L2_ring,rotations,level2_ring,Depth,2026-08-29T17:11:16.533966,25,0.0052,False,16,4,16,0,1,4,0,16,4,16,0,1,4,0,0,0,0,0,-1
rotations_L2_ring,rotations,level2_ring,FixedPoint,2026-08-29T17:11:16.534025,26,0.0129,False,16,4,16,0,1,4,0,16,4,16,0,1,4,0,0,0,0,0,-1
rotations_L2_ring,rotations,level2_ring,FixedPoint,2026-08-29T17:11:16.534062,27,0.005,False,16,4,16,0,1,4,0,16,4,16,0,1,4,0,0,0,0,0,-1
rotations_L2_ring,rotations,level2_ring,RemoveIdentityEquivalent,2026-08-29T17:11:16.534112,28,0.0112,False,16,4,16,0,1,4,0,16,4,16,0,1,4,0,0,0,0,0,-1
rotations_L2_ring,rotations,level2_ring,Optimize1qGatesDecomposition,2026-08-29T17:11:16.534238,29,0.0877,True,16,4,16,0,1,4,0,4,1,4,0,1,4,0,-12,-3,-12,0,-1
rotations_L2_ring,rotations,level2_ring,CommutativeCancellation,2026-08-29T17:11:16.534328,30,0.0496,False,4,1,4,0,1,4,0,4,1,4,0,1,4,0,0,0,0,0,-1
rotations_L2_ring,rotations,level2_ring,ContractIdleWiresInControlFlow,2026-08-29T17:11:16.534362,31,0.0052,False,4,1,4,0,1,4,0,4,1,4,0,1,4,0,0,0,0,0,-1
rotations_L2_ring,rotations,level2_ring,GatesInBasis,2026-08-29T17:11:16.534393,32,0.0067,False,4,1,4,0,1,4,0,4,1,4,0,1,4,0,0,0,0,0,-1
rotations_L2_ring,rotations,level2_ring,Size,2026-08-29T17:11:16.534426,33,0.0038,False,4,1,4,0,1,4,0,4,1,4,0,1,4,0,0,0,0,0,-1
rotations_L2_ring,rotations,level2_ring,Depth,2026-08-29T17:11:16.534450,34,0.0038,False,4,1,4,0,1,4,0,4,1,4,0,1,4,0,0,0,0,0,-1
rotations_L2_ring,rotations,level2_ring,FixedPoint,2026-08-29T17:11:16.534476,35,0.0062,False,4,1,4,0,1,4,0,4,1,4,0,1,4,0,0,0,0,0,-1
rotations_L2_ring,rotations,level2_ring,FixedPoint,2026-08-29T17:11:16.534503,36,0.0048,False,4,1,4,0,1,4,0,4,1,4,0,1,4,0,0,0,0,0,-1
rotations_L2_ring,rotations,level2_ring,RemoveIdentityEquivalent,2026-08-29T17:11:16.534534,37,0.006,False,4,1,4,0,1,4,0,4,1,4,0,1,4,0,0,0,0,0,-1
rotations_L2_ring,rotations,level2_ring,Optimize1qGatesDecomposition,2026-08-29T17:11:16.534610,38,0.0467,False,4,1,4,0,1,4,0,4,1,4,0,1,4,0,0,0,0,0,-1
rotations_L2_ring,rotations,level2_ring,CommutativeCancellation,2026-08-29T17:11:16.534685,39,0.0401,False,4,1,4,0,1,4,0,4,1,4,0,1,4,0,0,0,0,0,-1
rotations_L2_ring,rotations,level2_ring,ContractIdleWiresInControlFlow,2026-08-29T17:11:16.534716,40,0.0029,False,4,1,4,0,1,4,0,4,1,4,0,1,4,0,0,0,0,0,-1
rotations_L2_ring,rotations,level2_ring,GatesInBasis,2026-08-29T17:11:16.534743,41,0.0038,False,4,1,4,0,1,4,0,4,1,4,0,1,4,0,0,0,0,0,-1
rotations_L2_ring,rotations,level2_ring,Size,2026-08-29T17:11:16.534772,42,0.0036,False,4,1,4,0,1,4,0,4,1,4,0,1,4,0,0,0,0,0,-1
rotations_L2_ring,rotations,level2_ring,Depth,2026-08-29T17:11:16.534795,43,0.0038,False,4,1,4,0,1,4,0,4,1,4,0,1,4,0,0,0,0,0,-1
rotations_L2_ring,rotations,level2_ring,FixedPoint,2026-08-29T17:11:16.534820,44,0.006,False,4,1,4,0,1,4,0,4,1,4,0,1,4,0,0,0,0,0,-1
rotations_L2_ring,rotations,level2_ring,FixedPoint,2026-08-29T17:11:16.534847,45,0.0041,False,4,1,4,0,1,4,0,4,1,4,0,1,4,0,0,0,0,0,-1
rotations_L2_ring,rotations,level2_ring,ContainsInstruction,2026-08-29T17:11:16.534877,46,0.006,False,4,1,4,0,1,4,0,4,1,4,0,1,4,0,0,0,0,0,-1
rotations_L3_none,rotations,level3_none,ContainsInstruction,2026-08-29T17:11:16.541038,0,0.0155,False,28,7,28,0,2,4,0,28,7,28,0,2,4,0,0,0,0,0,54.76
rotations_L3_none,rotations,level3_none,UnitarySynthesis,2026-08-29T17:11:16.541132,1,0.0074,False,28,7,28,0,2,4,0,28,7,28,0,2,4,0,0,0,0,0,-1
rotations_L3_none,rotations,level3_none,HighLevelSynthesis,2026-08-29T17:11:16.541197,2,0.0079,False,28,7,28,0,2,4,0,28,7,28,0,2,4,0,0,0,0,0,-1
rotations_L3_none,rotations,level3_none,BasisTranslator,2026-08-29T17:11:16.541264,3,0.0203,False,28,7,28,0,2,4,0,28,7,28,0,2,4,0,0,0,0,0,-1
rotations_L3_none,rotations,level3_none,ElidePermutations,2026-08-29T17:11:16.541318,4,0.0088,False,28,7,28,0,2,4,0,28,7,28,0,2,4,0,0,0,0,0,-1
rotations_L3_none,rotations,level3_none,RemoveDiagonalGatesBeforeMeasure,2026-08-29T17:11:16.541379,5,0.0081,False,28,7,28,0,2,4,0,28,7,28,0,2,4,0,0,0,0,0,-1
rotations_L3_none,rotations,level3_none,RemoveIdentityEquivalent,2026-08-29T17:11:16.541434,6,0.011,False,28,7,28,0,2,4,0,28,7,28,0,2,4,0,0,0,0,0,-1
rotations_L3_none,rotations,level3_none,InverseCancellation,2026-08-29T17:11:16.541487,7,0.0083,False,28,7,28,0,2,4,0,28,7,28,0,2,4,0,0,0,0,0,-1
rotations_L3_none,rotations,level3_none,ContractIdleWiresInControlFlow,2026-08-29T17:11:16.541535,8,0.0041,False,28,7,28,0,2,4,0,28,7,28,0,2,4,0,0,0,0,0,-1
rotations_L3_none,rotations,level3_none,CommutativeCancellation,2026-08-29T17:11:16.541660,9,0.0792,True,28,7,28,0,2,4,0,16,4,16,0,2,4,0,-12,-3,-12,0,-1
rotations_L3_none,rotations,level3_none,ConsolidateBlocks,2026-08-29T17:11:16.541747,10,0.0386,False,16,4,16,0,2,4,0,16,4,16,0,2,4,0,0,0,0,0,-1
rotations_L3_none,rotations,level3_none,Split2QUnitaries,2026-08-29T17:11:16.541801,11,0.0076,False,16,4,16,0,2,4,0,16,4,16,0,2,4,0,0,0,0,0,-1
rotations_L3_none,rotations,level3_none,UnitarySynthesis,2026-08-29T17:11:16.541853,12,0.006,False,16,4,16,0,2,4,0,16,4,16,0,2,4,0,0,0,0,0,-1
rotations_L3_none,rotations,level3_none,HighLevelSynthesis,2026-08-29T17:11:16.541910,13,0.0093,False,16,4,16,0,2,4,0,16,4,16,0,2,4,0,0,0,0,0,-1
rotations_L3_none,rotations,level3_none,BasisTranslator,2026-08-29T17:11:16.542325,14,0.3667,True,16,4,16,0,2,4,0,16,4,16,0,1,4,0,0,0,0,0,-1
rotations_L3_none,rotations,level3_none,Size,2026-08-29T17:11:16.542376,15,0.0072,False,16,4,16,0,1,4,0,16,4,16,0,1,4,0,0,0,0,0,-1
rotations_L3_none,rotations,level3_none,Depth,2026-08-29T17:11:16.542415,16,0.0055,False,16,4,16,0,1,4,0,16,4,16,0,1,4,0,0,0,0,0,-1
rotations_L3_none,rotations,level3_none,MinimumPoint,2026-08-29T17:11:16.542468,17,0.016,False,16,4,16,0,1,4,0,16,4,16,0,1,4,0,0,0,0,0,-1
rotations_L3_none,rotations,level3_none,TwoQubitPeepholeOptimization,2026-08-29T17:11:16.542543,18,0.0114,False,16,4,16,0,1,4,0,16,4,16,0,1,4,0,0,0,0,0,-1
rotations_L3_none,rotations,level3_none,RemoveIdentityEquivalent,2026-08-29T17:11:16.542592,19,0.0105,False,16,4,16,0,1,4,0,16,4,16,0,1,4,0,0,0,0,0,-1
rotations_L3_none,rotations,level3_none,Optimize1qGatesDecomposition,2026-08-29T17:11:16.542684,20,0.0606,True,16,4,16,0,1,4,0,4,1,4,0,1,4,0,-12,-3,-12,0,-1
rotations_L3_none,rotations,level3_none,CommutativeCancellation,2026-08-29T17:11:16.542756,21,0.0374,False,4,1,4,0,1,4,0,4,1,4,0,1,4,0,0,0,0,0,-1
rotations_L3_none,rotations,level3_none,ContractIdleWiresInControlFlow,2026-08-29T17:11:16.542793,22,0.005,False,4,1,4,0,1,4,0,4,1,4,0,1,4,0,0,0,0,0,-1
rotations_L3_none,rotations,level3_none,GatesInBasis,2026-08-29T17:11:16.542826,23,0.0076,False,4,1,4,0,1,4,0,4,1,4,0,1,4,0,0,0,0,0,-1
rotations_L3_none,rotations,level3_none,Size,2026-08-29T17:11:16.542858,24,0.0033,False,4,1,4,0,1,4,0,4,1,4,0,1,4,0,0,0,0,0,-1
rotations_L3_none,rotations,level3_none,Depth,2026-08-29T17:11:16.542882,25,0.0038,False,4,1,4,0,1,4,0,4,1,4,0,1,4,0,0,0,0,0,-1
rotations_L3_none,rotations,level3_none,MinimumPoint,2026-08-29T17:11:16.542937,26,0.0296,False,4,1,4,0,1,4,0,4,1,4,0,1,4,0,0,0,0,0,-1
rotations_L3_none,rotations,level3_none,TwoQubitPeepholeOptimization,2026-08-29T17:11:16.542975,27,0.0062,False,4,1,4,0,1,4,0,4,1,4,0,1,4,0,0,0,0,0,-1
rotations_L3_none,rotations,level3_none,RemoveIdentityEquivalent,2026-08-29T17:11:16.543030,28,0.0153,False,4,1,4,0,1,4,0,4,1,4,0,1,4,0,0,0,0,0,-1
rotations_L3_none,rotations,level3_none,Optimize1qGatesDecomposition,2026-08-29T17:11:16.543095,29,0.0353,False,4,1,4,0,1,4,0,4,1,4,0,1,4,0,0,0,0,0,-1
rotations_L3_none,rotations,level3_none,CommutativeCancellation,2026-08-29T17:11:16.543157,30,0.0286,False,4,1,4,0,1,4,0,4,1,4,0,1,4,0,0,0,0,0,-1
rotations_L3_none,rotations,level3_none,ContractIdleWiresInControlFlow,2026-08-29T17:11:16.543190,31,0.0033,False,4,1,4,0,1,4,0,4,1,4,0,1,4,0,0,0,0,0,-1
rotations_L3_none,rotations,level3_none,GatesInBasis,2026-08-29T17:11:16.543220,32,0.0038,False,4,1,4,0,1,4,0,4,1,4,0,1,4,0,0,0,0,0,-1
rotations_L3_none,rotations,level3_none,Size,2026-08-29T17:11:16.543246,33,0.0033,False,4,1,4,0,1,4,0,4,1,4,0,1,4,0,0,0,0,0,-1
rotations_L3_none,rotations,level3_none,Depth,2026-08-29T17:11:16.543269,34,0.0036,False,4,1,4,0,1,4,0,4,1,4,0,1,4,0,0,0,0,0,-1
rotations_L3_none,rotations,level3_none,MinimumPoint,2026-08-29T17:11:16.543299,35,0.0064,False,4,1,4,0,1,4,0,4,1,4,0,1,4,0,0,0,0,0,-1
rotations_L3_none,rotations,level3_none,ContainsInstruction,2026-08-29T17:11:16.543332,36,0.006,False,4,1,4,0,1,4,0,4,1,4,0,1,4,0,0,0,0,0,-1
rotations_L3_linear,rotations,level3_linear,ContainsInstruction,2026-08-29T17:11:16.550145,0,0.0131,False,28,7,28,0,2,4,0,28,7,28,0,2,4,0,0,0,0,0,67.3
rotations_L3_linear,rotations,level3_linear,UnitarySynthesis,2026-08-29T17:11:16.550228,1,0.0072,False,28,7,28,0,2,4,0,28,7,28,0,2,4,0,0,0,0,0,-1
rotations_L3_linear,rotations,level3_linear,HighLevelSynthesis,2026-08-29T17:11:16.550287,2,0.0081,False,28,7,28,0,2,4,0,28,7,28,0,2,4,0,0,0,0,0,-1
rotations_L3_linear,rotations,level3_linear,BasisTranslator,2026-08-29T17:11:16.550360,3,0.0269,False,28,7,28,0,2,4,0,28,7,28,0,2,4,0,0,0,0,0,-1
rotations_L3_linear,rotations,level3_linear,ElidePermutations,2026-08-29T17:11:16.550416,4,0.0093,False,28,7,28,0,2,4,0,28,7,28,0,2,4,0,0,0,0,0,-1
rotations_L3_linear,rotations,level3_linear,RemoveDiagonalGatesBeforeMeasure,2026-08-29T17:11:16.550468,5,0.0076,False,28,7,28,0,2,4,0,28,7,28,0,2,4,0,0,0,0,0,-1
rotations_L3_linear,rotations,level3_linear,RemoveIdentityEquivalent,2026-08-29T17:11:16.550527,6,0.0141,False,28,7,28,0,2,4,0,28,7,28,0,2,4,0,0,0,0,0,-1
rotations_L3_linear,rotations,level3_linear,InverseCancellation,2026-08-29T17:11:16.550579,7,0.0081,False,28,7,28,0,2,4,0,28,7,28,0,2,4,0,0,0,0,0,-1
rotations_L3_linear,rotations,level3_linear,ContractIdleWiresInControlFlow,2026-08-29T17:11:16.550637,8,0.005,False,28,7,28,0,2,4,0,28,7,28,0,2,4,0,0,0,0,0,-1
rotations_L3_linear,rotations,level3_linear,CommutativeCancellation,2026-08-29T17:11:16.550783,9,0.0989,True,28,7,28,0,2,4,0,16,4,16,0,2,4,0,-12,-3,-12,0,-1
rotations_L3_linear,rotations,level3_linear,ConsolidateBlocks,2026-08-29T17:11:16.550874,10,0.0463,False,16,4,16,0,2,4,0,16,4,16,0,2,4,0,0,0,0,0,-1
rotations_L3_linear,rotations,level3_linear,Split2QUnitaries,2026-08-29T17:11:16.550917,11,0.0062,False,16,4,16,0,2,4,0,16,4,16,0,2,4,0,0,0,0,0,-1
rotations_L3_linear,rotations,level3_linear,SetLayout,2026-08-29T17:11:16.550961,12,0.0064,False,16,4,16,0,2,4,0,16,4,16,0,2,4,0,0,0,0,0,-1
rotations_L3_linear,rotations,level3_linear,VF2Layout,2026-08-29T17:11:16.551170,13,0.1667,False,16,4,16,0,2,4,0,16,4,16,0,2,4,0,0,0,0,0,-1
rotations_L3_linear,rotations,level3_linear,FullAncillaAllocation,2026-08-29T17:11:16.551241,14,0.0205,False,16,4,16,0,2,4,0,16,4,16,0,2,4,0,0,0,0,0,-1
rotations_L3_linear,rotations,level3_linear,EnlargeWithAncilla,2026-08-29T17:11:16.551290,15,0.0126,False,16,4,16,0,2,4,0,16,4,16,0,2,4,0,0,0,0,0,-1
rotations_L3_linear,rotations,level3_linear,ApplyLayout,2026-08-29T17:11:16.551416,16,0.0842,False,16,4,16,0,2,4,0,16,4,16,0,2,4,0,0,0,0,0,-1
rotations_L3_linear,rotations,level3_linear,CheckMap,2026-08-29T17:11:16.551470,17,0.0134,False,16,4,16,0,2,4,0,16,4,16,0,2,4,0,0,0,0,0,-1
rotations_L3_linear,rotations,level3_linear,FilterOpNodes,2026-08-29T17:11:16.551533,18,0.0184,False,16,4,16,0,2,4,0,16,4,16,0,2,4,0,0,0,0,0,-1
rotations_L3_linear,rotations,level3_linear,UnitarySynthesis,2026-08-29T17:11:16.551576,19,0.0062,False,16,4,16,0,2,4,0,16,4,16,0,2,4,0,0,0,0,0,-1
rotations_L3_linear,rotations,level3_linear,HighLevelSynthesis,2026-08-29T17:11:16.551624,20,0.0088,False,16,4,16,0,2,4,0,16,4,16,0,2,4,0,0,0,0,0,-1
rotations_L3_linear,rotations,level3_linear,BasisTranslator,2026-08-29T17:11:16.551971,21,0.3078,True,16,4,16,0,2,4,0,16,4,16,0,1,4,0,0,0,0,0,-1
rotations_L3_linear,rotations,level3_linear,CheckGateDirection,2026-08-29T17:11:16.552036,22,0.0088,False,16,4,16,0,1,4,0,16,4,16,0,1,4,0,0,0,0,0,-1
rotations_L3_linear,rotations,level3_linear,Size,2026-08-29T17:11:16.552080,23,0.0072,False,16,4,16,0,1,4,0,16,4,16,0,1,4,0,0,0,0,0,-1
rotations_L3_linear,rotations,level3_linear,Depth,2026-08-29T17:11:16.552116,24,0.006,False,16,4,16,0,1,4,0,16,4,16,0,1,4,0,0,0,0,0,-1
rotations_L3_linear,rotations,level3_linear,MinimumPoint,2026-08-29T17:11:16.552168,25,0.0157,False,16,4,16,0,1,4,0,16,4,16,0,1,4,0,0,0,0,0,-1
rotations_L3_linear,rotations,level3_linear,TwoQubitPeepholeOptimization,2026-08-29T17:11:16.552222,26,0.0095,False,16,4,16,0,1,4,0,16,4,16,0,1,4,0,0,0,0,0,-1
rotations_L3_linear,rotations,level3_linear,RemoveIdentityEquivalent,2026-08-29T17:11:16.552272,27,0.0095,False,16,4,16,0,1,4,0,16,4,16,0,1,4,0,0,0,0,0,-1
rotations_L3_linear,rotations,level3_linear,Optimize1qGatesDecomposition,2026-08-29T17:11:16.552372,28,0.0663,True,16,4,16,0,1,4,0,4,1,4,0,1,4,0,-12,-3,-12,0,-1
rotations_L3_linear,rotations,level3_linear,CommutativeCancellation,2026-08-29T17:11:16.552456,29,0.0422,False,4,1,4,0,1,4,0,4,1,4,0,1,4,0,0,0,0,0,-1
rotations_L3_linear,rotations,level3_linear,ContractIdleWiresInControlFlow,2026-08-29T17:11:16.552496,30,0.0041,False,4,1,4,0,1,4,0,4,1,4,0,1,4,0,0,0,0,0,-1
rotations_L3_linear,rotations,level3_linear,GatesInBasis,2026-08-29T17:11:16.552528,31,0.0062,False,4,1,4,0,1,4,0,4,1,4,0,1,4,0,0,0,0,0,-1
rotations_L3_linear,rotations,level3_linear,Size,2026-08-29T17:11:16.552557,32,0.0038,False,4,1,4,0,1,4,0,4,1,4,0,1,4,0,0,0,0,0,-1
rotations_L3_linear,rotations,level3_linear,Depth,2026-08-29T17:11:16.552585,33,0.0038,False,4,1,4,0,1,4,0,4,1,4,0,1,4,0,0,0,0,0,-1
rotations_L3_linear,rotations,level3_linear,MinimumPoint,2026-08-29T17:11:16.552637,34,0.0277,False,4,1,4,0,1,4,0,4,1,4,0,1,4,0,0,0,0,0,-1
rotations_L3_linear,rotations,level3_linear,TwoQubitPeepholeOptimization,2026-08-29T17:11:16.552695,35,0.0069,False,4,1,4,0,1,4,0,4,1,4,0,1,4,0,0,0,0,0,-1
rotations_L3_linear,rotations,level3_linear,RemoveIdentityEquivalent,2026-08-29T17:11:16.552726,36,0.0052,False,4,1,4,0,1,4,0,4,1,4,0,1,4,0,0,0,0,0,-1
rotations_L3_linear,rotations,level3_linear,Optimize1qGatesDecomposition,2026-08-29T17:11:16.552792,37,0.0365,False,4,1,4,0,1,4,0,4,1,4,0,1,4,0,0,0,0,0,-1
rotations_L3_linear,rotations,level3_linear,CommutativeCancellation,2026-08-29T17:11:16.552860,38,0.0343,False,4,1,4,0,1,4,0,4,1,4,0,1,4,0,0,0,0,0,-1
rotations_L3_linear,rotations,level3_linear,ContractIdleWiresInControlFlow,2026-08-29T17:11:16.552893,39,0.0033,False,4,1,4,0,1,4,0,4,1,4,0,1,4,0,0,0,0,0,-1
rotations_L3_linear,rotations,level3_linear,GatesInBasis,2026-08-29T17:11:16.552923,40,0.0043,False,4,1,4,0,1,4,0,4,1,4,0,1,4,0,0,0,0,0,-1
rotations_L3_linear,rotations,level3_linear,Size,2026-08-29T17:11:16.552950,41,0.0029,False,4,1,4,0,1,4,0,4,1,4,0,1,4,0,0,0,0,0,-1
rotations_L3_linear,rotations,level3_linear,Depth,2026-08-29T17:11:16.552974,42,0.0036,False,4,1,4,0,1,4,0,4,1,4,0,1,4,0,0,0,0,0,-1
rotations_L3_linear,rotations,level3_linear,MinimumPoint,2026-08-29T17:11:16.553004,43,0.0057,False,4,1,4,0,1,4,0,4,1,4,0,1,4,0,0,0,0,0,-1
rotations_L3_linear,rotations,level3_linear,VF2PostLayout,2026-08-29T17:11:16.553075,44,0.0312,False,4,1,4,0,1,4,0,4,1,4,0,1,4,0,0,0,0,0,-1
rotations_L3_linear,rotations,level3_linear,ContainsInstruction,2026-08-29T17:11:16.553108,45,0.006,False,4,1,4,0,1,4,0,4,1,4,0,1,4,0,0,0,0,0,-1
rotations_L3_ring,rotations,level3_ring,ContainsInstruction,2026-08-29T17:11:16.559943,0,0.0126,False,28,7,28,0,2,4,0,28,7,28,0,2,4,0,0,0,0,0,84.53
rotations_L3_ring,rotations,level3_ring,UnitarySynthesis,2026-08-29T17:11:16.560057,1,0.0079,False,28,7,28,0,2,4,0,28,7,28,0,2,4,0,0,0,0,0,-1
rotations_L3_ring,rotations,level3_ring,HighLevelSynthesis,2026-08-29T17:11:16.560124,2,0.0072,False,28,7,28,0,2,4,0,28,7,28,0,2,4,0,0,0,0,0,-1
rotations_L3_ring,rotations,level3_ring,BasisTranslator,2026-08-29T17:11:16.560204,3,0.0257,False,28,7,28,0,2,4,0,28,7,28,0,2,4,0,0,0,0,0,-1
rotations_L3_ring,rotations,level3_ring,ElidePermutations,2026-08-29T17:11:16.560259,4,0.0083,False,28,7,28,0,2,4,0,28,7,28,0,2,4,0,0,0,0,0,-1
rotations_L3_ring,rotations,level3_ring,RemoveDiagonalGatesBeforeMeasure,2026-08-29T17:11:16.560319,5,0.0076,False,28,7,28,0,2,4,0,28,7,28,0,2,4,0,0,0,0,0,-1
rotations_L3_ring,rotations,level3_ring,RemoveIdentityEquivalent,2026-08-29T17:11:16.560384,6,0.0122,False,28,7,28,0,2,4,0,28,7,28,0,2,4,0,0,0,0,0,-1
rotations_L3_ring,rotations,level3_ring,InverseCancellation,2026-08-29T17:11:16.560437,7,0.0083,False,28,7,28,0,2,4,0,28,7,28,0,2,4,0,0,0,0,0,-1
rotations_L3_ring,rotations,level3_ring,ContractIdleWiresInControlFlow,2026-08-29T17:11:16.560494,8,0.0048,False,28,7,28,0,2,4,0,28,7,28,0,2,4,0,0,0,0,0,-1
rotations_L3_ring,rotations,level3_ring,CommutativeCancellation,2026-08-29T17:11:16.560653,9,0.1063,True,28,7,28,0,2,4,0,16,4,16,0,2,4,0,-12,-3,-12,0,-1
rotations_L3_ring,rotations,level3_ring,ConsolidateBlocks,2026-08-29T17:11:16.560740,10,0.0381,False,16,4,16,0,2,4,0,16,4,16,0,2,4,0,0,0,0,0,-1
rotations_L3_ring,rotations,level3_ring,Split2QUnitaries,2026-08-29T17:11:16.560783,11,0.0055,False,16,4,16,0,2,4,0,16,4,16,0,2,4,0,0,0,0,0,-1
rotations_L3_ring,rotations,level3_ring,SetLayout,2026-08-29T17:11:16.560824,12,0.0055,False,16,4,16,0,2,4,0,16,4,16,0,2,4,0,0,0,0,0,-1
rotations_L3_ring,rotations,level3_ring,VF2Layout,2026-08-29T17:11:16.560986,13,0.1216,False,16,4,16,0,2,4,0,16,4,16,0,2,4,0,0,0,0,0,-1
rotations_L3_ring,rotations,level3_ring,FullAncillaAllocation,2026-08-29T17:11:16.561064,14,0.0196,False,16,4,16,0,2,4,0,16,4,16,0,2,4,0,0,0,0,0,-1
rotations_L3_ring,rotations,level3_ring,EnlargeWithAncilla,2026-08-29T17:11:16.561117,15,0.0114,False,16,4,16,0,2,4,0,16,4,16,0,2,4,0,0,0,0,0,-1
rotations_L3_ring,rotations,level3_ring,ApplyLayout,2026-08-29T17:11:16.561230,16,0.0689,False,16,4,16,0,2,4,0,16,4,16,0,2,4,0,0,0,0,0,-1
rotations_L3_ring,rotations,level3_ring,CheckMap,2026-08-29T17:11:16.561285,17,0.0136,False,16,4,16,0,2,4,0,16,4,16,0,2,4,0,0,0,0,0,-1
rotations_L3_ring,rotations,level3_ring,FilterOpNodes,2026-08-29T17:11:16.561348,18,0.0196,False,16,4,16,0,2,4,0,16,4,16,0,2,4,0,0,0,0,0,-1
rotations_L3_ring,rotations,level3_ring,UnitarySynthesis,2026-08-29T17:11:16.561392,19,0.0067,False,16,4,16,0,2,4,0,16,4,16,0,2,4,0,0,0,0,0,-1
rotations_L3_ring,rotations,level3_ring,HighLevelSynthesis,2026-08-29T17:11:16.561439,20,0.0083,False,16,4,16,0,2,4,0,16,4,16,0,2,4,0,0,0,0,0,-1
rotations_L3_ring,rotations,level3_ring,BasisTranslator,2026-08-29T17:11:16.561780,21,0.3006,True,16,4,16,0,2,4,0,16,4,16,0,1,4,0,0,0,0,0,-1
rotations_L3_ring,rotations,level3_ring,CheckGateDirection,2026-08-29T17:11:16.561836,22,0.0093,False,16,4,16,0,1,4,0,16,4,16,0,1,4,0,0,0,0,0,-1
rotations_L3_ring,rotations,level3_ring,Size,2026-08-29T17:11:16.561879,23,0.0067,False,16,4,16,0,1,4,0,16,4,16,0,1,4,0,0,0,0,0,-1
rotations_L3_ring,rotations,level3_ring,Depth,2026-08-29T17:11:16.561918,24,0.0057,False,16,4,16,0,1,4,0,16,4,16,0,1,4,0,0,0,0,0,-1
rotations_L3_ring,rotations,level3_ring,MinimumPoint,2026-08-29T17:11:16.561967,25,0.0155,False,16,4,16,0,1,4,0,16,4,16,0,1,4,0,0,0,0,0,-1
rotations_L3_ring,rotations,level3_ring,TwoQubitPeepholeOptimization,2026-08-29T17:11:16.562040,26,0.0107,False,16,4,16,0,1,4,0,16,4,16,0,1,4,0,0,0,0,0,-1
rotations_L3_ring,rotations,level3_ring,RemoveIdentityEquivalent,2026-08-29T17:11:16.562092,27,0.011,False,16,4,16,0,1,4,0,16,4,16,0,1,4,0,0,0,0,0,-1
rotations_L3_ring,rotations,level3_ring,Optimize1qGatesDecomposition,2026-08-29T17:11:16.562208,28,0.0796,True,16,4,16,0,1,4,0,4,1,4,0,1,4,0,-12,-3,-12,0,-1
rotations_L3_ring,rotations,level3_ring,CommutativeCancellation,2026-08-29T17:11:16.562292,29,0.042,False,4,1,4,0,1,4,0,4,1,4,0,1,4,0,0,0,0,0,-1
rotations_L3_ring,rotations,level3_ring,ContractIdleWiresInControlFlow,2026-08-29T17:11:16.562335,30,0.0055,False,4,1,4,0,1,4,0,4,1,4,0,1,4,0,0,0,0,0,-1
rotations_L3_ring,rotations,level3_ring,GatesInBasis,2026-08-29T17:11:16.562379,31,0.0086,False,4,1,4,0,1,4,0,4,1,4,0,1,4,0,0,0,0,0,-1
rotations_L3_ring,rotations,level3_ring,Size,2026-08-29T17:11:16.562414,32,0.0043,False,4,1,4,0,1,4,0,4,1,4,0,1,4,0,0,0,0,0,-1
rotations_L3_ring,rotations,level3_ring,Depth,2026-08-29T17:11:16.562457,33,0.0057,False,4,1,4,0,1,4,0,4,1,4,0,1,4,0,0,0,0,0,-1
rotations_L3_ring,rotations,level3_ring,MinimumPoint,2026-08-29T17:11:16.562522,34,0.037,False,4,1,4,0,1,4,0,4,1,4,0,1,4,0,0,0,0,0,-1
rotations_L3_ring,rotations,level3_ring,TwoQubitPeepholeOptimization,2026-08-29T17:11:16.562582,35,0.0083,False,4,1,4,0,1,4,0,4,1,4,0,1,4,0,0,0,0,0,-1
rotations_L3_ring,rotations,level3_ring,RemoveIdentityEquivalent,2026-08-29T17:11:16.562615,36,0.0072,False,4,1,4,0,1,4,0,4,1,4,0,1,4,0,0,0,0,0,-1
rotations_L3_ring,rotations,level3_ring,Optimize1qGatesDecomposition,2026-08-29T17:11:16.562683,37,0.0377,False,4,1,4,0,1,4,0,4,1,4,0,1,4,0,0,0,0,0,-1
rotations_L3_ring,rotations,level3_ring,CommutativeCancellation,2026-08-29T17:11:16.562752,38,0.0336,False,4,1,4,0,1,4,0,4,1,4,0,1,4,0,0,0,0,0,-1
rotations_L3_ring,rotations,level3_ring,ContractIdleWiresInControlFlow,2026-08-29T17:11:16.562785,39,0.0041,False,4,1,4,0,1,4,0,4,1,4,0,1,4,0,0,0,0,0,-1
rotations_L3_ring,rotations,level3_ring,GatesInBasis,2026-08-29T17:11:16.562814,40,0.0045,False,4,1,4,0,1,4,0,4,1,4,0,1,4,0,0,0,0,0,-1
rotations_L3_ring,rotations,level3_ring,Size,2026-08-29T17:11:16.562846,41,0.0038,False,4,1,4,0,1,4,0,4,1,4,0,1,4,0,0,0,0,0,-1
rotations_L3_ring,rotations,level3_ring,Depth,2026-08-29T17:11:16.562871,42,0.0041,False,4,1,4,0,1,4,0,4,1,4,0,1,4,0,0,0,0,0,-1
rotations_L3_ring,rotations,level3_ring,MinimumPoint,2026-08-29T17:11:16.562900,43,0.0069,False,4,1,4,0,1,4,0,4,1,4,0,1,4,0,0,0,0,0,-1
rotations_L3_ring,rotations,level3_ring,VF2PostLayout,2026-08-29T17:11:16.562998,44,0.0422,False,4,1,4,0,1,4,0,4,1,4,0,1,4,0,0,0,0,0,-1
rotations_L3_ring,rotations,level3_ring,ContainsInstruction,2026-08-29T17:11:16.563049,45,0.0067,False,4,1,4,0,1,4,0,4,1,4,0,1,4,0,0,0,0,0,-1
layered_L0_none,layered,level0_none,ContainsInstruction,2026-08-29T17:11:16.566138,0,0.0138,False,33,13,24,9,3,4,0,33,13,24,9,3,4,0,0,0,0,0,17.53
layered_L0_none,layered,level0_none,UnitarySynthesis,2026-08-29T17:11:16.566241,1,0.0079,False,33,13,24,9,3,4,0,33,13,24,9,3,4,0,0,0,0,0,-1
layered_L0_none,layered,level0_none,HighLevelSynthesis,2026-08-29T17:11:16.566312,2,0.0112,False,33,13,24,9,3,4,0,33,13,24,9,3,4,0,0,0,0,0,-1
layered_L0_none,layered,level0_none,BasisTranslator,2026-08-29T17:11:16.566688,3,0.3121,True,33,13,24,9,3,4,0,33,13,24,9,2,4,0,0,0,0,0,-1
layered_L0_none,layered,level0_none,ContainsInstruction,2026-08-29T17:11:16.566755,4,0.0062,False,33,13,24,9,2,4,0,33,13,24,9,2,4,0,0,0,0,0,-1
layered_L0_linear,layered,level0_linear,ContainsInstruction,2026-08-29T17:11:16.570112,0,0.0122,False,33,13,24,9,3,4,0,33,13,24,9,3,4,0,0,0,0,0,32.59
layered_L0_linear,layered,level0_linear,UnitarySynthesis,2026-08-29T17:11:16.570205,1,0.0072,False,33,13,24,9,3,4,0,33,13,24,9,3,4,0,0,0,0,0,-1
layered_L0_linear,layered,level0_linear,HighLevelSynthesis,2026-08-29T17:11:16.570273,2,0.01,False,33,13,24,9,3,4,0,33,13,24,9,3,4,0,0,0,0,0,-1
layered_L0_linear,layered,level0_linear,BasisTranslator,2026-08-29T17:11:16.570356,3,0.0243,False,33,13,24,9,3,4,0,33,13,24,9,3,4,0,0,0,0,0,-1
layered_L0_linear,layered,level0_linear,SetLayout,2026-08-29T17:11:16.570419,4,0.005,False,33,13,24,9,3,4,0,33,13,24,9,3,4,0,0,0,0,0,-1
layered_L0_linear,layered,level0_linear,TrivialLayout,2026-08-29T17:11:16.570547,5,0.0603,False,33,13,24,9,3,4,0,33,13,24,9,3,4,0,0,0,0,0,-1
layered_L0_linear,layered,level0_linear,FullAncillaAllocation,2026-08-29T17:11:16.570627,6,0.0181,False,33,13,24,9,3,4,0,33,13,24,9,3,4,0,0,0,0,0,-1
layered_L0_linear,layered,level0_linear,EnlargeWithAncilla,2026-08-29T17:11:16.570694,7,0.011,False,33,13,24,9,3,4,0,33,13,24,9,3,4,0,0,0,0,0,-1
layered_L0_linear,layered,level0_linear,ApplyLayout,2026-08-29T17:11:16.570831,8,0.0737,False,33,13,24,9,3,4,0,33,13,24,9,3,4,0,0,0,0,0,-1
layered_L0_linear,layered,level0_linear,CheckMap,2026-08-29T17:11:16.570904,9,0.0138,False,33,13,24,9,3,4,0,33,13,24,9,3,4,0,0,0,0,0,-1
layered_L0_linear,layered,level0_linear,FilterOpNodes,2026-08-29T17:11:16.571001,10,0.0319,False,33,13,24,9,3,4,0,33,13,24,9,3,4,0,0,0,0,0,-1
layered_L0_linear,layered,level0_linear,UnitarySynthesis,2026-08-29T17:11:16.571075,11,0.006,False,33,13,24,9,3,4,0,33,13,24,9,3,4,0,0,0,0,0,-1
layered_L0_linear,layered,level0_linear,HighLevelSynthesis,2026-08-29T17:11:16.571141,12,0.0103,False,33,13,24,9,3,4,0,33,13,24,9,3,4,0,0,0,0,0,-1
layered_L0_linear,layered,level0_linear,BasisTranslator,2026-08-29T17:11:16.571549,13,0.3536,True,33,13,24,9,3,4,0,33,13,24,9,2,4,0,0,0,0,0,-1
layered_L0_linear,layered,level0_linear,CheckGateDirection,2026-08-29T17:11:16.571616,14,0.01,False,33,13,24,9,2,4,0,33,13,24,9,2,4,0,0,0,0,0,-1
layered_L0_linear,layered,level0_linear,ContainsInstruction,2026-08-29T17:11:16.571674,15,0.0069,False,33,13,24,9,2,4,0,33,13,24,9,2,4,0,0,0,0,0,-1
layered_L0_ring,layered,level0_ring,ContainsInstruction,2026-08-29T17:11:16.575318,0,0.0126,False,33,13,24,9,3,4,0,33,13,24,9,3,4,0,0,0,0,0,32.59
layered_L0_ring,layered,level0_ring,UnitarySynthesis,2026-08-29T17:11:16.575433,1,0.0076,False,33,13,24,9,3,4,0,33,13,24,9,3,4,0,0,0,0,0,-1
layered_L0_ring,layered,level0_ring,HighLevelSynthesis,2026-08-29T17:11:16.575515,2,0.0081,False,33,13,24,9,3,4,0,33,13,24,9,3,4,0,0,0,0,0,-1
layered_L0_ring,layered,level0_ring,BasisTranslator,2026-08-29T17:11:16.575600,3,0.026,False,33,13,24,9,3,4,0,33,13,24,9,3,4,0,0,0,0,0,-1
layered_L0_ring,layered,level0_ring,SetLayout,2026-08-29T17:11:16.575663,4,0.005,False,33,13,24,9,3,4,0,33,13,24,9,3,4,0,0,0,0,0,-1
layered_L0_ring,layered,level0_ring,TrivialLayout,2026-08-29T17:11:16.575776,5,0.0587,False,33,13,24,9,3,4,0,33,13,24,9,3,4,0,0,0,0,0,-1
layered_L0_ring,layered,level0_ring,FullAncillaAllocation,2026-08-29T17:11:16.575854,6,0.0181,False,33,13,24,9,3,4,0,33,13,24,9,3,4,0,0,0,0,0,-1
layered_L0_ring,layered,level0_ring,EnlargeWithAncilla,2026-08-29T17:11:16.575921,7,0.0107,False,33,13,24,9,3,4,0,33,13,24,9,3,4,0,0,0,0,0,-1
layered_L0_ring,layered,level0_ring,ApplyLayout,2026-08-29T17:11:16.576088,8,0.1075,False,33,13,24,9,3,4,0,33,13,24,9,3,4,0,0,0,0,0,-1
layered_L0_ring,layered,level0_ring,CheckMap,2026-08-29T17:11:16.576162,9,0.0138,False,33,13,24,9,3,4,0,33,13,24,9,3,4,0,0,0,0,0,-1
layered_L0_ring,layered,level0_ring,FilterOpNodes,2026-08-29T17:11:16.576258,10,0.0384,False,33,13,24,9,3,4,0,33,13,24,9,3,4,0,0,0,0,0,-1
layered_L0_ring,layered,level0_ring,UnitarySynthesis,2026-08-29T17:11:16.576323,11,0.0062,False,33,13,24,9,3,4,0,33,13,24,9,3,4,0,0,0,0,0,-1
layered_L0_ring,layered,level0_ring,HighLevelSynthesis,2026-08-29T17:11:16.576388,12,0.0088,False,33,13,24,9,3,4,0,33,13,24,9,3,4,0,0,0,0,0,-1
layered_L0_ring,layered,level0_ring,BasisTranslator,2026-08-29T17:11:16.576779,13,0.3355,True,33,13,24,9,3,4,0,33,13,24,9,2,4,0,0,0,0,0,-1
layered_L0_ring,layered,level0_ring,CheckGateDirection,2026-08-29T17:11:16.576850,14,0.01,False,33,13,24,9,2,4,0,33,13,24,9,2,4,0,0,0,0,0,-1
layered_L0_ring,layered,level0_ring,ContainsInstruction,2026-08-29T17:11:16.576912,15,0.0062,False,33,13,24,9,2,4,0,33,13,24,9,2,4,0,0,0,0,0,-1
layered_L1_none,layered,level1_none,ContainsInstruction,2026-08-29T17:11:16.580588,0,0.0126,False,33,13,24,9,3,4,0,33,13,24,9,3,4,0,0,0,0,0,43.24
layered_L1_none,layered,level1_none,InverseCancellation,2026-08-29T17:11:16.580701,1,0.0165,False,33,13,24,9,3,4,0,33,13,24,9,3,4,0,0,0,0,0,-1
layered_L1_none,layered,level1_none,ContractIdleWiresInControlFlow,2026-08-29T17:11:16.580764,2,0.005,False,33,13,24,9,3,4,0,33,13,24,9,3,4,0,0,0,0,0,-1
layered_L1_none,layered,level1_none,UnitarySynthesis,2026-08-29T17:11:16.580829,3,0.0067,False,33,13,24,9,3,4,0,33,13,24,9,3,4,0,0,0,0,0,-1
layered_L1_none,layered,level1_none,HighLevelSynthesis,2026-08-29T17:11:16.580909,4,0.011,False,33,13,24,9,3,4,0,33,13,24,9,3,4,0,0,0,0,0,-1
layered_L1_none,layered,level1_none,BasisTranslator,2026-08-29T17:11:16.581316,5,0.3438,True,33,13,24,9,3,4,0,33,13,24,9,2,4,0,0,0,0,0,-1
layered_L1_none,layered,level1_none,Size,2026-08-29T17:11:16.581390,6,0.0062,False,33,13,24,9,2,4,0,33,13,24,9,2,4,0,0,0,0,0,-1
layered_L1_none,layered,level1_none,Depth,2026-08-29T17:11:16.581446,7,0.0055,False,33,13,24,9,2,4,0,33,13,24,9,2,4,0,0,0,0,0,-1
layered_L1_none,layered,level1_none,FixedPoint,2026-08-29T17:11:16.581510,8,0.0114,False,33,13,24,9,2,4,0,33,13,24,9,2,4,0,0,0,0,0,-1
layered_L1_none,layered,level1_none,FixedPoint,2026-08-29T17:11:16.581567,9,0.0048,False,33,13,24,9,2,4,0,33,13,24,9,2,4,0,0,0,0,0,-1
layered_L1_none,layered,level1_none,Optimize1qGatesDecomposition,2026-08-29T17:11:16.581781,10,0.1481,True,33,13,24,9,2,4,0,21,10,12,9,2,4,0,-12,-3,-12,0,-1
layered_L1_none,layered,level1_none,InverseCancellation,2026-08-29T17:11:16.581866,11,0.0112,False,21,10,12,9,2,4,0,21,10,12,9,2,4,0,0,0,0,0,-1
layered_L1_none,layered,level1_none,ContractIdleWiresInControlFlow,2026-08-29T17:11:16.581914,12,0.0041,False,21,10,12,9,2,4,0,21,10,12,9,2,4,0,0,0,0,0,-1
layered_L1_none,layered,level1_none,GatesInBasis,2026-08-29T17:11:16.581964,13,0.0067,False,21,10,12,9,2,4,0,21,10,12,9,2,4,0,0,0,0,0,-1
layered_L1_none,layered,level1_none,Size,2026-08-29T17:11:16.582030,14,0.0031,False,21,10,12,9,2,4,0,21,10,12,9,2,4,0,0,0,0,0,-1
layered_L1_none,layered,level1_none,Depth,2026-08-29T17:11:16.582077,15,0.005,False,21,10,12,9,2,4,0,21,10,12,9,2,4,0,0,0,0,0,-1
layered_L1_none,layered,level1_none,FixedPoint,2026-08-29T17:11:16.582122,16,0.0067,False,21,10,12,9,2,4,0,21,10,12,9,2,4,0,0,0,0,0,-1
layered_L1_none,layered,level1_none,FixedPoint,2026-08-29T17:11:16.582164,17,0.0048,False,21,10,12,9,2,4,0,21,10,12,9,2,4,0,0,0,0,0,-1
layered_L1_none,layered,level1_none,Optimize1qGatesDecomposition,2026-08-29T17:11:16.582320,18,0.0942,False,21,10,12,9,2,4,0,21,10,12,9,2,4,0,0,0,0,0,-1
layered_L1_none,layered,level1_none,InverseCancellation,2026-08-29T17:11:16.582396,19,0.0107,False,21,10,12,9,2,4,0,21,10,12,9,2,4,0,0,0,0,0,-1
layered_L1_none,layered,level1_none,ContractIdleWiresInControlFlow,2026-08-29T17:11:16.582458,20,0.0057,False,21,10,12,9,2,4,0,21,10,12,9,2,4,0,0,0,0,0,-1
layered_L1_none,layered,level1_none,GatesInBasis,2026-08-29T17:11:16.582505,21,0.0048,False,21,10,12,9,2,4,0,21,10,12,9,2,4,0,0,0,0,0,-1
layered_L1_none,layered,level1_none,Size,2026-08-29T17:11:16.582554,22,0.0033,False,21,10,12,9,2,4,0,21,10,12,9,2,4,0,0,0,0,0,-1
layered_L1_none,layered,level1_none,Depth,2026-08-29T17:11:16.582597,23,0.0036,False,21,10,12,9,2,4,0,21,10,12,9,2,4,0,0,0,0,0,-1
layered_L1_none,layered,level1_none,FixedPoint,2026-08-29T17:11:16.582647,24,0.006,False,21,10,12,9,2,4,0,21,10,12,9,2,4,0,0,0,0,0,-1
layered_L1_none,layered,level1_none,FixedPoint,2026-08-29T17:11:16.582692,25,0.0043,False,21,10,12,9,2,4,0,21,10,12,9,2,4,0,0,0,0,0,-1
layered_L1_none,layered,level1_none,ContainsInstruction,2026-08-29T17:11:16.582742,26,0.0067,False,21,10,12,9,2,4,0,21,10,12,9,2,4,0,0,0,0,0,-1
layered_L1_linear,layered,level1_linear,ContainsInstruction,2026-08-29T17:11:16.587616,0,0.0136,False,33,13,24,9,3,4,0,33,13,24,9,3,4,0,0,0,0,0,58.74
layered_L1_linear,layered,level1_linear,UnitarySynthesis,2026-08-29T17:11:16.587719,1,0.0088,False,33,13,24,9,3,4,0,33,13,24,9,3,4,0,0,0,0,0,-1
layered_L1_linear,layered,level1_linear,HighLevelSynthesis,2026-08-29T17:11:16.587792,2,0.0074,False,33,13,24,9,3,4,0,33,13,24,9,3,4,0,0,0,0,0,-1
layered_L1_linear,layered,level1_linear,BasisTranslator,2026-08-29T17:11:16.587875,3,0.0236,False,33,13,24,9,3,4,0,33,13,24,9,3,4,0,0,0,0,0,-1
layered_L1_linear,layered,level1_linear,InverseCancellation,2026-08-29T17:11:16.587973,4,0.0153,False,33,13,24,9,3,4,0,33,13,24,9,3,4,0,0,0,0,0,-1
layered_L1_linear,layered,level1_linear,ContractIdleWiresInControlFlow,2026-08-29T17:11:16.588044,5,0.005,False,33,13,24,9,3,4,0,33,13,24,9,3,4,0,0,0,0,0,-1
layered_L1_linear,layered,level1_linear,SetLayout,2026-08-29T17:11:16.588101,6,0.005,False,33,13,24,9,3,4,0,33,13,24,9,3,4,0,0,0,0,0,-1
layered_L1_linear,layered,level1_linear,TrivialLayout,2026-08-29T17:11:16.588218,7,0.0556,False,33,13,24,9,3,4,0,33,13,24,9,3,4,0,0,0,0,0,-1
layered_L1_linear,layered,level1_linear,CheckMap,2026-08-29T17:11:16.588284,8,0.0138,False,33,13,24,9,3,4,0,33,13,24,9,3,4,0,0,0,0,0,-1
layered_L1_linear,layered,level1_linear,FullAncillaAllocation,2026-08-29T17:11:16.588374,9,0.0212,False,33,13,24,9,3,4,0,33,13,24,9,3,4,0,0,0,0,0,-1
layered_L1_linear,layered,level1_linear,EnlargeWithAncilla,2026-08-29T17:11:16.588443,10,0.0119,False,33,13,24,9,3,4,0,33,13,24,9,3,4,0,0,0,0,0,-1
layered_L1_linear,layered,level1_linear,ApplyLayout,2026-08-29T17:11:16.588583,11,0.0744,False,33,13,24,9,3,4,0,33,13,24,9,3,4,0,0,0,0,0,-1
layered_L1_linear,layered,level1_linear,CheckMap,2026-08-29T17:11:16.588656,12,0.0091,False,33,13,24,9,3,4,0,33,13,24,9,3,4,0,0,0,0,0,-1
layered_L1_linear,layered,level1_linear,FilterOpNodes,2026-08-29T17:11:16.588749,13,0.0286,False,33,13,24,9,3,4,0,33,13,24,9,3,4,0,0,0,0,0,-1
layered_L1_linear,layered,level1_linear,UnitarySynthesis,2026-08-29T17:11:16.588812,14,0.0067,False,33,13,24,9,3,4,0,33,13,24,9,3,4,0,0,0,0,0,-1
layered_L1_linear,layered,level1_linear,HighLevelSynthesis,2026-08-29T17:11:16.588881,15,0.01,False,33,13,24,9,3,4,0,33,13,24,9,3,4,0,0,0,0,0,-1
layered_L1_linear,layered,level1_linear,BasisTranslator,2026-08-29T17:11:16.589300,16,0.3583,True,33,13,24,9,3,4,0,33,13,24,9,2,4,0,0,0,0,0,-1
layered_L1_linear,layered,level1_linear,CheckGateDirection,2026-08-29T17:11:16.589376,17,0.0093,False,33,13,24,9,2,4,0,33,13,24,9,2,4,0,0,0,0,0,-1
layered_L1_linear,layered,level1_linear,Size,2026-08-29T17:11:16.589434,18,0.0052,False,33,13,24,9,2,4,0,33,13,24,9,2,4,0,0,0,0,0,-1
layered_L1_linear,layered,level1_linear,Depth,2026-08-29T17:11:16.589491,19,0.0055,False,33,13,24,9,2,4,0,33,13,24,9,2,4,0,0,0,0,0,-1
layered_L1_linear,layered,level1_linear,FixedPoint,2026-08-29T17:11:16.589558,20,0.0107,False,33,13,24,9,2,4,0,33,13,24,9,2,4,0,0,0,0,0,-1
layered_L1_linear,layered,level1_linear,FixedPoint,2026-08-29T17:11:16.589610,21,0.0052,False,33,13,24,9,2,4,0,33,13,24,9,2,4,0,0,0,0,0,-1
layered_L1_linear,layered,level1_linear,Optimize1qGatesDecomposition,2026-08-29T17:11:16.589808,22,0.1316,True,33,13,24,9,2,4,0,21,10,12,9,2,4,0,-12,-3,-12,0,-1
layered_L1_linear,layered,level1_linear,InverseCancellation,2026-08-29T17:11:16.589891,23,0.016,False,21,10,12,9,2,4,0,21,10,12,9,2,4,0,0,0,0,0,-1
layered_L1_linear,layered,level1_linear,ContractIdleWiresInControlFlow,2026-08-29T17:11:16.589939,24,0.0048,False,21,10,12,9,2,4,0,21,10,12,9,2,4,0,0,0,0,0,-1
layered_L1_linear,layered,level1_linear,GatesInBasis,2026-08-29T17:11:16.589992,25,0.0064,False,21,10,12,9,2,4,0,21,10,12,9,2,4,0,0,0,0,0,-1
layered_L1_linear,layered,level1_linear,Size,2026-08-29T17:11:16.590053,26,0.0038,False,21,10,12,9,2,4,0,21,10,12,9,2,4,0,0,0,0,0,-1
layered_L1_linear,layered,level1_linear,Depth,2026-08-29T17:11:16.590095,27,0.0045,False,21,10,12,9,2,4,0,21,10,12,9,2,4,0,0,0,0,0,-1
layered_L1_linear,layered,level1_linear,FixedPoint,2026-08-29T17:11:16.590141,28,0.0067,False,21,10,12,9,2,4,0,21,10,12,9,2,4,0,0,0,0,0,-1
layered_L1_linear,layered,level1_linear,FixedPoint,2026-08-29T17:11:16.590183,29,0.0048,False,21,10,12,9,2,4,0,21,10,12,9,2,4,0,0,0,0,0,-1
layered_L1_linear,layered,level1_linear,Optimize1qGatesDecomposition,2026-08-29T17:11:16.590334,30,0.0887,False,21,10,12,9,2,4,0,21,10,12,9,2,4,0,0,0,0,0,-1
layered_L1_linear,layered,level1_linear,InverseCancellation,2026-08-29T17:11:16.590426,31,0.0086,False,21,10,12,9,2,4,0,21,10,12,9,2,4,0,0,0,0,0,-1
layered_L1_linear,layered,level1_linear,ContractIdleWiresInControlFlow,2026-08-29T17:11:16.590471,32,0.0033,False,21,10,12,9,2,4,0,21,10,12,9,2,4,0,0,0,0,0,-1
layered_L1_linear,layered,level1_linear,GatesInBasis,2026-08-29T17:11:16.590515,33,0.005,False,21,10,12,9,2,4,0,21,10,12,9,2,4,0,0,0,0,0,-1
layered_L1_linear,layered,level1_linear,Size,2026-08-29T17:11:16.590562,34,0.0036,False,21,10,12,9,2,4,0,21,10,12,9,2,4,0,0,0,0,0,-1
layered_L1_linear,layered,level1_linear,Depth,2026-08-29T17:11:16.590603,35,0.0038,False,21,10,12,9,2,4,0,21,10,12,9,2,4,0,0,0,0,0,-1
layered_L1_linear,layered,level1_linear,FixedPoint,2026-08-29T17:11:16.590671,36,0.0055,False,21,10,12,9,2,4,0,21,10,12,9,2,4,0,0,0,0,0,-1
layered_L1_linear,layered,level1_linear,FixedPoint,2026-08-29T17:11:16.590713,37,0.0043,False,21,10,12,9,2,4,0,21,10,12,9,2,4,0,0,0,0,0,-1
layered_L1_linear,layered,level1_linear,ContainsInstruction,2026-08-29T17:11:16.590760,38,0.0062,False,21,10,12,9,2,4,0,21,10,12,9,2,4,0,0,0,0,0,-1
layered_L1_ring,layered,level1_ring,ContainsInstruction,2026-08-29T17:11:16.596057,0,0.0174,False,33,13,24,9,3,4,0,33,13,24,9,3,4,0,0,0,0,0,58.79
layered_L1_ring,layered,level1_ring,UnitarySynthesis,2026-08-29T17:11:16.596167,1,0.0112,False,33,13,24,9,3,4,0,33,13,24,9,3,4,0,0,0,0,0,-1
layered_L1_ring,layered,level1_ring,HighLevelSynthesis,2026-08-29T17:11:16.596244,2,0.0093,False,33,13,24,9,3,4,0,33,13,24,9,3,4,0,0,0,0,0,-1
layered_L1_ring,layered,level1_ring,BasisTranslator,2026-08-29T17:11:16.596330,3,0.0296,False,33,13,24,9,3,4,0,33,13,24,9,3,4,0,0,0,0,0,-1
layered_L1_ring,layered,level1_ring,InverseCancellation,2026-08-29T17:11:16.596405,4,0.0167,False,33,13,24,9,3,4,0,33,13,24,9,3,4,0,0,0,0,0,-1
layered_L1_ring,layered,level1_ring,ContractIdleWiresInControlFlow,2026-08-29T17:11:16.596470,5,0.0048,False,33,13,24,9,3,4,0,33,13,24,9,3,4,0,0,0,0,0,-1
layered_L1_ring,layered,level1_ring,SetLayout,2026-08-29T17:11:16.596533,6,0.0067,False,33,13,24,9,3,4,0,33,13,24,9,3,4,0,0,0,0,0,-1
layered_L1_ring,layered,level1_ring,TrivialLayout,2026-08-29T17:11:16.596658,7,0.0613,False,33,13,24,9,3,4,0,33,13,24,9,3,4,0,0,0,0,0,-1
layered_L1_ring,layered,level1_ring,CheckMap,2026-08-29T17:11:16.596731,8,0.0145,False,33,13,24,9,3,4,0,33,13,24,9,3,4,0,0,0,0,0,-1
layered_L1_ring,layered,level1_ring,FullAncillaAllocation,2026-08-29T17:11:16.596828,9,0.026,False,33,13,24,9,3,4,0,33,13,24,9,3,4,0,0,0,0,0,-1
layered_L1_ring,layered,level1_ring,EnlargeWithAncilla,2026-08-29T17:11:16.596900,10,0.0107,False,33,13,24,9,3,4,0,33,13,24,9,3,4,0,0,0,0,0,-1
layered_L1_ring,layered,level1_ring,ApplyLayout,2026-08-29T17:11:16.597056,11,0.0761,False,33,13,24,9,3,4,0,33,13,24,9,3,4,0,0,0,0,0,-1
layered_L1_ring,layered,level1_ring,CheckMap,2026-08-29T17:11:16.597133,12,0.0086,False,33,13,24,9,3,4,0,33,13,24,9,3,4,0,0,0,0,0,-1
layered_L1_ring,layered,level1_ring,FilterOpNodes,2026-08-29T17:11:16.597239,13,0.0381,False,33,13,24,9,3,4,0,33,13,24,9,3,4,0,0,0,0,0,-1
layered_L1_ring,layered,level1_ring,UnitarySynthesis,2026-08-29T17:11:16.597303,14,0.006,False,33,13,24,9,3,4,0,33,13,24,9,3,4,0,0,0,0,0,-1
layered_L1_ring,layered,level1_ring,HighLevelSynthesis,2026-08-29T17:11:16.597371,15,0.0107,False,33,13,24,9,3,4,0,33,13,24,9,3,4,0,0,0,0,0,-1
layered_L1_ring,layered,level1_ring,BasisTranslator,2026-08-29T17:11:16.597792,16,0.3572,True,33,13,24,9,3,4,0,33,13,24,9,2,4,0,0,0,0,0,-1
layered_L1_ring,layered,level1_ring,CheckGateDirection,2026-08-29T17:11:16.597865,17,0.0098,False,33,13,24,9,2,4,0,33,13,24,9,2,4,0,0,0,0,0,-1
layered_L1_ring,layered,level1_ring,Size,2026-08-29T17:11:16.597927,18,0.0057,False,33,13,24,9,2,4,0,33,13,24,9,2,4,0,0,0,0,0,-1
layered_L1_ring,layered,level1_ring,Depth,2026-08-29T17:11:16.597986,19,0.006,False,33,13,24,9,2,4,0,33,13,24,9,2,4,0,0,0,0,0,-1
layered_L1_ring,layered,level1_ring,FixedPoint,2026-08-29T17:11:16.598059,20,0.0215,False,33,13,24,9,2,4,0,33,13,24,9,2,4,0,0,0,0,0,-1
layered_L1_ring,layered,level1_ring,FixedPoint,2026-08-29T17:11:16.598111,21,0.0041,False,33,13,24,9,2,4,0,33,13,24,9,2,4,0,0,0,0,0,-1
layered_L1_ring,layered,level1_ring,Optimize1qGatesDecomposition,2026-08-29T17:11:16.598467,22,0.2973,True,33,13,24,9,2,4,0,21,10,12,9,2,4,0,-12,-3,-12,0,-1
layered_L1_ring,layered,level1_ring,InverseCancellation,2026-08-29T17:11:16.598541,23,0.0148,False,21,10,12,9,2,4,0,21,10,12,9,2,4,0,0,0,0,0,-1
layered_L1_ring,layered,level1_ring,ContractIdleWiresInControlFlow,2026-08-29T17:11:16.598595,24,0.0052,False,21,10,12,9,2,4,0,21,10,12,9,2,4,0,0,0,0,0,-1
layered_L1_ring,layered,level1_ring,GatesInBasis,2026-08-29T17:11:16.598644,25,0.0074,False,21,10,12,9,2,4,0,21,10,12,9,2,4,0,0,0,0,0,-1
layered_L1_ring,layered,level1_ring,Size,2026-08-29T17:11:16.598700,26,0.0067,False,21,10,12,9,2,4,0,21,10,12,9,2,4,0,0,0,0,0,-1
layered_L1_ring,layered,level1_ring,Depth,2026-08-29T17:11:16.598744,27,0.0055,False,21,10,12,9,2,4,0,21,10,12,9,2,4,0,0,0,0,0,-1
layered_L1_ring,layered,level1_ring,FixedPoint,2026-08-29T17:11:16.598788,28,0.0067,False,21,10,12,9,2,4,0,21,10,12,9,2,4,0,0,0,0,0,-1
layered_L1_ring,layered,level1_ring,FixedPoint,2026-08-29T17:11:16.598839,29,0.0052,False,21,10,12,9,2,4,0,21,10,12,9,2,4,0,0,0,0,0,-1
layered_L1_ring,layered,level1_ring,Optimize1qGatesDecomposition,2026-08-29T17:11:16.598991,30,0.0896,False,21,10,12,9,2,4,0,21,10,12,9,2,4,0,0,0,0,0,-1
layered_L1_ring,layered,level1_ring,InverseCancellation,2026-08-29T17:11:16.599072,31,0.0088,False,21,10,12,9,2,4,0,21,10,12,9,2,4,0,0,0,0,0,-1
layered_L1_ring,layered,level1_ring,ContractIdleWiresInControlFlow,2026-08-29T17:11:16.599123,32,0.0033,False,21,10,12,9,2,4,0,21,10,12,9,2,4,0,0,0,0,0,-1
layered_L1_ring,layered,level1_ring,GatesInBasis,2026-08-29T17:11:16.599169,33,0.005,False,21,10,12,9,2,4,0,21,10,12,9,2,4,0,0,0,0,0,-1
layered_L1_ring,layered,level1_ring,Size,2026-08-29T17:11:16.599214,34,0.0033,False,21,10,12,9,2,4,0,21,10,12,9,2,4,0,0,0,0,0,-1
layered_L1_ring,layered,level1_ring,Depth,2026-08-29T17:11:16.599259,35,0.0043,False,21,10,12,9,2,4,0,21,10,12,9,2,4,0,0,0,0,0,-1
layered_L1_ring,layered,level1_ring,FixedPoint,2026-08-29T17:11:16.599316,36,0.0057,False,21,10,12,9,2,4,0,21,10,12,9,2,4,0,0,0,0,0,-1
layered_L1_ring,layered,level1_ring,FixedPoint,2026-08-29T17:11:16.599358,37,0.0045,False,21,10,12,9,2,4,0,21,10,12,9,2,4,0,0,0,0,0,-1
layered_L1_ring,layered,level1_ring,ContainsInstruction,2026-08-29T17:11:16.599405,38,0.006,False,21,10,12,9,2,4,0,21,10,12,9,2,4,0,0,0,0,0,-1
layered_L2_none,layered,level2_none,ContainsInstruction,2026-08-29T17:11:16.605520,0,0.0145,False,33,13,24,9,3,4,0,33,13,24,9,3,4,0,0,0,0,0,57.98
layered_L2_none,layered,level2_none,UnitarySynthesis,2026-08-29T17:11:16.605626,1,0.0083,False,33,13,24,9,3,4,0,33,13,24,9,3,4,0,0,0,0,0,-1
layered_L2_none,layered,level2_none,HighLevelSynthesis,2026-08-29T17:11:16.605695,2,0.0086,False,33,13,24,9,3,4,0,33,13,24,9,3,4,0,0,0,0,0,-1
layered_L2_none,layered,level2_none,BasisTranslator,2026-08-29T17:11:16.605770,3,0.0217,False,33,13,24,9,3,4,0,33,13,24,9,3,4,0,0,0,0,0,-1
layered_L2_none,layered,level2_none,ElidePermutations,2026-08-29T17:11:16.605837,4,0.0091,False,33,13,24,9,3,4,0,33,13,24,9,3,4,0,0,0,0,0,-1
layered_L2_none,layered,level2_none,RemoveDiagonalGatesBeforeMeasure,2026-08-29T17:11:16.605900,5,0.0076,False,33,13,24,9,3,4,0,33,13,24,9,3,4,0,0,0,0,0,-1
layered_L2_none,layered,level2_none,RemoveIdentityEquivalent,2026-08-29T17:11:16.605966,6,0.0114,False,33,13,24,9,3,4,0,33,13,24,9,3,4,0,0,0,0,0,-1
layered_L2_none,layered,level2_none,InverseCancellation,2026-08-29T17:11:16.606044,7,0.0141,False,33,13,24,9,3,4,0,33,13,24,9,3,4,0,0,0,0,0,-1
layered_L2_none,layered,level2_none,ContractIdleWiresInControlFlow,2026-08-29T17:11:16.606100,8,0.005,False,33,13,24,9,3,4,0,33,13,24,9,3,4,0,0,0,0,0,-1
layered_L2_none,layered,level2_none,CommutativeCancellation,2026-08-29T17:11:16.606437,9,0.2697,False,33,13,24,9,3,4,0,33,13,24,9,3,4,0,0,0,0,0,-1
layered_L2_none,layered,level2_none,ConsolidateBlocks,2026-08-29T17:11:16.606606,10,0.1054,False,33,13,24,9,3,4,0,33,13,24,9,3,4,0,0,0,0,0,-1
layered_L2_none,layered,level2_none,Split2QUnitaries,2026-08-29T17:11:16.606669,11,0.0057,False,33,13,24,9,3,4,0,33,13,24,9,3,4,0,0,0,0,0,-1
layered_L2_none,layered,level2_none,UnitarySynthesis,2026-08-29T17:11:16.606744,12,0.0062,False,33,13,24,9,3,4,0,33,13,24,9,3,4,0,0,0,0,0,-1
layered_L2_none,layered,level2_none,HighLevelSynthesis,2026-08-29T17:11:16.606806,13,0.0076,False,33,13,24,9,3,4,0,33,13,24,9,3,4,0,0,0,0,0,-1
layered_L2_none,layered,level2_none,BasisTranslator,2026-08-29T17:11:16.607242,14,0.3774,True,33,13,24,9,3,4,0,33,13,24,9,2,4,0,0,0,0,0,-1
layered_L2_none,layered,level2_none,TwoQubitPeepholeOptimization,2026-08-29T17:11:16.607514,15,0.1881,True,33,13,24,9,2,4,0,28,13,19,9,2,4,0,-5,0,-5,0,-1
layered_L2_none,layered,level2_none,Size,2026-08-29T17:11:16.607587,16,0.0076,False,28,13,19,9,2,4,0,28,13,19,9,2,4,0,0,0,0,0,-1
layered_L2_none,layered,level2_none,Depth,2026-08-29T17:11:16.607644,17,0.006,False,28,13,19,9,2,4,0,28,13,19,9,2,4,0,0,0,0,0,-1
layered_L2_none,layered,level2_none,FixedPoint,2026-08-29T17:11:16.607712,18,0.0143,False,28,13,19,9,2,4,0,28,13,19,9,2,4,0,0,0,0,0,-1
layered_L2_none,layered,level2_none,FixedPoint,2026-08-29T17:11:16.607761,19,0.0048,False,28,13,19,9,2,4,0,28,13,19,9,2,4,0,0,0,0,0,-1
layered_L2_none,layered,level2_none,RemoveIdentityEquivalent,2026-08-29T17:11:16.607830,20,0.0105,False,28,13,19,9,2,4,0,28,13,19,9,2,4,0,0,0,0,0,-1
layered_L2_none,layered,level2_none,Optimize1qGatesDecomposition,2026-08-29T17:11:16.607957,21,0.0648,True,28,13,19,9,2,4,0,23,12,14,9,2,4,0,-5,-1,-5,0,-1
layered_L2_none,layered,level2_none,CommutativeCancellation,2026-08-29T17:11:16.608086,22,0.0644,False,23,12,14,9,2,4,0,23,12,14,9,2,4,0,0,0,0,0,-1
layered_L2_none,layered,level2_none,ContractIdleWiresInControlFlow,2026-08-29T17:11:16.608146,23,0.0048,False,23,12,14,9,2,4,0,23,12,14,9,2,4,0,0,0,0,0,-1
layered_L2_none,layered,level2_none,GatesInBasis,2026-08-29T17:11:16.608196,24,0.0064,False,23,12,14,9,2,4,0,23,12,14,9,2,4,0,0,0,0,0,-1
layered_L2_none,layered,level2_none,Size,2026-08-29T17:11:16.608257,25,0.0033,False,23,12,14,9,2,4,0,23,12,14,9,2,4,0,0,0,0,0,-1
layered_L2_none,layered,level2_none,Depth,2026-08-29T17:11:16.608300,26,0.0045,False,23,12,14,9,2,4,0,23,12,14,9,2,4,0,0,0,0,0,-1
layered_L2_none,layered,level2_none,FixedPoint,2026-08-29T17:11:16.608347,27,0.0062,False,23,12,14,9,2,4,0,23,12,14,9,2,4,0,0,0,0,0,-1
layered_L2_none,layered,level2_none,FixedPoint,2026-08-29T17:11:16.608390,28,0.0045,False,23,12,14,9,2,4,0,23,12,14,9,2,4,0,0,0,0,0,-1
layered_L2_none,layered,level2_none,RemoveIdentityEquivalent,2026-08-29T17:11:16.608443,29,0.0076,False,23,12,14,9,2,4,0,23,12,14,9,2,4,0,0,0,0,0,-1
layered_L2_none,layered,level2_none,Optimize1qGatesDecomposition,2026-08-29T17:11:16.608563,30,0.0529,False,23,12,14,9,2,4,0,23,12,14,9,2,4,0,0,0,0,0,-1
layered_L2_none,layered,level2_none,CommutativeCancellation,2026-08-29T17:11:16.608664,31,0.046,False,23,12,14,9,2,4,0,23,12,14,9,2,4,0,0,0,0,0,-1
layered_L2_none,layered,level2_none,ContractIdleWiresInControlFlow,2026-08-29T17:11:16.608712,32,0.0038,False,23,12,14,9,2,4,0,23,12,14,9,2,4,0,0,0,0,0,-1
layered_L2_none,layered,level2_none,GatesInBasis,2026-08-29T17:11:16.608788,33,0.0348,False,23,12,14,9,2,4,0,23,12,14,9,2,4,0,0,0,0,0,-1
layered_L2_none,layered,level2_none,Size,2026-08-29T17:11:16.608837,34,0.0038,False,23,12,14,9,2,4,0,23,12,14,9,2,4,0,0,0,0,0,-1
layered_L2_none,layered,level2_none,Depth,2026-08-29T17:11:16.608880,35,0.0041,False,23,12,14,9,2,4,0,23,12,14,9,2,4,0,0,0,0,0,-1
layered_L2_none,layered,level2_none,FixedPoint,2026-08-29T17:11:16.608923,36,0.0062,False,23,12,14,9,2,4,0,23,12,14,9,2,4,0,0,0,0,0,-1
layered_L2_none,layered,level2_none,FixedPoint,2026-08-29T17:11:16.608964,37,0.0048,False,23,12,14,9,2,4,0,23,12,14,9,2,4,0,0,0,0,0,-1
layered_L2_none,layered,level2_none,ContainsInstruction,2026-08-29T17:11:16.609025,38,0.0064,False,23,12,14,9,2,4,0,23,12,14,9,2,4,0,0,0,0,0,-1
layered_L2_linear,layered,level2_linear,ContainsInstruction,2026-08-29T17:11:16.615630,0,0.0134,False,33,13,24,9,3,4,0,33,13,24,9,3,4,0,0,0,0,0,68.8
layered_L2_linear,layered,level2_linear,UnitarySynthesis,2026-08-29T17:11:16.615739,1,0.0088,False,33,13,24,9,3,4,0,33,13,24,9,3,4,0,0,0,0,0,-1
layered_L2_linear,layered,level2_linear,HighLevelSynthesis,2026-08-29T17:11:16.615808,2,0.0081,False,33,13,24,9,3,4,0,33,13,24,9,3,4,0,0,0,0,0,-1
layered_L2_linear,layered,level2_linear,BasisTranslator,2026-08-29T17:11:16.615895,3,0.0262,False,33,13,24,9,3,4,0,33,13,24,9,3,4,0,0,0,0,0,-1
layered_L2_linear,layered,level2_linear,ElidePermutations,2026-08-29T17:11:16.615961,4,0.0086,False,33,13,24,9,3,4,0,33,13,24,9,3,4,0,0,0,0,0,-1
layered_L2_linear,layered,level2_linear,RemoveDiagonalGatesBeforeMeasure,2026-08-29T17:11:16.616033,5,0.0076,False,33,13,24,9,3,4,0,33,13,24,9,3,4,0,0,0,0,0,-1
layered_L2_linear,layered,level2_linear,RemoveIdentityEquivalent,2026-08-29T17:11:16.616096,6,0.0131,False,33,13,24,9,3,4,0,33,13,24,9,3,4,0,0,0,0,0,-1
layered_L2_linear,layered,level2_linear,InverseCancellation,2026-08-29T17:11:16.616168,7,0.0143,False,33,13,24,9,3,4,0,33,13,24,9,3,4,0,0,0,0,0,-1
layered_L2_linear,layered,level2_linear,ContractIdleWiresInControlFlow,2026-08-29T17:11:16.616229,8,0.005,False,33,13,24,9,3,4,0,33,13,24,9,3,4,0,0,0,0,0,-1
layered_L2_linear,layered,level2_linear,CommutativeCancellation,2026-08-29T17:11:16.616406,9,0.1063,False,33,13,24,9,3,4,0,33,13,24,9,3,4,0,0,0,0,0,-1
layered_L2_linear,layered,level2_linear,ConsolidateBlocks,2026-08-29T17:11:16.616574,10,0.103,False,33,13,24,9,3,4,0,33,13,24,9,3,4,0,0,0,0,0,-1
layered_L2_linear,layered,level2_linear,Split2QUnitaries,2026-08-29T17:11:16.616642,11,0.0052,False,33,13,24,9,3,4,0,33,13,24,9,3,4,0,0,0,0,0,-1
layered_L2_linear,layered,level2_linear,SetLayout,2026-08-29T17:11:16.616704,12,0.0062,False,33,13,24,9,3,4,0,33,13,24,9,3,4,0,0,0,0,0,-1
layered_L2_linear,layered,level2_linear,VF2Layout,2026-08-29T17:11:16.616891,13,0.1271,False,33,13,24,9,3,4,0,33,13,24,9,3,4,0,0,0,0,0,-1
layered_L2_linear,layered,level2_linear,FullAncillaAllocation,2026-08-29T17:11:16.616987,14,0.0193,False,33,13,24,9,3,4,0,33,13,24,9,3,4,0,0,0,0,0,-1
layered_L2_linear,layered,level2_linear,EnlargeWithAncilla,2026-08-29T17:11:16.617072,15,0.0246,False,33,13,24,9,3,4,0,33,13,24,9,3,4,0,0,0,0,0,-1
layered_L2_linear,layered,level2_linear,ApplyLayout,2026-08-29T17:11:16.617213,16,0.0732,False,33,13,24,9,3,4,0,33,13,24,9,3,4,0,0,0,0,0,-1
layered_L2_linear,layered,level2_linear,CheckMap,2026-08-29T17:11:16.617284,17,0.0124,False,33,13,24,9,3,4,0,33,13,24,9,3,4,0,0,0,0,0,-1
layered_L2_linear,layered,level2_linear,FilterOpNodes,2026-08-29T17:11:16.617387,18,0.0381,False,33,13,24,9,3,4,0,33,13,24,9,3,4,0,0,0,0,0,-1
layered_L2_linear,layered,level2_linear,UnitarySynthesis,2026-08-29T17:11:16.617465,19,0.0064,False,33,13,24,9,3,4,0,33,13,24,9,3,4,0,0,0,0,0,-1
layered_L2_linear,layered,level2_linear,HighLevelSynthesis,2026-08-29T17:11:16.617531,20,0.01,False,33,13,24,9,3,4,0,33,13,24,9,3,4,0,0,0,0,0,-1
layered_L2_linear,layered,level2_linear,BasisTranslator,2026-08-29T17:11:16.617906,21,0.3107,True,33,13,24,9,3,4,0,33,13,24,9,2,4,0,0,0,0,0,-1
layered_L2_linear,layered,level2_linear,CheckGateDirection,2026-08-29T17:11:16.617979,22,0.0105,False,33,13,24,9,2,4,0,33,13,24,9,2,4,0,0,0,0,0,-1
layered_L2_linear,layered,level2_linear,TwoQubitPeepholeOptimization,2026-08-29T17:11:16.618235,23,0.1924,True,33,13,24,9,2,4,0,28,13,19,9,2,4,0,-5,0,-5,0,-1
layered_L2_linear,layered,level2_linear,Size,2026-08-29T17:11:16.618319,24,0.0074,False,28,13,19,9,2,4,0,28,13,19,9,2,4,0,0,0,0,0,-1
layered_L2_linear,layered,level2_linear,Depth,2026-08-29T17:11:16.618377,25,0.0069,False,28,13,19,9,2,4,0,28,13,19,9,2,4,0,0,0,0,0,-1
layered_L2_linear,layered,level2_linear,FixedPoint,2026-08-29T17:11:16.618436,26,0.0141,False,28,13,19,9,2,4,0,28,13,19,9,2,4,0,0,0,0,0,-1
layered_L2_linear,layered,level2_linear,FixedPoint,2026-08-29T17:11:16.618493,27,0.006,False,28,13,19,9,2,4,0,28,13,19,9,2,4,0,0,0,0,0,-1
layered_L2_linear,layered,level2_linear,RemoveIdentityEquivalent,2026-08-29T17:11:16.618563,28,0.011,False,28,13,19,9,2,4,0,28,13,19,9,2,4,0,0,0,0,0,-1
layered_L2_linear,layered,level2_linear,Optimize1qGatesDecomposition,2026-08-29T17:11:16.618718,29,0.0916,True,28,13,19,9,2,4,0,23,12,14,9,2,4,0,-5,-1,-5,0,-1
layered_L2_linear,layered,level2_linear,CommutativeCancellation,2026-08-29T17:11:16.618863,30,0.0641,False,23,12,14,9,2,4,0,23,12,14,9,2,4,0,0,0,0,0,-1
layered_L2_linear,layered,level2_linear,ContractIdleWiresInControlFlow,2026-08-29T17:11:16.618926,31,0.0052,False,23,12,14,9,2,4,0,23,12,14,9,2,4,0,0,0,0,0,-1
layered_L2_linear,layered,level2_linear,GatesInBasis,2026-08-29T17:11:16.618987,32,0.0086,False,23,12,14,9,2,4,0,23,12,14,9,2,4,0,0,0,0,0,-1
layered_L2_linear,layered,level2_linear,Size,2026-08-29T17:11:16.619054,33,0.0045,False,23,12,14,9,2,4,0,23,12,14,9,2,4,0,0,0,0,0,-1
layered_L2_linear,layered,level2_linear,Depth,2026-08-29T17:11:16.619108,34,0.0048,False,23,12,14,9,2,4,0,23,12,14,9,2,4,0,0,0,0,0,-1
layered_L2_linear,layered,level2_linear,FixedPoint,2026-08-29T17:11:16.619153,35,0.0067,False,23,12,14,9,2,4,0,23,12,14,9,2,4,0,0,0,0,0,-1
layered_L2_linear,layered,level2_linear,FixedPoint,2026-08-29T17:11:16.619196,36,0.005,False,23,12,14,9,2,4,0,23,12,14,9,2,4,0,0,0,0,0,-1
layered_L2_linear,layered,level2_linear,RemoveIdentityEquivalent,2026-08-29T17:11:16.619258,37,0.0076,False,23,12,14,9,2,4,0,23,12,14,9,2,4,0,0,0,0,0,-1
layered_L2_linear,layered,level2_linear,Optimize1qGatesDecomposition,2026-08-29T17:11:16.619363,38,0.0441,False,23,12,14,9,2,4,0,23,12,14,9,2,4,0,0,0,0,0,-1
layered_L2_linear,layered,level2_linear,CommutativeCancellation,2026-08-29T17:11:16.619457,39,0.037,False,23,12,14,9,2,4,0,23,12,14,9,2,4,0,0,0,0,0,-1
layered_L2_linear,layered,level2_linear,ContractIdleWiresInControlFlow,2026-08-29T17:11:16.619506,40,0.0038,False,23,12,14,9,2,4,0,23,12,14,9,2,4,0,0,0,0,0,-1
layered_L2_linear,layered,level2_linear,GatesInBasis,2026-08-29T17:11:16.619557,41,0.0052,False,23,12,14,9,2,4,0,23,12,14,9,2,4,0,0,0,0,0,-1
layered_L2_linear,layered,level2_linear,Size,2026-08-29T17:11:16.619603,42,0.0033,False,23,12,14,9,2,4,0,23,12,14,9,2,4,0,0,0,0,0,-1
layered_L2_linear,layered,level2_linear,Depth,2026-08-29T17:11:16.619646,43,0.0048,False,23,12,14,9,2,4,0,23,12,14,9,2,4,0,0,0,0,0,-1
layered_L2_linear,layered,level2_linear,FixedPoint,2026-08-29T17:11:16.619693,44,0.0057,False,23,12,14,9,2,4,0,23,12,14,9,2,4,0,0,0,0,0,-1
layered_L2_linear,layered,level2_linear,FixedPoint,2026-08-29T17:11:16.619736,45,0.0043,False,23,12,14,9,2,4,0,23,12,14,9,2,4,0,0,0,0,0,-1
layered_L2_linear,layered,level2_linear,ContainsInstruction,2026-08-29T17:11:16.619785,46,0.0072,False,23,12,14,9,2,4,0,23,12,14,9,2,4,0,0,0,0,0,-1
layered_L2_ring,layered,level2_ring,ContainsInstruction,2026-08-29T17:11:16.626536,0,0.0148,False,33,13,24,9,3,4,0,33,13,24,9,3,4,0,0,0,0,0,88.8
layered_L2_ring,layered,level2_ring,UnitarySynthesis,2026-08-29T17:11:16.626644,1,0.01,False,33,13,24,9,3,4,0,33,13,24,9,3,4,0,0,0,0,0,-1
layered_L2_ring,layered,level2_ring,HighLevelSynthesis,2026-08-29T17:11:16.626715,2,0.0091,False,33,13,24,9,3,4,0,33,13,24,9,3,4,0,0,0,0,0,-1
layered_L2_ring,layered,level2_ring,BasisTranslator,2026-08-29T17:11:16.626803,3,0.0288,False,33,13,24,9,3,4,0,33,13,24,9,3,4,0,0,0,0,0,-1
layered_L2_ring,layered,level2_ring,ElidePermutations,2026-08-29T17:11:16.626870,4,0.0086,False,33,13,24,9,3,4,0,33,13,24,9,3,4,0,0,0,0,0,-1
layered_L2_ring,layered,level2_ring,RemoveDiagonalGatesBeforeMeasure,2026-08-29T17:11:16.626930,5,0.0079,False,33,13,24,9,3,4,0,33,13,24,9,3,4,0,0,0,0,0,-1
layered_L2_ring,layered,level2_ring,RemoveIdentityEquivalent,2026-08-29T17:11:16.626998,6,0.0134,False,33,13,24,9,3,4,0,33,13,24,9,3,4,0,0,0,0,0,-1
layered_L2_ring,layered,level2_ring,InverseCancellation,2026-08-29T17:11:16.627079,7,0.0141,False,33,13,24,9,3,4,0,33,13,24,9,3,4,0,0,0,0,0,-1
layered_L2_ring,layered,level2_ring,ContractIdleWiresInControlFlow,2026-08-29T17:11:16.627140,8,0.0048,False,33,13,24,9,3,4,0,33,13,24,9,3,4,0,0,0,0,0,-1
layered_L2_ring,layered,level2_ring,CommutativeCancellation,2026-08-29T17:11:16.627320,9,0.107,False,33,13,24,9,3,4,0,33,13,24,9,3,4,0,0,0,0,0,-1
layered_L2_ring,layered,level2_ring,ConsolidateBlocks,2026-08-29T17:11:16.627483,10,0.0999,False,33,13,24,9,3,4,0,33,13,24,9,3,4,0,0,0,0,0,-1
layered_L2_ring,layered,level2_ring,Split2QUnitaries,2026-08-29T17:11:16.627546,11,0.0057,False,33,13,24,9,3,4,0,33,13,24,9,3,4,0,0,0,0,0,-1
layered_L2_ring,layered,level2_ring,SetLayout,2026-08-29T17:11:16.627603,12,0.0057,False,33,13,24,9,3,4,0,33,13,24,9,3,4,0,0,0,0,0,-1
layered_L2_ring,layered,level2_ring,VF2Layout,2026-08-29T17:11:16.627803,13,0.1364,False,33,13,24,9,3,4,0,33,13,24,9,3,4,0,0,0,0,0,-1
layered_L2_ring,layered,level2_ring,FullAncillaAllocation,2026-08-29T17:11:16.627908,14,0.0188,False,33,13,24,9,3,4,0,33,13,24,9,3,4,0,0,0,0,0,-1
layered_L2_ring,layered,level2_ring,EnlargeWithAncilla,2026-08-29T17:11:16.627981,15,0.0119,False,33,13,24,9,3,4,0,33,13,24,9,3,4,0,0,0,0,0,-1
layered_L2_ring,layered,level2_ring,ApplyLayout,2026-08-29T17:11:16.628132,16,0.0873,False,33,13,24,9,3,4,0,33,13,24,9,3,4,0,0,0,0,0,-1
layered_L2_ring,layered,level2_ring,CheckMap,2026-08-29T17:11:16.628211,17,0.0136,False,33,13,24,9,3,4,0,33,13,24,9,3,4,0,0,0,0,0,-1
layered_L2_ring,layered,level2_ring,FilterOpNodes,2026-08-29T17:11:16.628306,18,0.0303,False,33,13,24,9,3,4,0,33,13,24,9,3,4,0,0,0,0,0,-1
layered_L2_ring,layered,level2_ring,UnitarySynthesis,2026-08-29T17:11:16.628370,19,0.0062,False,33,13,24,9,3,4,0,33,13,24,9,3,4,0,0,0,0,0,-1
layered_L2_ring,layered,level2_ring,HighLevelSynthesis,2026-08-29T17:11:16.628435,20,0.0095,False,33,13,24,9,3,4,0,33,13,24,9,3,4,0,0,0,0,0,-1
layered_L2_ring,layered,level2_ring,BasisTranslator,2026-08-29T17:11:16.628807,21,0.315,True,33,13,24,9,3,4,0,33,13,24,9,2,4,0,0,0,0,0,-1
layered_L2_ring,layered,level2_ring,CheckGateDirection,2026-08-29T17:11:16.628878,22,0.0088,False,33,13,24,9,2,4,0,33,13,24,9,2,4,0,0,0,0,0,-1
layered_L2_ring,layered,level2_ring,TwoQubitPeepholeOptimization,2026-08-29T17:11:16.629135,23,0.1748,True,33,13,24,9,2,4,0,28,13,19,9,2,4,0,-5,0,-5,0,-1
layered_L2_ring,layered,level2_ring,Size,2026-08-29T17:11:16.629215,24,0.0064,False,28,13,19,9,2,4,0,28,13,19,9,2,4,0,0,0,0,0,-1
layered_L2_ring,layered,level2_ring,Depth,2026-08-29T17:11:16.629268,25,0.0076,False,28,13,19,9,2,4,0,28,13,19,9,2,4,0,0,0,0,0,-1
layered_L2_ring,layered,level2_ring,FixedPoint,2026-08-29T17:11:16.629343,26,0.0143,False,28,13,19,9,2,4,0,28,13,19,9,2,4,0,0,0,0,0,-1
layered_L2_ring,layered,level2_ring,FixedPoint,2026-08-29T17:11:16.629391,27,0.0052,False,28,13,19,9,2,4,0,28,13,19,9,2,4,0,0,0,0,0,-1
layered_L2_ring,layered,level2_ring,RemoveIdentityEquivalent,2026-08-29T17:11:16.629456,28,0.0107,False,28,13,19,9,2,4,0,28,13,19,9,2,4,0,0,0,0,0,-1
layered_L2_ring,layered,level2_ring,Optimize1qGatesDecomposition,2026-08-29T17:11:16.629690,29,0.1702,True,28,13,19,9,2,4,0,23,12,14,9,2,4,0,-5,-1,-5,0,-1
layered_L2_ring,layered,level2_ring,CommutativeCancellation,2026-08-29T17:11:16.629824,30,0.0665,False,23,12,14,9,2,4,0,23,12,14,9,2,4,0,0,0,0,0,-1
layered_L2_ring,layered,level2_ring,ContractIdleWiresInControlFlow,2026-08-29T17:11:16.629888,31,0.0055,False,23,12,14,9,2,4,0,23,12,14,9,2,4,0,0,0,0,0,-1
layered_L2_ring,layered,level2_ring,GatesInBasis,2026-08-29T17:11:16.629940,32,0.0072,False,23,12,14,9,2,4,0,23,12,14,9,2,4,0,0,0,0,0,-1
layered_L2_ring,layered,level2_ring,Size,2026-08-29T17:11:16.630001,33,0.0043,False,23,12,14,9,2,4,0,23,12,14,9,2,4,0,0,0,0,0,-1
layered_L2_ring,layered,level2_ring,Depth,2026-08-29T17:11:16.630075,34,0.0045,False,23,12,14,9,2,4,0,23,12,14,9,2,4,0,0,0,0,0,-1
layered_L2_ring,layered,level2_ring,FixedPoint,2026-08-29T17:11:16.630122,35,0.0069,False,23,12,14,9,2,4,0,23,12,14,9,2,4,0,0,0,0,0,-1
layered_L2_ring,layered,level2_ring,FixedPoint,2026-08-29T17:11:16.630166,36,0.0045,False,23,12,14,9,2,4,0,23,12,14,9,2,4,0,0,0,0,0,-1
layered_L2_ring,layered,level2_ring,RemoveIdentityEquivalent,2026-08-29T17:11:16.630230,37,0.0091,False,23,12,14,9,2,4,0,23,12,14,9,2,4,0,0,0,0,0,-1
layered_L2_ring,layered,level2_ring,Optimize1qGatesDecomposition,2026-08-29T17:11:16.630332,38,0.0448,False,23,12,14,9,2,4,0,23,12,14,9,2,4,0,0,0,0,0,-1
layered_L2_ring,layered,level2_ring,CommutativeCancellation,2026-08-29T17:11:16.630427,39,0.0377,False,23,12,14,9,2,4,0,23,12,14,9,2,4,0,0,0,0,0,-1
layered_L2_ring,layered,level2_ring,ContractIdleWiresInControlFlow,2026-08-29T17:11:16.630476,40,0.0038,False,23,12,14,9,2,4,0,23,12,14,9,2,4,0,0,0,0,0,-1
layered_L2_ring,layered,level2_ring,GatesInBasis,2026-08-29T17:11:16.630522,41,0.0043,False,23,12,14,9,2,4,0,23,12,14,9,2,4,0,0,0,0,0,-1
layered_L2_ring,layered,level2_ring,Size,2026-08-29T17:11:16.630566,42,0.0033,False,23,12,14,9,2,4,0,23,12,14,9,2,4,0,0,0,0,0,-1
layered_L2_ring,layered,level2_ring,Depth,2026-08-29T17:11:16.630611,43,0.0038,False,23,12,14,9,2,4,0,23,12,14,9,2,4,0,0,0,0,0,-1
layered_L2_ring,layered,level2_ring,FixedPoint,2026-08-29T17:11:16.630654,44,0.0055,False,23,12,14,9,2,4,0,23,12,14,9,2,4,0,0,0,0,0,-1
layered_L2_ring,layered,level2_ring,FixedPoint,2026-08-29T17:11:16.630696,45,0.0048,False,23,12,14,9,2,4,0,23,12,14,9,2,4,0,0,0,0,0,-1
layered_L2_ring,layered,level2_ring,ContainsInstruction,2026-08-29T17:11:16.630755,46,0.0067,False,23,12,14,9,2,4,0,23,12,14,9,2,4,0,0,0,0,0,-1
layered_L3_none,layered,level3_none,ContainsInstruction,2026-08-29T17:11:16.636861,0,0.0155,False,33,13,24,9,3,4,0,33,13,24,9,3,4,0,0,0,0,0,56.65
layered_L3_none,layered,level3_none,UnitarySynthesis,2026-08-29T17:11:16.636967,1,0.0083,False,33,13,24,9,3,4,0,33,13,24,9,3,4,0,0,0,0,0,-1
layered_L3_none,layered,level3_none,HighLevelSynthesis,2026-08-29T17:11:16.637044,2,0.0079,False,33,13,24,9,3,4,0,33,13,24,9,3,4,0,0,0,0,0,-1
layered_L3_none,layered,level3_none,BasisTranslator,2026-08-29T17:11:16.637118,3,0.0205,False,33,13,24,9,3,4,0,33,13,24,9,3,4,0,0,0,0,0,-1
layered_L3_none,layered,level3_none,ElidePermutations,2026-08-29T17:11:16.637184,4,0.0079,False,33,13,24,9,3,4,0,33,13,24,9,3,4,0,0,0,0,0,-1
layered_L3_none,layered,level3_none,RemoveDiagonalGatesBeforeMeasure,2026-08-29T17:11:16.637248,5,0.0083,False,33,13,24,9,3,4,0,33,13,24,9,3,4,0,0,0,0,0,-1
layered_L3_none,layered,level3_none,RemoveIdentityEquivalent,2026-08-29T17:11:16.637315,6,0.0136,False,33,13,24,9,3,4,0,33,13,24,9,3,4,0,0,0,0,0,-1
layered_L3_none,layered,level3_none,InverseCancellation,2026-08-29T17:11:16.637384,7,0.0136,False,33,13,24,9,3,4,0,33,13,24,9,3,4,0,0,0,0,0,-1
layered_L3_none,layered,level3_none,ContractIdleWiresInControlFlow,2026-08-29T17:11:16.637440,8,0.005,False,33,13,24,9,3,4,0,33,13,24,9,3,4,0,0,0,0,0,-1
layered_L3_none,layered,level3_none,CommutativeCancellation,2026-08-29T17:11:16.637595,9,0.092,False,33,13,24,9,3,4,0,33,13,24,9,3,4,0,0,0,0,0,-1
layered_L3_none,layered,level3_none,ConsolidateBlocks,2026-08-29T17:11:16.637750,10,0.0973,False,33,13,24,9,3,4,0,33,13,24,9,3,4,0,0,0,0,0,-1
layered_L3_none,layered,level3_none,Split2QUnitaries,2026-08-29T17:11:16.637810,11,0.0055,False,33,13,24,9,3,4,0,33,13,24,9,3,4,0,0,0,0,0,-1
layered_L3_none,layered,level3_none,UnitarySynthesis,2026-08-29T17:11:16.637866,12,0.0057,False,33,13,24,9,3,4,0,33,13,24,9,3,4,0,0,0,0,0,-1
layered_L3_none,layered,level3_none,HighLevelSynthesis,2026-08-29T17:11:16.637925,13,0.0083,False,33,13,24,9,3,4,0,33,13,24,9,3,4,0,0,0,0,0,-1
layered_L3_none,layered,level3_none,BasisTranslator,2026-08-29T17:11:16.638343,14,0.3431,True,33,13,24,9,3,4,0,33,13,24,9,2,4,0,0,0,0,0,-1
layered_L3_none,layered,level3_none,Size,2026-08-29T17:11:16.638412,15,0.0067,False,33,13,24,9,2,4,0,33,13,24,9,2,4,0,0,0,0,0,-1
layered_L3_none,layered,level3_none,Depth,2026-08-29T17:11:16.638476,16,0.0062,False,33,13,24,9,2,4,0,33,13,24,9,2,4,0,0,0,0,0,-1
layered_L3_none,layered,level3_none,MinimumPoint,2026-08-29T17:11:16.638546,17,0.0155,False,33,13,24,9,2,4,0,33,13,24,9,2,4,0,0,0,0,0,-1
layered_L3_none,layered,level3_none,TwoQubitPeepholeOptimization,2026-08-29T17:11:16.638791,18,0.1678,True,33,13,24,9,2,4,0,28,13,19,9,2,4,0,-5,0,-5,0,-1
layered_L3_none,layered,level3_none,RemoveIdentityEquivalent,2026-08-29T17:11:16.638870,19,0.0117,False,28,13,19,9,2,4,0,28,13,19,9,2,4,0,0,0,0,0,-1
layered_L3_none,layered,level3_none,Optimize1qGatesDecomposition,2026-08-29T17:11:16.639042,20,0.0777,True,28,13,19,9,2,4,0,23,12,14,9,2,4,0,-5,-1,-5,0,-1
layered_L3_none,layered,level3_none,CommutativeCancellation,2026-08-29T17:11:16.639163,21,0.0558,False,23,12,14,9,2,4,0,23,12,14,9,2,4,0,0,0,0,0,-1
layered_L3_none,layered,level3_none,ContractIdleWiresInControlFlow,2026-08-29T17:11:16.639225,22,0.0048,False,23,12,14,9,2,4,0,23,12,14,9,2,4,0,0,0,0,0,-1
layered_L3_none,layered,level3_none,GatesInBasis,2026-08-29T17:11:16.639282,23,0.0083,False,23,12,14,9,2,4,0,23,12,14,9,2,4,0,0,0,0,0,-1
layered_L3_none,layered,level3_none,Size,2026-08-29T17:11:16.639334,24,0.0052,False,23,12,14,9,2,4,0,23,12,14,9,2,4,0,0,0,0,0,-1
layered_L3_none,layered,level3_none,Depth,2026-08-29T17:11:16.639377,25,0.0045,False,23,12,14,9,2,4,0,23,12,14,9,2,4,0,0,0,0,0,-1
layered_L3_none,layered,level3_none,MinimumPoint,2026-08-29T17:11:16.639463,26,0.0365,False,23,12,14,9,2,4,0,23,12,14,9,2,4,0,0,0,0,0,-1
layered_L3_none,layered,level3_none,TwoQubitPeepholeOptimization,2026-08-29T17:11:16.639625,27,0.0892,False,23,12,14,9,2,4,0,23,12,14,9,2,4,0,0,0,0,0,-1
layered_L3_none,layered,level3_none,RemoveIdentityEquivalent,2026-08-29T17:11:16.639695,28,0.0083,False,23,12,14,9,2,4,0,23,12,14,9,2,4,0,0,0,0,0,-1
layered_L3_none,layered,level3_none,Optimize1qGatesDecomposition,2026-08-29T17:11:16.639806,29,0.0486,False,23,12,14,9,2,4,0,23,12,14,9,2,4,0,0,0,0,0,-1
layered_L3_none,layered,level3_none,CommutativeCancellation,2026-08-29T17:11:16.639904,30,0.0427,False,23,12,14,9,2,4,0,23,12,14,9,2,4,0,0,0,0,0,-1
layered_L3_none,layered,level3_none,ContractIdleWiresInControlFlow,2026-08-29T17:11:16.639953,31,0.0033,False,23,12,14,9,2,4,0,23,12,14,9,2,4,0,0,0,0,0,-1
layered_L3_none,layered,level3_none,GatesInBasis,2026-08-29T17:11:16.640000,32,0.006,False,23,12,14,9,2,4,0,23,12,14,9,2,4,0,0,0,0,0,-1
layered_L3_none,layered,level3_none,Size,2026-08-29T17:11:16.640075,33,0.0043,False,23,12,14,9,2,4,0,23,12,14,9,2,4,0,0,0,0,0,-1
layered_L3_none,layered,level3_none,Depth,2026-08-29T17:11:16.640118,34,0.0038,False,23,12,14,9,2,4,0,23,12,14,9,2,4,0,0,0,0,0,-1
layered_L3_none,layered,level3_none,MinimumPoint,2026-08-29T17:11:16.640174,35,0.0064,False,23,12,14,9,2,4,0,23,12,14,9,2,4,0,0,0,0,0,-1
layered_L3_none,layered,level3_none,ContainsInstruction,2026-08-29T17:11:16.640232,36,0.0067,False,23,12,14,9,2,4,0,23,12,14,9,2,4,0,0,0,0,0,-1
layered_L3_linear,layered,level3_linear,ContainsInstruction,2026-08-29T17:11:16.647117,0,0.015,False,33,13,24,9,3,4,0,33,13,24,9,3,4,0,0,0,0,0,68.84
layered_L3_linear,layered,level3_linear,UnitarySynthesis,2026-08-29T17:11:16.647225,1,0.0095,False,33,13,24,9,3,4,0,33,13,24,9,3,4,0,0,0,0,0,-1
layered_L3_linear,layered,level3_linear,HighLevelSynthesis,2026-08-29T17:11:16.647296,2,0.0093,False,33,13,24,9,3,4,0,33,13,24,9,3,4,0,0,0,0,0,-1
layered_L3_linear,layered,level3_linear,BasisTranslator,2026-08-29T17:11:16.647382,3,0.0274,False,33,13,24,9,3,4,0,33,13,24,9,3,4,0,0,0,0,0,-1
layered_L3_linear,layered,level3_linear,ElidePermutations,2026-08-29T17:11:16.647444,4,0.0083,False,33,13,24,9,3,4,0,33,13,24,9,3,4,0,0,0,0,0,-1
layered_L3_linear,layered,level3_linear,RemoveDiagonalGatesBeforeMeasure,2026-08-29T17:11:16.647508,5,0.0076,False,33,13,24,9,3,4,0,33,13,24,9,3,4,0,0,0,0,0,-1
layered_L3_linear,layered,level3_linear,RemoveIdentityEquivalent,2026-08-29T17:11:16.647588,6,0.0136,False,33,13,24,9,3,4,0,33,13,24,9,3,4,0,0,0,0,0,-1
layered_L3_linear,layered,level3_linear,InverseCancellation,2026-08-29T17:11:16.647658,7,0.0138,False,33,13,24,9,3,4,0,33,13,24,9,3,4,0,0,0,0,0,-1
layered_L3_linear,layered,level3_linear,ContractIdleWiresInControlFlow,2026-08-29T17:11:16.647719,8,0.0048,False,33,13,24,9,3,4,0,33,13,24,9,3,4,0,0,0,0,0,-1
layered_L3_linear,layered,level3_linear,CommutativeCancellation,2026-08-29T17:11:16.647866,9,0.0806,False,33,13,24,9,3,4,0,33,13,24,9,3,4,0,0,0,0,0,-1
layered_L3_linear,layered,level3_linear,ConsolidateBlocks,2026-08-29T17:11:16.648055,10,0.1142,False,33,13,24,9,3,4,0,33,13,24,9,3,4,0,0,0,0,0,-1
layered_L3_linear,layered,level3_linear,Split2QUnitaries,2026-08-29T17:11:16.648117,11,0.0057,False,33,13,24,9,3,4,0,33,13,24,9,3,4,0,0,0,0,0,-1
layered_L3_linear,layered,level3_linear,SetLayout,2026-08-29T17:11:16.648180,12,0.0062,False,33,13,24,9,3,4,0,33,13,24,9,3,4,0,0,0,0,0,-1
layered_L3_linear,layered,level3_linear,VF2Layout,2026-08-29T17:11:16.648381,13,0.1409,False,33,13,24,9,3,4,0,33,13,24,9,3,4,0,0,0,0,0,-1
layered_L3_linear,layered,level3_linear,FullAncillaAllocation,2026-08-29T17:11:16.648472,14,0.0193,False,33,13,24,9,3,4,0,33,13,24,9,3,4,0,0,0,0,0,-1
layered_L3_linear,layered,level3_linear,EnlargeWithAncilla,2026-08-29T17:11:16.648546,15,0.0117,False,33,13,24,9,3,4,0,33,13,24,9,3,4,0,0,0,0,0,-1
layered_L3_linear,layered,level3_linear,ApplyLayout,2026-08-29T17:11:16.648686,16,0.0758,False,33,13,24,9,3,4,0,33,13,24,9,3,4,0,0,0,0,0,-1
layered_L3_linear,layered,level3_linear,CheckMap,2026-08-29T17:11:16.648758,17,0.0138,False,33,13,24,9,3,4,0,33,13,24,9,3,4,0,0,0,0,0,-1
layered_L3_linear,layered,level3_linear,FilterOpNodes,2026-08-29T17:11:16.648864,18,0.0381,False,33,13,24,9,3,4,0,33,13,24,9,3,4,0,0,0,0,0,-1
layered_L3_linear,layered,level3_linear,UnitarySynthesis,2026-08-29T17:11:16.648925,19,0.0064,False,33,13,24,9,3,4,0,33,13,24,9,3,4,0,0,0,0,0,-1
layered_L3_linear,layered,level3_linear,HighLevelSynthesis,2026-08-29T17:11:16.648991,20,0.0105,False,33,13,24,9,3,4,0,33,13,24,9,3,4,0,0,0,0,0,-1
layered_L3_linear,layered,level3_linear,BasisTranslator,2026-08-29T17:11:16.649384,21,0.3316,True,33,13,24,9,3,4,0,33,13,24,9,2,4,0,0,0,0,0,-1
layered_L3_linear,layered,level3_linear,CheckGateDirection,2026-08-29T17:11:16.649452,22,0.0095,False,33,13,24,9,2,4,0,33,13,24,9,2,4,0,0,0,0,0,-1
layered_L3_linear,layered,level3_linear,Size,2026-08-29T17:11:16.649518,23,0.0057,False,33,13,24,9,2,4,0,33,13,24,9,2,4,0,0,0,0,0,-1
layered_L3_linear,layered,level3_linear,Depth,2026-08-29T17:11:16.649576,24,0.0055,False,33,13,24,9,2,4,0,33,13,24,9,2,4,0,0,0,0,0,-1
layered_L3_linear,layered,level3_linear,MinimumPoint,2026-08-29T17:11:16.649647,25,0.016,False,33,13,24,9,2,4,0,33,13,24,9,2,4,0,0,0,0,0,-1
layered_L3_linear,layered,level3_linear,TwoQubitPeepholeOptimization,2026-08-29T17:11:16.649863,26,0.1416,True,33,13,24,9,2,4,0,28,13,19,9,2,4,0,-5,0,-5,0,-1
layered_L3_linear,layered,level3_linear,RemoveIdentityEquivalent,2026-08-29T17:11:16.649942,27,0.0107,False,28,13,19,9,2,4,0,28,13,19,9,2,4,0,0,0,0,0,-1
layered_L3_linear,layered,level3_linear,Optimize1qGatesDecomposition,2026-08-29T17:11:16.650111,28,0.1101,True,28,13,19,9,2,4,0,23,12,14,9,2,4,0,-5,-1,-5,0,-1
layered_L3_linear,layered,level3_linear,CommutativeCancellation,2026-08-29T17:11:16.650240,29,0.0644,False,23,12,14,9,2,4,0,23,12,14,9,2,4,0,0,0,0,0,-1
layered_L3_linear,layered,level3_linear,ContractIdleWiresInControlFlow,2026-08-29T17:11:16.650302,30,0.0048,False,23,12,14,9,2,4,0,23,12,14,9,2,4,0,0,0,0,0,-1
layered_L3_linear,layered,level3_linear,GatesInBasis,2026-08-29T17:11:16.650364,31,0.0081,False,23,12,14,9,2,4,0,23,12,14,9,2,4,0,0,0,0,0,-1
layered_L3_linear,layered,level3_linear,Size,2026-08-29T17:11:16.650423,32,0.005,False,23,12,14,9,2,4,0,23,12,14,9,2,4,0,0,0,0,0,-1
layered_L3_linear,layered,level3_linear,Depth,2026-08-29T17:11:16.650476,33,0.0052,False,23,12,14,9,2,4,0,23,12,14,9,2,4,0,0,0,0,0,-1
layered_L3_linear,layered,level3_linear,MinimumPoint,2026-08-29T17:11:16.650572,34,0.0384,False,23,12,14,9,2,4,0,23,12,14,9,2,4,0,0,0,0,0,-1
layered_L3_linear,layered,level3_linear,TwoQubitPeepholeOptimization,2026-08-29T17:11:16.650803,35,0.1347,False,23,12,14,9,2,4,0,23,12,14,9,2,4,0,0,0,0,0,-1
layered_L3_linear,layered,level3_linear,RemoveIdentityEquivalent,2026-08-29T17:11:16.650882,36,0.0091,False,23,12,14,9,2,4,0,23,12,14,9,2,4,0,0,0,0,0,-1
layered_L3_linear,layered,level3_linear,Optimize1qGatesDecomposition,2026-08-29T17:11:16.651019,37,0.0696,False,23,12,14,9,2,4,0,23,12,14,9,2,4,0,0,0,0,0,-1
layered_L3_linear,layered,level3_linear,CommutativeCancellation,2026-08-29T17:11:16.651137,38,0.0587,False,23,12,14,9,2,4,0,23,12,14,9,2,4,0,0,0,0,0,-1
layered_L3_linear,layered,level3_linear,ContractIdleWiresInControlFlow,2026-08-29T17:11:16.651199,39,0.0033,False,23,12,14,9,2,4,0,23,12,14,9,2,4,0,0,0,0,0,-1
layered_L3_linear,layered,level3_linear,GatesInBasis,2026-08-29T17:11:16.651255,40,0.0062,False,23,12,14,9,2,4,0,23,12,14,9,2,4,0,0,0,0,0,-1
layered_L3_linear,layered,level3_linear,Size,2026-08-29T17:11:16.651314,41,0.0043,False,23,12,14,9,2,4,0,23,12,14,9,2,4,0,0,0,0,0,-1
layered_L3_linear,layered,level3_linear,Depth,2026-08-29T17:11:16.651368,42,0.0043,False,23,12,14,9,2,4,0,23,12,14,9,2,4,0,0,0,0,0,-1
layered_L3_linear,layered,level3_linear,MinimumPoint,2026-08-29T17:11:16.651425,43,0.0086,False,23,12,14,9,2,4,0,23,12,14,9,2,4,0,0,0,0,0,-1
layered_L3_linear,layered,level3_linear,VF2PostLayout,2026-08-29T17:11:16.651542,44,0.0606,False,23,12,14,9,2,4,0,23,12,14,9,2,4,0,0,0,0,0,-1
layered_L3_linear,layered,level3_linear,ContainsInstruction,2026-08-29T17:11:16.651598,45,0.0064,False,23,12,14,9,2,4,0,23,12,14,9,2,4,0,0,0,0,0,-1
layered_L3_ring,layered,level3_ring,ContainsInstruction,2026-08-29T17:11:16.658562,0,0.0153,False,33,13,24,9,3,4,0,33,13,24,9,3,4,0,0,0,0,0,68.67
layered_L3_ring,layered,level3_ring,UnitarySynthesis,2026-08-29T17:11:16.658670,1,0.0107,False,33,13,24,9,3,4,0,33,13,24,9,3,4,0,0,0,0,0,-1
layered_L3_ring,layered,level3_ring,HighLevelSynthesis,2026-08-29T17:11:16.658767,2,0.01,False,33,13,24,9,3,4,0,33,13,24,9,3,4,0,0,0,0,0,-1
layered_L3_ring,layered,level3_ring,BasisTranslator,2026-08-29T17:11:16.658856,3,0.0291,False,33,13,24,9,3,4,0,33,13,24,9,3,4,0,0,0,0,0,-1
layered_L3_ring,layered,level3_ring,ElidePermutations,2026-08-29T17:11:16.658922,4,0.0098,False,33,13,24,9,3,4,0,33,13,24,9,3,4,0,0,0,0,0,-1
layered_L3_ring,layered,level3_ring,RemoveDiagonalGatesBeforeMeasure,2026-08-29T17:11:16.658984,5,0.0083,False,33,13,24,9,3,4,0,33,13,24,9,3,4,0,0,0,0,0,-1
layered_L3_ring,layered,level3_ring,RemoveIdentityEquivalent,2026-08-29T17:11:16.659065,6,0.0281,False,33,13,24,9,3,4,0,33,13,24,9,3,4,0,0,0,0,0,-1
layered_L3_ring,layered,level3_ring,InverseCancellation,2026-08-29T17:11:16.659141,7,0.0155,False,33,13,24,9,3,4,0,33,13,24,9,3,4,0,0,0,0,0,-1
layered_L3_ring,layered,level3_ring,ContractIdleWiresInControlFlow,2026-08-29T17:11:16.659204,8,0.0052,False,33,13,24,9,3,4,0,33,13,24,9,3,4,0,0,0,0,0,-1
layered_L3_ring,layered,level3_ring,CommutativeCancellation,2026-08-29T17:11:16.659386,9,0.1106,False,33,13,24,9,3,4,0,33,13,24,9,3,4,0,0,0,0,0,-1
layered_L3_ring,layered,level3_ring,ConsolidateBlocks,2026-08-29T17:11:16.659576,10,0.1199,False,33,13,24,9,3,4,0,33,13,24,9,3,4,0,0,0,0,0,-1
layered_L3_ring,layered,level3_ring,Split2QUnitaries,2026-08-29T17:11:16.659638,11,0.0067,False,33,13,24,9,3,4,0,33,13,24,9,3,4,0,0,0,0,0,-1
layered_L3_ring,layered,level3_ring,SetLayout,2026-08-29T17:11:16.659703,12,0.0062,False,33,13,24,9,3,4,0,33,13,24,9,3,4,0,0,0,0,0,-1
layered_L3_ring,layered,level3_ring,VF2Layout,2026-08-29T17:11:16.659912,13,0.1435,False,33,13,24,9,3,4,0,33,13,24,9,3,4,0,0,0,0,0,-1
layered_L3_ring,layered,level3_ring,FullAncillaAllocation,2026-08-29T17:11:16.660000,14,0.0191,False,33,13,24,9,3,4,0,33,13,24,9,3,4,0,0,0,0,0,-1
layered_L3_ring,layered,level3_ring,EnlargeWithAncilla,2026-08-29T17:11:16.660084,15,0.0122,False,33,13,24,9,3,4,0,33,13,24,9,3,4,0,0,0,0,0,-1
layered_L3_ring,layered,level3_ring,ApplyLayout,2026-08-29T17:11:16.660217,16,0.073,False,33,13,24,9,3,4,0,33,13,24,9,3,4,0,0,0,0,0,-1
layered_L3_ring,layered,level3_ring,CheckMap,2026-08-29T17:11:16.660299,17,0.0134,False,33,13,24,9,3,4,0,33,13,24,9,3,4,0,0,0,0,0,-1
layered_L3_ring,layered,level3_ring,FilterOpNodes,2026-08-29T17:11:16.660410,18,0.0381,False,33,13,24,9,3,4,0,33,13,24,9,3,4,0,0,0,0,0,-1
layered_L3_ring,layered,level3_ring,UnitarySynthesis,2026-08-29T17:11:16.660474,19,0.0079,False,33,13,24,9,3,4,0,33,13,24,9,3,4,0,0,0,0,0,-1
layered_L3_ring,layered,level3_ring,HighLevelSynthesis,2026-08-29T17:11:16.660540,20,0.0112,False,33,13,24,9,3,4,0,33,13,24,9,3,4,0,0,0,0,0,-1
layered_L3_ring,layered,level3_ring,BasisTranslator,2026-08-29T17:11:16.660960,21,0.3526,True,33,13,24,9,3,4,0,33,13,24,9,2,4,0,0,0,0,0,-1
layered_L3_ring,layered,level3_ring,CheckGateDirection,2026-08-29T17:11:16.661049,22,0.0124,False,33,13,24,9,2,4,0,33,13,24,9,2,4,0,0,0,0,0,-1
layered_L3_ring,layered,level3_ring,Size,2026-08-29T17:11:16.661114,23,0.0069,False,33,13,24,9,2,4,0,33,13,24,9,2,4,0,0,0,0,0,-1
layered_L3_ring,layered,level3_ring,Depth,2026-08-29T17:11:16.661178,24,0.006,False,33,13,24,9,2,4,0,33,13,24,9,2,4,0,0,0,0,0,-1
layered_L3_ring,layered,level3_ring,MinimumPoint,2026-08-29T17:11:16.661252,25,0.0181,False,33,13,24,9,2,4,0,33,13,24,9,2,4,0,0,0,0,0,-1
layered_L3_ring,layered,level3_ring,TwoQubitPeepholeOptimization,2026-08-29T17:11:16.661705,26,0.3502,True,33,13,24,9,2,4,0,28,13,19,9,2,4,0,-5,0,-5,0,-1
layered_L3_ring,layered,level3_ring,RemoveIdentityEquivalent,2026-08-29T17:11:16.661835,27,0.016,False,28,13,19,9,2,4,0,28,13,19,9,2,4,0,0,0,0,0,-1
layered_L3_ring,layered,level3_ring,Optimize1qGatesDecomposition,2026-08-29T17:11:16.662067,28,0.1199,True,28,13,19,9,2,4,0,23,12,14,9,2,4,0,-5,-1,-5,0,-1
layered_L3_ring,layered,level3_ring,CommutativeCancellation,2026-08-29T17:11:16.662244,29,0.0863,False,23,12,14,9,2,4,0,23,12,14,9,2,4,0,0,0,0,0,-1
layered_L3_ring,layered,level3_ring,ContractIdleWiresInControlFlow,2026-08-29T17:11:16.662335,30,0.0074,False,23,12,14,9,2,4,0,23,12,14,9,2,4,0,0,0,0,0,-1
layered_L3_ring,layered,level3_ring,GatesInBasis,2026-08-29T17:11:16.662425,31,0.0114,False,23,12,14,9,2,4,0,23,12,14,9,2,4,0,0,0,0,0,-1
layered_L3_ring,layered,level3_ring,Size,2026-08-29T17:11:16.662529,32,0.0091,False,23,12,14,9,2,4,0,23,12,14,9,2,4,0,0,0,0,0,-1
layered_L3_ring,layered,level3_ring,Depth,2026-08-29T17:11:16.662600,33,0.0072,False,23,12,14,9,2,4,0,23,12,14,9,2,4,0,0,0,0,0,-1
layered_L3_ring,layered,level3_ring,MinimumPoint,2026-08-29T17:11:16.662736,34,0.0565,False,23,12,14,9,2,4,0,23,12,14,9,2,4,0,0,0,0,0,-1
layered_L3_ring,layered,level3_ring,TwoQubitPeepholeOptimization,2026-08-29T17:11:16.662994,35,0.1619,False,23,12,14,9,2,4,0,23,12,14,9,2,4,0,0,0,0,0,-1
layered_L3_ring,layered,level3_ring,RemoveIdentityEquivalent,2026-08-29T17:11:16.663116,36,0.016,False,23,12,14,9,2,4,0,23,12,14,9,2,4,0,0,0,0,0,-1
layered_L3_ring,layered,level3_ring,Optimize1qGatesDecomposition,2026-08-29T17:11:16.663353,37,0.1521,False,23,12,14,9,2,4,0,23,12,14,9,2,4,0,0,0,0,0,-1
layered_L3_ring,layered,level3_ring,CommutativeCancellation,2026-08-29T17:11:16.663539,38,0.0887,False,23,12,14,9,2,4,0,23,12,14,9,2,4,0,0,0,0,0,-1
layered_L3_ring,layered,level3_ring,ContractIdleWiresInControlFlow,2026-08-29T17:11:16.663618,39,0.0074,False,23,12,14,9,2,4,0,23,12,14,9,2,4,0,0,0,0,0,-1
layered_L3_ring,layered,level3_ring,GatesInBasis,2026-08-29T17:11:16.663705,40,0.0105,False,23,12,14,9,2,4,0,23,12,14,9,2,4,0,0,0,0,0,-1
layered_L3_ring,layered,level3_ring,Size,2026-08-29T17:11:16.663800,41,0.0083,False,23,12,14,9,2,4,0,23,12,14,9,2,4,0,0,0,0,0,-1
layered_L3_ring,layered,level3_ring,Depth,2026-08-29T17:11:16.663873,42,0.0076,False,23,12,14,9,2,4,0,23,12,14,9,2,4,0,0,0,0,0,-1
layered_L3_ring,layered,level3_ring,MinimumPoint,2026-08-29T17:11:16.663929,43,0.011,False,23,12,14,9,2,4,0,23,12,14,9,2,4,0,0,0,0,0,-1
layered_L3_ring,layered,level3_ring,VF2PostLayout,2026-08-29T17:11:16.664081,44,0.0889,False,23,12,14,9,2,4,0,23,12,14,9,2,4,0,0,0,0,0,-1
layered_L3_ring,layered,level3_ring,ContainsInstruction,2026-08-29T17:11:16.664148,45,0.0079,False,23,12,14,9,2,4,0,23,12,14,9,2,4,0,0,0,0,0,-1
